customer_id,first_name,last_name,gender,date_of_birth,customer_segment,city,registration_date
1,Jennifer,Rivera,Female,1966-11-08,High Value,Miami,2025-02-20
2,Donald,Lee,Male,2004-03-14,High Value,Chicago,2023-11-12
3,Paul,Lee,Male,2003-12-04,Low Value,Austin,2024-08-21
4,Brian,Flores,Female,2005-04-08,Low Value,Chicago,2024-03-27
5,Brian,Rogers,Female,1978-11-27,Medium Value,Atlanta,2022-02-26
6,Justin,King,Male,1955-02-20,Medium Value,Austin,2023-10-05
7,Stephanie,Harris,Male,1969-01-23,High Value,Austin,2025-01-07
8,George,Parker,Male,1957-11-11,Medium Value,San Francisco,2022-09-13
9,Debra,Evans,Female,1973-07-23,Medium Value,Seattle,2023-01-28
10,Brandon,Hill,Male,1978-09-27,Medium Value,Chicago,2023-03-07
11,Dorothy,Cruz,Female,1981-11-07,Medium Value,Atlanta,2022-12-14
12,Barbara,Walker,Female,1996-05-08,High Value,Los Angeles,2022-04-05
13,Ryan,Turner,Male,1993-10-07,Low Value,Minneapolis,2024-10-09
14,Susan,Diaz,Male,1967-03-26,Medium Value,Minneapolis,2022-04-13
15,Ryan,Moore,Male,2004-08-22,Low Value,Atlanta,2025-05-04
16,Brandon,Cook,Female,1980-09-15,Low Value,Dallas,2024-08-30
17,Eric,Morales,Female,1993-04-09,High Value,Boston,2023-08-09
18,Sarah,Martin,Male,1967-07-23,Low Value,Dallas,2022-05-12
19,Sharon,Davis,Female,1966-07-13,Low Value,San Francisco,2022-02-10
20,Amy,Smith,Female,1975-05-25,Low Value,Austin,2024-05-08
21,Gary,Lewis,Male,1970-07-16,Medium Value,Chicago,2024-04-08
22,Samantha,Morgan,Male,1954-07-19,Low Value,San Francisco,2022-06-21
23,Lisa,Miller,Female,1969-07-11,Medium Value,Los Angeles,2023-11-23
24,Steven,Hernandez,Female,1983-01-24,High Value,Atlanta,2023-12-18
25,Patricia,Young,Male,1965-01-20,Medium Value,Dallas,2024-08-27
26,Dorothy,Allen,Male,2002-06-06,Low Value,San Francisco,2022-08-23
27,Susan,Brown,Female,1972-10-22,Medium Value,Austin,2023-02-11
28,Susan,Hill,Male,1996-10-26,Low Value,New York,2025-03-05
29,Gregory,Mitchell,Female,1957-09-21,High Value,Denver,2024-05-10
30,Katherine,Collins,Female,1998-03-14,Low Value,Dallas,2023-07-08
31,Dorothy,Parker,Female,2005-12-19,Medium Value,Seattle,2023-05-18
32,Ashley,Reyes,Female,1989-10-22,Medium Value,Austin,2024-10-09
33,Melissa,King,Male,1974-05-20,Low Value,Minneapolis,2025-02-12
34,Donald,Evans,Male,1984-09-25,Low Value,Los Angeles,2024-10-02
35,Mark,Phillips,Female,1997-04-10,Medium Value,Miami,2024-08-27
36,Melissa,Collins,Female,1970-05-09,High Value,Los Angeles,2023-01-30
37,Matthew,Ramirez,Male,2000-08-09,Medium Value,Minneapolis,2024-12-10
38,Donna,Robinson,Male,1976-03-10,Low Value,Chicago,2022-09-17
39,Carolyn,Taylor,Female,1993-08-04,Medium Value,Chicago,2024-08-19
40,Steven,Morris,Male,1960-02-13,High Value,Boston,2022-04-20
41,David,Young,Female,1960-09-25,Low Value,Austin,2025-06-20
42,Jeffrey,Hill,Female,1990-07-10,Low Value,San Francisco,2025-06-02
43,Benjamin,Ramirez,Male,1969-11-03,Medium Value,Dallas,2025-02-04
44,Frank,Stewart,Female,1971-01-08,Low Value,Seattle,2024-07-18
45,Benjamin,Sanchez,Female,1980-02-18,Low Value,Los Angeles,2023-06-29
46,Michelle,Torres,Male,1981-02-15,Medium Value,Minneapolis,2024-04-04
47,Jeffrey,Hernandez,Female,1991-01-14,Medium Value,Minneapolis,2023-05-28
48,Alexander,Wright,Male,1989-01-25,Medium Value,Dallas,2024-06-24
49,Katherine,Morales,Female,1958-08-12,Medium Value,Austin,2022-08-03
50,Andrew,Phillips,Female,2005-09-02,High Value,Boston,2023-06-01
51,Angela,Smith,Female,1995-09-15,High Value,Austin,2024-11-27
52,Michael,Clark,Female,1970-09-05,Medium Value,Seattle,2024-09-19
53,Christopher,Flores,Male,1988-01-18,High Value,Austin,2022-08-21
54,Kathleen,Nguyen,Male,1985-12-09,Low Value,Austin,2024-08-25
55,Matthew,Rogers,Female,2000-03-28,Medium Value,New York,2024-04-29
56,James,Torres,Female,1999-05-27,Medium Value,San Francisco,2024-09-29
57,Brian,Nelson,Female,1988-09-13,Low Value,Boston,2023-01-22
58,Sandra,Evans,Female,1955-06-24,Low Value,Boston,2024-02-20
59,Kathleen,Jones,Male,1961-09-19,Low Value,Denver,2024-06-20
60,Charles,Evans,Male,1994-03-03,Low Value,Boston,2023-06-27
61,Kevin,Morgan,Male,1977-06-21,Low Value,Minneapolis,2024-09-26
62,Donald,Torres,Male,1967-12-03,Low Value,Austin,2022-07-25
63,Jennifer,Adams,Male,2003-01-10,Medium Value,Denver,2022-10-26
64,Nancy,Thompson,Male,1958-10-28,Low Value,Austin,2023-05-09
65,Dorothy,Allen,Male,1982-05-22,Low Value,Chicago,2024-08-10
66,Elizabeth,Cruz,Male,1975-10-10,Low Value,Miami,2023-05-28
67,Amy,Wilson,Female,1968-07-19,Medium Value,Denver,2023-08-28
68,Emily,Johnson,Female,1989-11-25,Low Value,Minneapolis,2025-05-26
69,Sandra,Rivera,Female,1967-11-07,Medium Value,San Francisco,2022-10-08
70,Michelle,Cruz,Male,1955-10-12,High Value,Minneapolis,2023-08-28
71,Thomas,Cooper,Male,1976-09-17,Low Value,Seattle,2023-06-11
72,Amanda,Anderson,Female,1982-02-05,Low Value,Los Angeles,2024-03-24
73,Barbara,Gomez,Female,1953-05-18,Medium Value,New York,2023-06-21
74,Susan,Robinson,Female,1983-01-20,Medium Value,Atlanta,2025-06-03
75,Carolyn,Hill,Female,1994-07-04,High Value,Dallas,2022-03-18
76,Donald,Morgan,Male,1961-07-15,Low Value,Denver,2025-01-11
77,Sharon,Gonzalez,Male,2006-08-20,Low Value,Austin,2023-07-27
78,Jeffrey,Walker,Female,1976-02-22,Medium Value,Denver,2024-01-05
79,Ryan,Lopez,Male,1995-04-21,Medium Value,Miami,2022-02-13
80,Larry,Clark,Male,1957-09-07,Medium Value,San Francisco,2023-04-23
81,Emily,Jackson,Male,1961-09-09,High Value,Dallas,2022-02-22
82,Nicole,Adams,Male,1954-03-09,High Value,Chicago,2024-05-12
83,Cynthia,Campbell,Female,1985-10-04,Medium Value,Boston,2025-06-13
84,Ryan,Brown,Female,1956-08-28,Medium Value,Austin,2022-08-10
85,David,Adams,Male,1991-03-03,Medium Value,Dallas,2025-04-13
86,Ryan,Cook,Female,1991-07-04,High Value,Minneapolis,2025-02-03
87,Sandra,Evans,Female,1974-08-13,Low Value,Austin,2023-10-03
88,Karen,Stewart,Female,1957-02-27,High Value,New York,2022-07-17
89,Brenda,Davis,Male,1990-09-18,Low Value,Denver,2024-04-21
90,Michael,Torres,Female,1991-05-12,Medium Value,New York,2023-03-12
91,Brian,Mitchell,Male,1960-05-19,Low Value,Los Angeles,2025-02-22
92,Anna,Wright,Male,1954-03-09,Low Value,Minneapolis,2023-11-27
93,Larry,Phillips,Male,1957-03-24,Low Value,Miami,2022-07-07
94,Ryan,Baker,Female,1963-06-10,Medium Value,Minneapolis,2025-03-08
95,Christopher,Miller,Male,1996-02-09,Low Value,Boston,2024-09-21
96,Angela,Anderson,Male,1975-07-04,Low Value,Seattle,2025-04-29
97,Mark,Gomez,Male,1991-01-01,Medium Value,Los Angeles,2023-03-09
98,Carol,Thomas,Female,1953-08-24,High Value,Austin,2024-02-18
99,Elizabeth,Gomez,Female,2000-01-14,Medium Value,Chicago,2022-06-09
100,Katherine,Turner,Female,1971-02-13,Low Value,Chicago,2022-12-18
101,Barbara,Parker,Female,1959-04-14,Medium Value,San Francisco,2022-06-11
102,Mark,Nelson,Female,2002-03-03,Low Value,Atlanta,2024-12-22
103,Brian,Jackson,Female,1968-02-05,Medium Value,Seattle,2025-05-18
104,Daniel,Murphy,Male,1982-10-25,Medium Value,San Francisco,2025-03-02
105,Benjamin,Green,Female,1962-08-03,Medium Value,Boston,2023-09-13
106,Nicholas,Martinez,Female,1972-08-15,High Value,Chicago,2023-08-11
107,Brandon,Cook,Male,1977-08-19,Low Value,Atlanta,2022-03-26
108,Carol,Stewart,Male,1985-03-02,High Value,Boston,2023-12-05
109,Jennifer,Young,Male,1998-08-15,Medium Value,Atlanta,2022-11-22
110,Edward,Baker,Female,1996-10-02,Low Value,Miami,2022-05-15
111,Andrew,Allen,Female,1999-11-20,Medium Value,Dallas,2025-04-08
112,Christine,Gomez,Female,1961-10-23,Medium Value,New York,2024-02-11
113,Debra,Ortiz,Male,1958-11-22,Medium Value,Austin,2022-02-07
114,Amanda,Morales,Male,1965-04-05,High Value,Dallas,2022-07-27
115,Gregory,Baker,Male,2002-10-05,Medium Value,San Francisco,2022-11-29
116,Jeffrey,Garcia,Male,1979-06-22,Medium Value,Minneapolis,2024-06-28
117,Sandra,Morgan,Female,1968-05-26,Low Value,Boston,2023-02-02
118,Dorothy,Torres,Female,2002-07-17,Medium Value,Atlanta,2022-11-28
119,Steven,Miller,Male,1994-08-28,Medium Value,Denver,2022-07-30
120,Andrew,Hernandez,Male,2001-03-09,Low Value,Boston,2022-10-29
121,Cynthia,Hall,Male,1954-07-02,Medium Value,Austin,2023-04-28
122,Patricia,Green,Male,1959-12-21,Low Value,Denver,2022-10-09
123,Carolyn,Moore,Female,2001-12-16,Low Value,Boston,2022-06-12
124,Stephen,Ortiz,Male,1980-02-25,Medium Value,Seattle,2022-09-07
125,William,Anderson,Female,2006-08-20,High Value,Atlanta,2024-11-21
126,Jason,Smith,Female,1992-06-08,Medium Value,San Francisco,2022-06-25
127,Stephanie,Stewart,Male,1955-11-13,Medium Value,Denver,2022-02-03
128,Gregory,Wilson,Male,2002-10-24,High Value,Denver,2023-12-23
129,Rachel,Reyes,Male,1997-08-21,Low Value,Dallas,2022-05-10
130,Donna,Sanchez,Male,1955-04-02,Low Value,Denver,2024-11-21
131,Steven,Jones,Female,2001-11-07,Medium Value,Seattle,2022-04-08
132,Deborah,Parker,Male,1978-12-15,Medium Value,Austin,2023-01-18
133,David,Diaz,Female,1958-07-20,Medium Value,Dallas,2023-10-20
134,Michelle,Edwards,Female,1991-12-14,Low Value,Dallas,2023-12-21
135,Brandon,Parker,Female,1970-11-26,High Value,Chicago,2024-04-11
136,Patricia,Jackson,Male,1991-11-26,High Value,Boston,2022-05-18
137,Stephanie,Jones,Female,1991-03-22,Low Value,Boston,2024-02-01
138,Shirley,Campbell,Male,1978-06-21,Medium Value,Seattle,2022-08-21
139,Brenda,Thomas,Female,1969-05-23,Medium Value,Boston,2025-06-07
140,Betty,Thomas,Female,1961-02-15,Low Value,Dallas,2024-06-30
141,Debra,Hall,Female,1998-02-18,Medium Value,Atlanta,2023-09-07
142,George,Rogers,Male,1967-02-07,Medium Value,Dallas,2024-10-08
143,Dorothy,Taylor,Female,1992-02-03,Medium Value,Seattle,2024-09-07
144,Thomas,Green,Male,1994-02-15,Low Value,Boston,2023-12-07
145,Thomas,Parker,Male,1985-01-27,Medium Value,New York,2023-09-15
146,Brian,Gutierrez,Male,1971-02-09,Low Value,Los Angeles,2025-02-02
147,Nicholas,Perez,Male,1990-10-05,Low Value,Dallas,2025-05-24
148,Patricia,Hernandez,Male,1955-11-25,Medium Value,San Francisco,2023-03-08
149,Kathleen,Cooper,Male,1971-11-10,Medium Value,Boston,2024-04-11
150,Christopher,Cruz,Male,1979-08-15,Medium Value,Los Angeles,2022-10-22
151,Rebecca,Taylor,Female,2001-06-17,High Value,Atlanta,2023-05-11
152,Charles,Gonzalez,Male,1956-05-13,Medium Value,San Francisco,2022-11-24
153,Matthew,Lee,Female,1984-09-15,Low Value,Boston,2024-10-15
154,Donald,Ramirez,Female,1990-06-02,Medium Value,Chicago,2025-05-08
155,Andrew,Morgan,Female,1953-02-14,Low Value,Dallas,2024-01-20
156,Michael,Harris,Female,1976-09-10,Medium Value,New York,2024-07-11
157,Thomas,Gonzalez,Male,1978-06-26,Medium Value,Denver,2024-01-19
158,Nicholas,Garcia,Female,1955-01-05,Medium Value,Minneapolis,2024-08-28
159,Carol,Green,Male,1963-07-20,Low Value,Minneapolis,2025-04-30
160,Larry,Hill,Female,1983-01-12,Low Value,Denver,2024-05-03
161,Scott,Stewart,Male,1969-11-26,Medium Value,San Francisco,2022-04-16
162,Charles,Young,Female,1955-10-23,Medium Value,New York,2024-06-22
163,Edward,Cook,Male,2002-10-16,Low Value,Minneapolis,2022-10-10
164,Shirley,Carter,Female,1973-03-15,Medium Value,Atlanta,2023-12-27
165,Brandon,Morris,Female,1965-04-09,Medium Value,Atlanta,2023-09-02
166,Kenneth,Morris,Female,1975-09-26,Medium Value,Minneapolis,2022-09-07
167,Brian,Jackson,Female,1971-01-10,High Value,Minneapolis,2024-06-24
168,Betty,Morgan,Male,1970-09-23,High Value,Seattle,2025-06-14
169,Debra,Ortiz,Male,1967-11-08,High Value,Chicago,2023-11-08
170,James,Lee,Male,1979-11-16,Low Value,Boston,2023-08-12
171,Christine,Robinson,Male,1987-12-24,Low Value,Chicago,2022-12-25
172,Ronald,Murphy,Male,1964-12-28,Low Value,Seattle,2022-01-19
173,Andrew,Collins,Female,1994-09-17,Low Value,Boston,2022-10-02
174,Joseph,Nelson,Male,1963-12-15,Medium Value,Miami,2023-01-17
175,Larry,Harris,Female,1964-10-28,Low Value,Miami,2024-05-25
176,Lisa,Moore,Male,1983-06-08,Medium Value,Chicago,2023-04-28
177,Joshua,Johnson,Female,1969-11-12,Medium Value,Minneapolis,2022-08-31
178,Frank,Thomas,Female,1993-05-12,Medium Value,San Francisco,2022-10-01
179,Sharon,Stewart,Female,2001-09-26,Low Value,Miami,2023-05-22
180,Shirley,Edwards,Male,1986-12-12,Low Value,New York,2022-08-18
181,Pamela,Morgan,Male,1962-03-11,Medium Value,Atlanta,2023-02-25
182,Linda,Collins,Female,1961-09-14,Medium Value,Boston,2025-02-18
183,Ronald,Allen,Male,2005-01-24,Medium Value,Los Angeles,2022-04-03
184,William,Stewart,Male,1955-05-14,Low Value,Dallas,2024-05-10
185,Timothy,Carter,Female,1958-11-22,High Value,Atlanta,2023-12-14
186,Shirley,Taylor,Female,1999-04-27,Low Value,Chicago,2023-09-04
187,Jonathan,Carter,Female,2005-04-08,Medium Value,Boston,2023-07-19
188,Robert,Turner,Male,1992-01-08,High Value,Los Angeles,2025-05-01
189,Ashley,Garcia,Male,1978-08-08,Medium Value,Atlanta,2022-04-26
190,Pamela,Green,Male,1989-10-25,Low Value,Miami,2023-05-01
191,Edward,Hill,Male,1970-01-18,Low Value,San Francisco,2022-12-25
192,Michael,Hall,Female,1994-11-13,Medium Value,Atlanta,2024-05-02
193,Jonathan,Stewart,Male,1968-04-10,High Value,Minneapolis,2024-08-06
194,Brenda,Ortiz,Female,1961-07-08,Medium Value,Seattle,2022-06-11
195,Jonathan,Harris,Male,1956-05-13,Low Value,Miami,2022-03-22
196,Amy,Clark,Male,1974-05-01,Low Value,Los Angeles,2022-08-29
197,Carolyn,Clark,Male,1978-04-18,Low Value,Denver,2024-02-19
198,Kimberly,Campbell,Female,1985-08-15,Low Value,New York,2024-08-19
199,Deborah,Green,Male,1979-01-19,Low Value,Los Angeles,2022-02-03
200,Donna,Martin,Female,1965-06-08,Medium Value,Austin,2023-05-19
201,Steven,Morales,Female,1999-11-24,Medium Value,Boston,2023-12-23
202,Lisa,Cooper,Female,1994-01-17,Low Value,Chicago,2022-06-02
203,Edward,Moore,Male,2006-11-08,Low Value,New York,2022-01-19
204,Samantha,Morris,Male,1995-08-01,Medium Value,Chicago,2024-04-22
205,Jonathan,Torres,Female,1954-09-27,Low Value,Minneapolis,2023-01-03
206,Donald,Harris,Male,1992-09-09,Medium Value,Denver,2024-03-23
207,Larry,Young,Female,1997-04-10,Low Value,Miami,2022-06-15
208,Barbara,Phillips,Male,1977-07-18,High Value,Boston,2022-01-20
209,Samuel,Nelson,Female,1989-02-17,Medium Value,Chicago,2025-03-06
210,Rachel,Scott,Male,1987-10-22,High Value,Chicago,2023-10-07
211,Ronald,Martinez,Male,1972-03-19,Medium Value,Los Angeles,2024-03-07
212,Sarah,Hernandez,Female,1985-12-12,High Value,Chicago,2023-04-21
213,Carol,Brown,Female,1993-05-26,Medium Value,Boston,2023-12-30
214,Rachel,Carter,Male,1958-10-10,Low Value,Los Angeles,2022-06-18
215,Stephanie,Green,Male,1976-02-03,Low Value,Chicago,2024-06-29
216,Barbara,White,Male,1980-08-18,Medium Value,Atlanta,2022-07-31
217,Scott,Adams,Male,1977-01-10,Medium Value,Austin,2022-06-23
218,Pamela,Gutierrez,Male,1963-11-13,High Value,Dallas,2023-09-09
219,Laura,Scott,Male,1979-05-16,Medium Value,New York,2023-05-21
220,Ryan,Wilson,Male,1961-05-01,Medium Value,Austin,2025-06-24
221,Kevin,Parker,Female,2005-11-20,Medium Value,Dallas,2025-05-20
222,Daniel,Gomez,Female,1973-05-24,Low Value,Minneapolis,2025-03-25
223,Ronald,Campbell,Female,1960-10-07,Low Value,San Francisco,2023-01-04
224,Anthony,Cruz,Female,2004-05-27,High Value,Minneapolis,2024-04-17
225,Donald,Allen,Female,1995-03-23,Low Value,Austin,2022-06-01
226,Jonathan,Cook,Female,1997-07-18,Low Value,Chicago,2024-01-07
227,Susan,Young,Male,1995-11-12,Low Value,Dallas,2022-04-01
228,Kevin,Parker,Female,1959-01-04,Medium Value,Seattle,2024-11-28
229,Cynthia,Mitchell,Male,1978-08-25,Medium Value,Miami,2024-10-21
230,Susan,Nguyen,Female,1979-02-04,High Value,Minneapolis,2023-10-01
231,Brian,Stewart,Female,1959-08-24,Medium Value,Minneapolis,2022-05-18
232,John,Baker,Male,1994-02-22,Low Value,Dallas,2023-05-15
233,Brenda,Diaz,Female,1982-04-26,Low Value,Austin,2023-01-17
234,Brandon,Sanchez,Male,1981-10-14,High Value,Austin,2023-03-16
235,Pamela,Wilson,Male,2004-09-06,Medium Value,Denver,2024-07-26
236,Shirley,Green,Female,1991-07-20,Medium Value,Austin,2023-12-14
237,Alexander,Hill,Male,1992-10-03,High Value,Miami,2022-08-30
238,Frank,Jackson,Female,1985-07-14,High Value,San Francisco,2024-02-25
239,Brenda,Perez,Male,1984-05-05,Medium Value,Dallas,2024-07-12
240,Gary,Moore,Male,1965-07-18,Low Value,Atlanta,2024-04-17
241,Gary,Perez,Female,1958-10-01,Medium Value,Los Angeles,2023-07-17
242,Larry,Murphy,Female,1988-09-04,High Value,San Francisco,2025-01-17
243,Jeffrey,Cooper,Male,1966-07-04,Low Value,Minneapolis,2023-05-22
244,Kimberly,Hall,Female,2005-02-15,Low Value,New York,2023-05-01
245,Brandon,Diaz,Female,1963-10-05,Low Value,Los Angeles,2022-05-02
246,Carol,Nguyen,Male,1971-10-09,Low Value,Atlanta,2022-07-15
247,Linda,Scott,Female,1994-03-23,Medium Value,Dallas,2023-10-22
248,Gary,Jackson,Female,1989-11-09,Medium Value,Miami,2024-07-14
249,Rebecca,Rogers,Male,2000-05-23,Medium Value,Denver,2024-09-26
250,Ryan,Rivera,Male,1957-09-13,Low Value,Los Angeles,2023-03-10
251,Amanda,Taylor,Female,1989-08-26,Low Value,Denver,2022-04-10
252,John,Thomas,Female,1963-08-15,Low Value,Chicago,2024-05-26
253,Christine,Hill,Male,1963-05-03,Medium Value,Miami,2022-06-18
254,Michael,Gomez,Male,1993-05-24,Low Value,Minneapolis,2024-05-29
255,Margaret,Morris,Male,1957-03-19,Medium Value,Los Angeles,2024-06-30
256,Jason,Taylor,Male,1983-02-08,High Value,Austin,2022-07-29
257,Sarah,Carter,Female,2002-03-21,High Value,Miami,2024-12-22
258,Jeffrey,Hall,Male,1999-04-21,High Value,Minneapolis,2024-04-23
259,Barbara,Gonzalez,Male,1961-02-19,Medium Value,Minneapolis,2024-05-29
260,Samuel,Hernandez,Female,1968-09-20,Low Value,San Francisco,2023-08-07
261,Anthony,Gutierrez,Female,1991-09-07,Medium Value,Minneapolis,2022-04-22
262,Kathleen,Roberts,Male,1960-04-16,Medium Value,Miami,2024-12-17
263,Kenneth,Taylor,Female,1977-10-14,Medium Value,Denver,2022-12-20
264,John,Rodriguez,Male,1953-05-07,Low Value,Chicago,2024-03-26
265,Jason,Phillips,Female,1958-11-18,Low Value,Atlanta,2023-07-23
266,Karen,Morgan,Male,1973-07-19,Low Value,Miami,2022-05-16
267,Linda,Young,Male,1958-07-04,Low Value,Boston,2022-04-23
268,Jessica,Johnson,Male,1998-03-23,High Value,Chicago,2023-12-12
269,Nancy,Mitchell,Female,1961-12-25,Low Value,Seattle,2022-08-30
270,Paul,Ortiz,Female,1957-05-23,Low Value,San Francisco,2024-10-13
271,Larry,Perez,Female,1976-03-09,Low Value,New York,2022-08-25
272,Mary,Young,Male,1955-08-12,Low Value,Austin,2023-01-02
273,Mark,Adams,Female,1968-07-24,Medium Value,Denver,2022-06-09
274,Daniel,Lewis,Male,2004-09-02,High Value,Austin,2024-08-10
275,Carol,Lopez,Female,1988-08-01,Medium Value,Denver,2025-02-28
276,Dorothy,Mitchell,Male,1990-08-25,Low Value,Los Angeles,2025-01-24
277,Edward,Brown,Male,1967-09-12,Low Value,Miami,2022-01-20
278,Michelle,Wilson,Female,1966-09-08,Medium Value,Austin,2022-05-03
279,Barbara,Garcia,Female,1967-09-14,Low Value,Minneapolis,2024-07-27
280,Nicholas,Moore,Male,1993-07-03,Medium Value,San Francisco,2024-06-09
281,Kimberly,Green,Female,2004-07-23,Medium Value,Minneapolis,2024-07-16
282,Sarah,Wilson,Male,1962-02-06,Medium Value,Boston,2024-04-12
283,Cynthia,Flores,Male,1982-05-28,High Value,New York,2023-09-16
284,Margaret,Adams,Male,1962-02-23,Low Value,Los Angeles,2024-03-22
285,Daniel,Brown,Female,1978-08-18,Medium Value,Minneapolis,2022-07-13
286,Jessica,Johnson,Male,1956-04-05,Low Value,Los Angeles,2024-02-02
287,Justin,King,Male,2005-02-01,Medium Value,New York,2024-06-27
288,Jessica,Garcia,Female,1982-01-06,Medium Value,San Francisco,2024-03-19
289,Daniel,Rivera,Female,1966-03-09,Medium Value,Seattle,2022-11-01
290,Samuel,Nguyen,Male,1984-07-18,High Value,Boston,2023-07-27
291,Benjamin,Cooper,Male,2003-01-13,Medium Value,Minneapolis,2025-01-20
292,Stephanie,Wright,Female,1964-01-11,Medium Value,San Francisco,2023-07-30
293,Justin,Robinson,Female,1963-02-08,Medium Value,Miami,2024-12-28
294,Mark,Roberts,Male,1975-03-06,Medium Value,Los Angeles,2024-01-05
295,Larry,Jackson,Female,1989-04-27,Medium Value,Boston,2022-12-26
296,Anna,Lewis,Male,1954-09-16,Medium Value,Chicago,2025-06-11
297,Carol,Davis,Male,1954-03-19,Low Value,Minneapolis,2022-08-16
298,Deborah,Gomez,Male,1990-02-11,Medium Value,Seattle,2022-11-19
299,Christine,Green,Female,1964-12-18,Low Value,Minneapolis,2025-06-10
300,Timothy,Flores,Male,1999-12-10,High Value,Dallas,2022-01-04
301,Larry,Jones,Female,1964-10-11,Medium Value,San Francisco,2025-03-04
302,Elizabeth,Walker,Female,1975-06-06,Low Value,Miami,2022-07-01
303,Cynthia,Johnson,Female,1969-04-08,High Value,Minneapolis,2023-06-10
304,Stephanie,Cruz,Male,1999-07-06,Medium Value,Austin,2024-02-15
305,Pamela,Lewis,Female,1963-08-03,Medium Value,Chicago,2023-10-15
306,Nancy,Carter,Female,1963-12-03,Low Value,Atlanta,2022-07-10
307,Patricia,Parker,Female,1994-03-20,High Value,Austin,2022-07-27
308,Carolyn,Cooper,Female,1969-11-10,Medium Value,Seattle,2022-04-12
309,Karen,Miller,Female,1976-01-14,Medium Value,New York,2025-05-14
310,Nancy,Nguyen,Male,1958-08-28,Medium Value,New York,2024-03-25
311,Barbara,Cooper,Female,1977-03-12,Medium Value,Austin,2024-07-01
312,Mark,Wright,Female,1989-01-05,Low Value,Minneapolis,2022-06-25
313,Nicole,Robinson,Female,1988-01-27,Low Value,Austin,2024-05-07
314,Pamela,Walker,Female,1983-05-03,Low Value,Austin,2022-03-13
315,Jessica,Edwards,Male,1964-03-07,High Value,Los Angeles,2024-05-17
316,Benjamin,Jackson,Male,2006-10-09,Low Value,Denver,2022-05-18
317,Emily,Gutierrez,Female,1982-01-26,Low Value,Minneapolis,2024-12-06
318,Charles,Gonzalez,Male,1959-10-25,Low Value,New York,2025-01-01
319,Stephanie,Morales,Female,1989-10-16,High Value,Chicago,2024-04-05
320,Robert,Gomez,Female,1974-12-08,Low Value,Chicago,2023-07-05
321,Michelle,Scott,Female,2006-08-28,Low Value,Minneapolis,2023-04-12
322,Carol,Wright,Female,1999-07-20,High Value,Miami,2024-06-23
323,Eric,Mitchell,Female,2005-01-17,High Value,Dallas,2024-11-03
324,Daniel,Harris,Male,2006-04-27,Medium Value,Chicago,2024-07-23
325,Emily,Mitchell,Male,2005-08-17,Low Value,Austin,2022-09-11
326,Scott,Edwards,Female,1964-08-19,Medium Value,Atlanta,2022-12-01
327,Andrew,Brown,Male,1977-01-06,Low Value,San Francisco,2023-03-15
328,Paul,Evans,Male,1985-01-28,High Value,Miami,2022-09-28
329,Mark,Allen,Male,1991-05-23,Low Value,Minneapolis,2024-05-17
330,Steven,Ramirez,Female,1982-05-22,Low Value,Atlanta,2024-03-24
331,Brenda,Torres,Female,1972-11-04,High Value,Boston,2023-07-21
332,Christine,Hill,Female,1965-03-17,Low Value,Los Angeles,2025-05-13
333,Patricia,Murphy,Male,1971-05-14,Medium Value,Austin,2022-03-14
334,Amanda,Lewis,Male,1996-09-21,Low Value,Boston,2024-01-05
335,Donna,Gonzalez,Male,1983-03-24,Low Value,Seattle,2025-02-18
336,Christine,Lopez,Female,1967-06-08,Low Value,Minneapolis,2024-05-11
337,Justin,Nguyen,Female,1982-02-16,Low Value,Chicago,2025-04-10
338,Matthew,Cook,Female,1960-11-13,Medium Value,Atlanta,2022-04-21
339,Amanda,Evans,Male,1989-08-05,Low Value,Denver,2023-01-05
340,Kenneth,Davis,Male,1953-08-09,Low Value,Los Angeles,2022-12-12
341,Thomas,Parker,Male,1993-07-13,Low Value,Austin,2024-02-25
342,Mary,Adams,Female,2001-09-07,Low Value,Chicago,2023-05-25
343,Thomas,Wilson,Female,1977-09-19,High Value,Seattle,2022-04-04
344,Laura,Moore,Female,1974-08-12,High Value,Los Angeles,2024-04-06
345,Margaret,Williams,Male,1990-09-06,Medium Value,New York,2022-03-18
346,Scott,Miller,Male,1995-02-21,High Value,Chicago,2022-08-26
347,Jacob,Martin,Female,1966-12-22,High Value,Miami,2024-05-11
348,Samantha,Moore,Female,1979-02-17,Low Value,Minneapolis,2023-08-02
349,Anna,Sanchez,Male,2002-05-27,Low Value,Atlanta,2024-01-04
350,Stephen,Murphy,Male,1966-12-16,Medium Value,Denver,2022-01-27
351,Karen,Lopez,Female,2002-09-03,Low Value,Minneapolis,2023-06-09
352,Kimberly,Reyes,Female,1956-02-27,Low Value,Dallas,2023-08-19
353,Joseph,Gonzalez,Female,2001-01-01,Low Value,Dallas,2022-12-16
354,Barbara,Mitchell,Female,2005-06-06,Medium Value,New York,2024-07-23
355,Sharon,Perez,Female,1960-03-23,High Value,Minneapolis,2022-11-23
356,Larry,Cruz,Female,1964-10-13,Low Value,Denver,2022-09-25
357,Jeffrey,Garcia,Female,1957-05-21,High Value,Denver,2024-12-10
358,Debra,Baker,Male,1986-09-23,Low Value,Minneapolis,2024-06-05
359,Gregory,Roberts,Female,1962-09-20,High Value,Chicago,2022-11-18
360,Nancy,Martinez,Female,2001-08-11,Medium Value,Los Angeles,2023-07-24
361,Rebecca,Walker,Female,1958-08-15,Medium Value,San Francisco,2024-10-17
362,Christine,Williams,Female,1959-07-14,Medium Value,Chicago,2022-01-01
363,Angela,Clark,Female,1994-11-15,Medium Value,Denver,2022-04-22
364,Brenda,Stewart,Female,1998-11-12,Medium Value,Minneapolis,2022-07-19
365,Melissa,Nguyen,Female,1988-09-12,High Value,Minneapolis,2022-12-03
366,Susan,Allen,Female,1992-04-07,Low Value,New York,2024-03-15
367,Amanda,Wilson,Male,2001-07-02,Low Value,Miami,2025-04-20
368,Gregory,Cook,Female,1961-08-01,Low Value,Atlanta,2025-02-07
369,Angela,Thompson,Female,1997-10-06,Low Value,Minneapolis,2022-08-01
370,Nicholas,Roberts,Female,1979-10-23,Medium Value,Los Angeles,2023-12-04
371,Sarah,Evans,Male,1991-12-24,Medium Value,Atlanta,2025-01-26
372,Betty,Clark,Male,1992-12-10,Medium Value,Miami,2022-09-29
373,Nicholas,Cooper,Male,1997-11-11,High Value,Minneapolis,2023-12-23
374,Alexander,Morgan,Female,1971-07-26,Medium Value,Chicago,2022-02-21
375,Betty,Wright,Male,2001-03-10,Medium Value,Miami,2022-05-08
376,Melissa,Edwards,Male,1959-10-28,Low Value,Miami,2023-04-05
377,Angela,Torres,Male,1997-11-02,Medium Value,Austin,2023-10-03
378,Betty,Cruz,Female,2006-04-21,Low Value,Minneapolis,2024-01-24
379,Matthew,Nguyen,Male,1981-03-22,Medium Value,New York,2022-12-22
380,Jason,Scott,Male,1988-05-05,Medium Value,Dallas,2023-06-07
381,Jennifer,Martin,Male,1973-10-02,Low Value,Miami,2023-09-09
382,Elizabeth,Green,Female,1986-04-06,High Value,Atlanta,2024-10-31
383,Barbara,Hall,Female,1967-04-22,Medium Value,Denver,2023-08-25
384,Brenda,Johnson,Female,1960-11-12,Medium Value,Boston,2025-06-10
385,Rachel,Adams,Male,1977-02-13,Medium Value,Seattle,2023-08-03
386,Angela,Rogers,Female,1981-08-02,Low Value,Seattle,2023-01-30
387,Nancy,Morgan,Male,1987-01-21,Medium Value,New York,2023-03-13
388,Anthony,Morgan,Male,2006-12-24,Low Value,Austin,2022-05-28
389,Kevin,Jones,Female,1958-02-02,Low Value,Dallas,2025-02-16
390,Edward,Roberts,Female,1981-11-13,Medium Value,Austin,2024-03-08
391,Justin,Garcia,Male,1997-02-12,High Value,Atlanta,2023-09-10
392,Timothy,Gomez,Female,2005-11-01,High Value,Boston,2023-03-27
393,Katherine,Jackson,Female,1972-11-26,Low Value,Minneapolis,2022-01-23
394,Jennifer,Smith,Male,1989-10-13,Medium Value,Atlanta,2022-06-24
395,Margaret,Evans,Female,1994-09-05,Medium Value,Dallas,2025-06-17
396,Debra,Miller,Male,2001-09-15,Medium Value,Miami,2023-08-19
397,Justin,Morales,Male,1974-06-05,Low Value,Miami,2022-07-24
398,Kenneth,Morales,Male,1981-06-20,Medium Value,Miami,2025-04-11
399,Jason,Perez,Female,1953-06-08,Low Value,Los Angeles,2024-06-12
400,Amy,Reyes,Female,1981-06-25,Medium Value,Seattle,2022-08-11
401,Sarah,Morgan,Female,1965-05-24,High Value,Miami,2022-06-04
402,Justin,Phillips,Male,2002-10-07,Medium Value,Chicago,2025-01-18
403,George,Gomez,Male,1967-10-24,High Value,Seattle,2024-10-23
404,Gregory,Walker,Male,2004-10-22,Low Value,Dallas,2022-10-15
405,Amy,Rivera,Male,1955-04-25,Medium Value,Boston,2023-06-26
406,Eric,Campbell,Male,1977-08-15,High Value,Chicago,2023-10-26
407,Kimberly,Cooper,Female,1989-03-13,Medium Value,Miami,2025-04-18
408,Timothy,Lewis,Female,1986-07-12,Medium Value,Denver,2024-09-14
409,Jeffrey,Perez,Male,1967-02-17,Medium Value,Miami,2022-11-04
410,Gregory,Robinson,Male,1979-06-24,Medium Value,New York,2024-09-07
411,John,Young,Female,1955-03-19,High Value,San Francisco,2024-11-15
412,Nancy,King,Male,1964-09-13,Low Value,San Francisco,2022-02-08
413,David,Ramirez,Female,1981-10-16,High Value,Boston,2024-04-21
414,Samantha,Rogers,Male,1969-03-24,Medium Value,Miami,2024-07-17
415,Stephanie,Taylor,Female,1959-01-07,Low Value,Atlanta,2024-10-29
416,Daniel,Stewart,Male,1992-10-02,Medium Value,Atlanta,2022-08-29
417,Alexander,Parker,Male,1986-07-12,Low Value,Chicago,2024-05-28
418,Brian,Gonzalez,Female,1980-03-09,Low Value,Boston,2022-06-21
419,Steven,Harris,Female,1953-12-24,Medium Value,Chicago,2022-08-30
420,Frank,Green,Male,1979-06-04,Medium Value,Dallas,2025-04-13
421,Larry,Campbell,Female,1992-05-22,Low Value,Austin,2024-04-26
422,Deborah,Morris,Male,1969-05-19,Low Value,Denver,2024-03-26
423,Sandra,Edwards,Male,2003-12-06,Medium Value,New York,2024-03-31
424,Christopher,Roberts,Male,1993-01-26,Low Value,New York,2024-08-23
425,Kimberly,Lewis,Male,1976-02-20,Low Value,Chicago,2024-03-31
426,Daniel,Murphy,Male,1981-01-07,Low Value,Miami,2024-11-27
427,Brandon,Perez,Male,1996-01-12,Low Value,Los Angeles,2022-11-19
428,Melissa,Gomez,Female,1978-10-07,High Value,Atlanta,2022-05-21
429,Brian,Scott,Female,1967-10-07,Low Value,Boston,2025-03-23
430,Brenda,Martinez,Male,1985-05-11,Low Value,New York,2023-06-12
431,Frank,Cruz,Female,1977-10-16,Low Value,Los Angeles,2024-07-28
432,Amy,Anderson,Male,1969-02-13,Low Value,Miami,2023-03-28
433,Edward,Rivera,Female,1986-09-01,Low Value,Minneapolis,2023-05-24
434,Elizabeth,Thompson,Female,1983-06-12,Low Value,Los Angeles,2023-07-06
435,Kathleen,Sanchez,Male,1968-12-08,Medium Value,Seattle,2023-02-20
436,Karen,Wilson,Female,1960-02-22,Medium Value,Miami,2022-01-14
437,Amy,Mitchell,Male,1992-06-16,Low Value,San Francisco,2024-10-02
438,Ronald,Lewis,Female,2001-10-05,Medium Value,Chicago,2024-05-16
439,Ronald,Thompson,Female,1982-02-23,Medium Value,Atlanta,2022-01-18
440,Carol,Campbell,Male,1992-05-06,Medium Value,Atlanta,2023-07-06
441,Lisa,Murphy,Female,1980-04-14,Low Value,Minneapolis,2024-01-18
442,Pamela,Taylor,Male,1989-11-08,Low Value,New York,2023-04-28
443,Charles,Martin,Male,1983-01-06,Medium Value,Austin,2024-11-24
444,Joshua,Allen,Female,1988-10-02,High Value,Austin,2022-12-01
445,Benjamin,Gonzalez,Female,1981-12-11,Medium Value,Seattle,2025-02-21
446,John,Evans,Female,1960-06-28,Low Value,Miami,2023-02-12
447,Andrew,Rivera,Male,1973-11-17,Low Value,Boston,2024-07-04
448,Dorothy,Jackson,Female,1963-11-26,Medium Value,Denver,2025-06-08
449,David,Lee,Male,1974-04-11,Low Value,Denver,2023-07-02
450,George,Gutierrez,Female,1981-07-06,Low Value,Dallas,2022-09-14
451,Anthony,Perez,Male,1978-02-04,Low Value,New York,2024-08-27
452,Shirley,Hernandez,Female,1959-05-20,High Value,Dallas,2024-03-09
453,Jeffrey,Taylor,Female,1961-09-27,High Value,Dallas,2024-01-01
454,Dorothy,Cooper,Female,1970-09-15,Low Value,Dallas,2025-01-09
455,Shirley,Morgan,Female,1972-06-16,Medium Value,Atlanta,2022-07-03
456,Karen,Hill,Female,1953-01-17,Medium Value,Dallas,2024-08-18
457,Amy,Hill,Female,1953-07-26,Medium Value,Seattle,2022-01-15
458,Ronald,Young,Female,1963-12-24,Medium Value,Miami,2024-02-14
459,Eric,Wright,Male,1971-11-24,Low Value,Atlanta,2024-04-25
460,Donna,Anderson,Male,1993-08-20,Medium Value,Boston,2025-06-29
461,Michael,Morgan,Male,1954-03-04,Medium Value,Seattle,2024-06-16
462,Mary,Murphy,Male,1966-06-14,Low Value,Seattle,2024-10-17
463,Kevin,Hernandez,Male,2006-03-02,Low Value,Seattle,2022-05-27
464,Timothy,Johnson,Female,1960-12-08,Low Value,Austin,2024-06-26
465,Ryan,Gonzalez,Male,1986-11-07,Medium Value,Boston,2023-10-02
466,Stephen,Gutierrez,Male,1960-05-16,Medium Value,Miami,2024-01-09
467,Joseph,Walker,Male,1993-07-11,High Value,Chicago,2023-07-20
468,Mary,Garcia,Male,1990-12-16,Medium Value,Minneapolis,2024-01-31
469,Barbara,Baker,Female,2001-11-02,Medium Value,Chicago,2022-11-12
470,Gary,Robinson,Male,1973-09-26,Low Value,Miami,2024-06-17
471,Melissa,Moore,Female,1969-01-16,Medium Value,Minneapolis,2023-08-27
472,Emma,Hall,Male,1973-12-15,Low Value,Seattle,2025-05-11
473,Shirley,Martin,Male,1981-05-27,Medium Value,Seattle,2024-07-18
474,Lisa,Williams,Female,1992-06-25,Medium Value,San Francisco,2022-05-10
475,Matthew,Ortiz,Female,1996-08-25,High Value,Atlanta,2023-08-03
476,Richard,Gutierrez,Male,1995-02-02,High Value,Dallas,2022-03-06
477,Robert,Roberts,Male,1995-08-17,Low Value,San Francisco,2023-06-09
478,Mary,Clark,Male,1994-08-27,Medium Value,New York,2022-05-05
479,Deborah,Davis,Female,2005-10-09,High Value,Atlanta,2022-05-25
480,Eric,Gonzalez,Male,1959-12-08,Medium Value,Atlanta,2023-01-31
481,Brenda,Turner,Male,2000-02-25,Medium Value,Miami,2024-07-28
482,Nancy,White,Male,1988-07-17,Low Value,Denver,2024-12-29
483,Kenneth,Adams,Female,1976-07-25,Medium Value,Miami,2023-10-25
484,Timothy,Allen,Male,1976-08-15,High Value,Austin,2022-03-12
485,Joshua,Smith,Male,1972-04-07,High Value,Denver,2023-07-20
486,Richard,Jones,Male,1982-06-05,Medium Value,Dallas,2025-04-07
487,Barbara,Phillips,Female,1989-04-24,Low Value,New York,2024-09-15
488,Scott,Hill,Male,1955-12-26,Medium Value,San Francisco,2022-04-25
489,Sharon,Thomas,Female,2002-04-24,Low Value,Miami,2022-01-24
490,Michelle,Ortiz,Male,1955-06-18,High Value,San Francisco,2024-10-25
491,Cynthia,Cook,Female,1958-04-14,Low Value,Seattle,2022-10-31
492,Stephen,Phillips,Male,1969-02-13,Medium Value,Atlanta,2022-09-25
493,Gary,Gomez,Male,1994-10-07,Low Value,Atlanta,2024-12-09
494,Carol,Lopez,Female,1960-11-14,Medium Value,Austin,2023-01-26
495,Michelle,Perez,Male,1975-10-27,Low Value,Boston,2024-06-21
496,Rachel,Mitchell,Male,1962-12-28,High Value,New York,2022-04-22
497,Andrew,Johnson,Male,1974-12-26,Medium Value,New York,2024-08-22
498,Anthony,Cooper,Male,1986-05-18,Low Value,Boston,2022-10-17
499,Justin,Ortiz,Female,1955-05-06,Medium Value,Chicago,2025-06-19
500,William,Roberts,Male,1995-05-22,Medium Value,Miami,2022-08-09
501,Sandra,Carter,Female,1985-12-04,Medium Value,Denver,2025-05-07
502,Brenda,Williams,Female,1955-04-17,Medium Value,Seattle,2024-03-16
503,Melissa,Hill,Female,1968-09-09,Low Value,Chicago,2024-03-03
504,Brenda,Scott,Male,1967-03-11,Low Value,Austin,2022-06-29
505,Sharon,Walker,Male,1989-03-14,Low Value,Seattle,2023-11-06
506,Justin,Cooper,Male,1996-04-28,Medium Value,Dallas,2024-12-08
507,Christine,Lee,Male,1973-02-18,Low Value,Atlanta,2022-08-31
508,Patricia,Green,Male,1979-07-10,Low Value,Boston,2023-07-15
509,Lisa,Brown,Male,2001-10-20,Low Value,Seattle,2025-06-08
510,Melissa,Hernandez,Male,1997-08-05,Low Value,Atlanta,2024-08-18
511,Gary,Stewart,Female,1961-03-07,High Value,Los Angeles,2022-01-31
512,Debra,Sanchez,Male,2001-04-03,Low Value,Dallas,2024-06-18
513,Ryan,Young,Female,1980-07-25,Low Value,Chicago,2024-02-19
514,Eric,Wilson,Male,1981-08-27,Low Value,Chicago,2023-05-19
515,Brenda,Roberts,Male,1986-11-02,Medium Value,Los Angeles,2024-03-26
516,Dorothy,Perez,Female,1980-05-20,Low Value,Chicago,2022-10-19
517,Nicholas,Anderson,Male,1964-10-23,High Value,Atlanta,2024-04-26
518,Nicole,Sanchez,Female,1982-02-09,Low Value,Denver,2022-12-02
519,Cynthia,Campbell,Male,1958-09-23,Low Value,Austin,2024-11-13
520,Jennifer,Perez,Female,1974-10-28,Low Value,Miami,2022-11-29
521,Sharon,Flores,Male,1972-12-25,Medium Value,Boston,2023-01-06
522,James,Allen,Male,1953-08-16,Medium Value,Boston,2022-01-12
523,Nicole,Stewart,Male,1982-07-15,Low Value,New York,2022-01-14
524,Michael,White,Male,1962-01-21,High Value,Denver,2022-03-08
525,Kevin,Lopez,Female,1956-02-14,High Value,Dallas,2023-08-06
526,Ryan,Campbell,Male,1955-02-25,Medium Value,Seattle,2024-02-16
527,Donna,Stewart,Male,1961-02-23,Medium Value,Seattle,2024-04-27
528,Susan,Ortiz,Male,1958-08-24,Low Value,Minneapolis,2023-08-12
529,Shirley,Rivera,Female,1961-10-19,Medium Value,Boston,2024-10-16
530,Donna,Harris,Male,1953-02-01,Low Value,Boston,2022-08-30
531,Edward,Garcia,Female,1974-06-18,Medium Value,Miami,2023-02-17
532,Michelle,Hill,Male,1985-09-11,High Value,Chicago,2023-11-14
533,Daniel,Harris,Male,1974-06-22,Low Value,Boston,2022-03-14
534,Jonathan,Nelson,Female,1982-07-24,Low Value,Chicago,2023-09-06
535,Anthony,Nelson,Male,2004-06-03,Medium Value,Dallas,2022-03-05
536,Pamela,Roberts,Male,1964-10-04,Low Value,Seattle,2023-10-07
537,Kathleen,Walker,Male,1976-08-27,Medium Value,Seattle,2023-09-12
538,Betty,Lopez,Male,1981-09-01,Low Value,Boston,2022-11-12
539,Carol,Jackson,Female,2002-02-27,Low Value,Atlanta,2022-09-29
540,Eric,Anderson,Female,1953-05-02,Low Value,Miami,2022-06-28
541,Eric,Flores,Male,1954-10-25,Low Value,Seattle,2023-03-06
542,Jonathan,Green,Female,2002-08-22,Medium Value,New York,2022-11-19
543,Anthony,Cooper,Male,1975-09-11,High Value,Seattle,2023-08-04
544,Brandon,Baker,Female,1987-08-02,High Value,Dallas,2022-04-14
545,Ronald,Thompson,Female,1998-10-19,Low Value,Miami,2024-07-02
546,Debra,Morgan,Male,1958-08-19,High Value,Dallas,2024-08-17
547,Jacob,Robinson,Female,1967-03-28,Medium Value,San Francisco,2024-01-15
548,Carol,Collins,Female,1984-01-03,High Value,Boston,2024-09-07
549,Anna,Taylor,Female,1985-02-13,Low Value,Minneapolis,2023-10-30
550,Jonathan,Reyes,Female,1978-10-14,Low Value,Los Angeles,2025-01-27
551,Amanda,Clark,Male,2005-12-19,Low Value,Austin,2024-06-10
552,Daniel,Martinez,Male,2000-12-19,High Value,Boston,2025-05-05
553,Daniel,Flores,Female,1978-02-20,Low Value,New York,2025-05-06
554,Samuel,Davis,Female,1958-04-27,Low Value,Dallas,2022-01-01
555,Jonathan,Nguyen,Female,1977-10-19,Medium Value,Boston,2023-10-11
556,Laura,Hall,Female,1958-10-01,Low Value,San Francisco,2024-04-07
557,Deborah,Miller,Male,1953-12-18,High Value,Denver,2023-08-01
558,Benjamin,Green,Female,1998-07-13,Medium Value,Austin,2023-03-09
559,Brenda,Roberts,Male,2006-06-27,High Value,Austin,2022-09-15
560,Charles,Morales,Male,1995-07-05,High Value,New York,2024-05-01
561,Samantha,White,Female,1982-09-14,Low Value,Atlanta,2024-02-27
562,Pamela,Murphy,Male,1999-04-23,Medium Value,Atlanta,2025-01-23
563,Larry,Morris,Male,1998-06-04,Medium Value,San Francisco,2022-06-13
564,Dorothy,Gutierrez,Female,1958-09-20,Medium Value,New York,2022-06-09
565,Brandon,Miller,Female,1974-09-25,Medium Value,Chicago,2024-11-15
566,Sharon,Rivera,Female,2004-05-10,High Value,Dallas,2025-05-08
567,Linda,Stewart,Female,1990-03-19,Low Value,Chicago,2023-08-21
568,Gary,Hernandez,Female,1961-09-03,Medium Value,Seattle,2025-06-15
569,Joseph,Thompson,Male,1990-12-05,Medium Value,Miami,2022-12-26
570,Lisa,Ortiz,Female,1955-06-03,Medium Value,Dallas,2022-11-12
571,Stephanie,Walker,Female,1995-08-24,High Value,Miami,2025-03-29
572,Joseph,Miller,Female,1963-08-13,Medium Value,Boston,2024-12-26
573,Jacob,King,Female,1962-09-28,High Value,Austin,2024-07-08
574,Richard,Morgan,Male,1993-06-28,Low Value,Austin,2023-07-13
575,Steven,Gomez,Male,1982-11-24,Low Value,Los Angeles,2025-04-20
576,Kenneth,Johnson,Male,1996-01-27,High Value,New York,2022-07-20
577,Mark,Torres,Female,1969-04-02,Low Value,Chicago,2022-04-27
578,Scott,Thomas,Male,1998-02-03,High Value,San Francisco,2025-03-05
579,Carolyn,White,Male,1969-05-15,Low Value,Miami,2024-07-17
580,Frank,Adams,Female,1969-03-25,Medium Value,New York,2022-05-08
581,Kimberly,King,Male,1964-08-03,Low Value,Boston,2023-02-15
582,Susan,Jackson,Female,1987-07-07,Low Value,San Francisco,2024-06-23
583,Elizabeth,Allen,Male,2002-08-01,High Value,Boston,2022-01-02
584,Karen,Nelson,Female,1978-10-01,Low Value,Atlanta,2024-10-01
585,Emma,Lewis,Male,1953-07-23,High Value,Boston,2025-01-01
586,Rebecca,Davis,Female,1993-11-03,Medium Value,Denver,2023-11-28
587,Samuel,Sanchez,Female,1964-09-02,Low Value,Austin,2023-09-05
588,Gary,Hernandez,Female,1993-08-24,High Value,Los Angeles,2023-01-31
589,Gary,Roberts,Male,1957-09-21,Medium Value,Seattle,2024-07-09
590,Linda,Baker,Female,2003-12-02,High Value,Austin,2024-12-07
591,Justin,Robinson,Male,1957-01-24,Medium Value,Dallas,2022-02-09
592,Ashley,Taylor,Male,1953-03-21,Low Value,Chicago,2022-07-19
593,Susan,Anderson,Male,1984-10-26,Medium Value,San Francisco,2023-02-20
594,Carol,Thomas,Female,1996-10-18,Medium Value,Dallas,2023-03-13
595,William,Thomas,Female,1970-03-25,High Value,Austin,2024-01-28
596,Sarah,Gonzalez,Male,2003-11-20,Low Value,Austin,2022-02-02
597,Daniel,Lopez,Male,1998-11-19,Medium Value,Seattle,2024-09-01
598,Eric,Edwards,Female,1979-04-06,Low Value,San Francisco,2025-05-06
599,Benjamin,Hill,Male,1975-07-01,Medium Value,Atlanta,2022-08-29
600,Emma,Cook,Female,1967-08-25,Low Value,Miami,2023-07-21
601,Rachel,Stewart,Male,1984-03-06,Low Value,Miami,2022-04-21
602,Steven,Nelson,Female,1992-08-02,Low Value,New York,2025-01-05
603,Angela,Anderson,Female,1957-04-24,Medium Value,Boston,2023-10-30
604,Sandra,Anderson,Female,1973-04-04,Low Value,Los Angeles,2023-02-14
605,Justin,Morales,Female,1956-07-05,Low Value,Los Angeles,2024-07-20
606,Matthew,Rivera,Female,1970-04-11,High Value,Dallas,2025-03-10
607,Ryan,Turner,Female,1963-06-08,Low Value,Seattle,2025-06-06
608,Barbara,Evans,Male,1986-08-28,Medium Value,Los Angeles,2024-08-05
609,Ashley,Adams,Male,1980-10-08,Low Value,San Francisco,2025-03-20
610,Jennifer,Stewart,Male,1999-09-02,Medium Value,Austin,2024-09-08
611,Cynthia,Murphy,Male,1968-02-18,Low Value,Chicago,2024-04-12
612,Donald,Lopez,Female,1954-08-22,High Value,Seattle,2024-07-29
613,Ryan,Reyes,Male,2002-03-28,Medium Value,Minneapolis,2024-01-29
614,Benjamin,Martinez,Male,1977-12-11,High Value,Atlanta,2024-05-22
615,Rachel,Hernandez,Male,1992-06-24,Medium Value,Chicago,2024-01-16
616,Dorothy,Garcia,Female,1976-06-06,Medium Value,Miami,2022-05-18
617,Kevin,Walker,Male,1987-02-21,Low Value,Boston,2025-04-03
618,Carol,Rivera,Male,1970-09-22,Medium Value,Austin,2022-05-10
619,Jacob,Morgan,Male,1996-09-10,Low Value,Boston,2022-05-15
620,David,Gomez,Male,1964-05-03,High Value,New York,2022-08-18
621,Eric,Williams,Male,1971-07-22,Low Value,Atlanta,2024-08-28
622,Donna,Harris,Male,1957-01-28,Low Value,Los Angeles,2024-11-30
623,Christine,Adams,Female,1984-10-22,Medium Value,Minneapolis,2025-01-28
624,Michelle,Perez,Male,2003-05-08,Medium Value,Boston,2023-08-14
625,Andrew,Collins,Female,1963-10-06,Medium Value,Minneapolis,2023-01-09
626,Christopher,Walker,Male,1960-01-11,High Value,San Francisco,2023-06-18
627,Debra,Green,Male,1975-03-12,Medium Value,Boston,2022-11-29
628,Rebecca,Murphy,Male,2002-03-15,High Value,Denver,2025-01-23
629,Jacob,Nguyen,Female,2001-10-22,Low Value,Dallas,2024-06-24
630,Jennifer,Moore,Female,1996-09-04,High Value,Seattle,2025-06-18
631,Carol,Davis,Male,1991-11-07,Medium Value,San Francisco,2023-07-24
632,Alexander,Lopez,Female,1985-07-07,Medium Value,Boston,2025-05-24
633,Ronald,Jackson,Female,1998-07-12,Medium Value,Austin,2023-08-06
634,Brenda,Lopez,Female,1966-12-15,Low Value,Minneapolis,2024-06-25
635,Sharon,Moore,Female,2006-10-20,High Value,New York,2023-09-14
636,William,Carter,Female,1958-01-14,Low Value,Miami,2024-04-28
637,Betty,White,Male,2006-07-10,Medium Value,Atlanta,2023-09-11
638,Mark,Brown,Female,2003-01-05,Medium Value,Seattle,2024-08-25
639,Sharon,Thompson,Female,1984-12-21,High Value,Los Angeles,2023-07-22
640,Justin,Morris,Female,1989-07-28,Low Value,Seattle,2024-09-01
641,Angela,Williams,Female,1969-03-19,High Value,Chicago,2024-08-02
642,Michael,Wright,Male,1976-07-21,High Value,Denver,2023-08-21
643,Benjamin,White,Male,2001-02-20,Medium Value,Dallas,2023-10-10
644,Paul,Campbell,Female,1959-09-19,Low Value,Denver,2022-01-27
645,Edward,Baker,Female,1963-02-07,Medium Value,Dallas,2023-01-21
646,Sharon,Collins,Male,1957-02-27,Low Value,Dallas,2024-09-09
647,Jeffrey,Gutierrez,Male,2001-06-06,Medium Value,Minneapolis,2022-08-31
648,Frank,Robinson,Male,1972-03-07,Low Value,Dallas,2024-05-20
649,John,Morris,Male,2001-07-02,High Value,Los Angeles,2024-11-17
650,Jennifer,Rodriguez,Female,1972-11-01,Low Value,New York,2025-05-17
651,Debra,Hall,Male,1954-02-05,Low Value,Minneapolis,2025-04-02
652,Nicholas,Rodriguez,Male,1959-10-25,Medium Value,Chicago,2023-01-28
653,Richard,Ramirez,Male,1985-12-16,Low Value,Denver,2023-01-15
654,Melissa,Carter,Male,1980-04-17,Medium Value,Los Angeles,2023-10-06
655,Kathleen,Campbell,Male,1998-05-18,High Value,Minneapolis,2023-11-03
656,Scott,Flores,Female,1996-08-08,Medium Value,Atlanta,2024-05-26
657,Alexander,Mitchell,Female,1964-01-22,Low Value,Boston,2024-03-22
658,Jessica,Jackson,Male,1978-07-23,Low Value,San Francisco,2022-12-12
659,Betty,Phillips,Female,1960-04-27,Low Value,Austin,2023-07-25
660,Samuel,Phillips,Female,1975-08-22,Low Value,San Francisco,2024-09-19
661,Susan,Thomas,Female,1969-08-16,Low Value,Los Angeles,2022-10-03
662,Kathleen,Brown,Male,1964-07-20,Medium Value,Miami,2023-09-13
663,Gregory,Gutierrez,Male,2002-08-26,Medium Value,Boston,2024-10-16
664,Emma,Cooper,Female,1954-01-14,Medium Value,New York,2023-10-07
665,Robert,Thompson,Male,1988-11-28,Low Value,Seattle,2022-12-03
666,Gary,Anderson,Female,1989-11-16,Medium Value,Miami,2025-01-09
667,Nicholas,Davis,Male,1978-05-16,Low Value,San Francisco,2025-06-17
668,Carol,Davis,Female,1954-10-02,Low Value,Dallas,2023-12-16
669,Timothy,Gonzalez,Female,1980-06-12,Medium Value,Austin,2023-05-16
670,Frank,Rodriguez,Male,1972-02-11,High Value,Dallas,2023-10-30
671,Larry,Rogers,Female,1979-05-01,Medium Value,Minneapolis,2022-02-15
672,Carol,Gonzalez,Female,2004-08-04,Low Value,Minneapolis,2023-11-20
673,Nancy,Hill,Female,1976-07-07,Low Value,Boston,2022-06-04
674,Kimberly,Miller,Female,1972-10-13,Low Value,Los Angeles,2022-07-08
675,Paul,Rodriguez,Female,1989-09-16,Medium Value,Austin,2022-06-07
676,Laura,Cooper,Female,1973-04-14,Medium Value,Austin,2024-11-21
677,John,Gutierrez,Male,1964-10-16,Low Value,Los Angeles,2024-08-15
678,Larry,Davis,Female,1986-04-12,High Value,Boston,2022-11-05
679,Edward,Green,Female,2006-02-21,Low Value,Los Angeles,2023-07-01
680,Rachel,Walker,Female,1978-04-04,Medium Value,Dallas,2023-05-18
681,Brenda,Parker,Female,1980-11-02,High Value,Los Angeles,2022-10-07
682,Gregory,Thompson,Female,1994-01-24,Low Value,Boston,2022-04-24
683,William,Evans,Female,1976-11-22,Medium Value,New York,2022-10-15
684,Eric,Ortiz,Male,1969-08-03,Medium Value,Los Angeles,2023-10-04
685,Donald,Diaz,Female,1966-03-04,Medium Value,Dallas,2023-07-17
686,Gary,Morgan,Male,1976-12-04,Medium Value,Denver,2024-08-30
687,George,Stewart,Male,1998-06-27,High Value,Seattle,2025-05-25
688,Frank,Walker,Male,1969-09-13,Low Value,Seattle,2024-01-14
689,Jeffrey,Roberts,Male,1953-07-09,High Value,Seattle,2023-04-28
690,Jeffrey,Green,Male,2004-11-14,Medium Value,Chicago,2022-06-14
691,Edward,Nelson,Female,1998-07-27,Low Value,New York,2023-06-19
692,Ryan,Brown,Female,2001-01-21,Medium Value,Miami,2024-06-27
693,Betty,Flores,Female,1973-10-03,High Value,New York,2024-11-23
694,Scott,Evans,Male,2003-06-15,Low Value,Boston,2022-10-01
695,Andrew,Sanchez,Female,1958-07-12,Medium Value,Dallas,2024-02-12
696,John,Williams,Male,1988-11-20,Medium Value,Miami,2022-07-02
697,Michael,Phillips,Male,1992-07-20,High Value,Seattle,2024-01-24
698,Shirley,Parker,Male,2002-08-27,Medium Value,Miami,2023-04-05
699,Andrew,Murphy,Female,1977-03-14,Low Value,Los Angeles,2023-08-03
700,Edward,Jackson,Male,1954-05-09,Low Value,Los Angeles,2023-05-24
701,David,Johnson,Female,1983-03-28,Low Value,Denver,2024-03-25
702,Scott,Allen,Female,1957-02-18,High Value,Chicago,2023-04-26
703,James,Allen,Male,1985-10-13,Low Value,Seattle,2024-01-30
704,Justin,Thompson,Male,1969-03-17,Low Value,Boston,2024-08-16
705,Charles,King,Female,1960-06-02,Medium Value,Dallas,2023-07-30
706,Kimberly,King,Female,1986-06-14,Medium Value,Dallas,2024-10-03
707,Michael,Harris,Female,1962-01-08,High Value,Dallas,2023-06-17
708,Kathleen,Garcia,Male,1981-06-23,Medium Value,Atlanta,2024-10-06
709,Jessica,Hall,Male,1958-04-28,Medium Value,Seattle,2022-12-11
710,Justin,Smith,Male,1986-10-06,Low Value,Austin,2023-05-20
711,Patricia,Torres,Female,1996-11-04,Medium Value,Austin,2022-08-06
712,Ryan,Morris,Male,1982-11-09,Low Value,San Francisco,2023-11-06
713,Carol,Taylor,Female,1966-01-26,Medium Value,Miami,2022-04-24
714,Barbara,Phillips,Female,1969-03-08,High Value,Austin,2023-03-03
715,Samuel,Martin,Female,1960-05-16,Low Value,Austin,2023-09-28
716,Debra,Gonzalez,Female,2006-06-17,Medium Value,Los Angeles,2024-03-05
717,Barbara,Diaz,Female,2004-06-20,Medium Value,Dallas,2024-05-22
718,Alexander,Lewis,Female,1994-11-23,Low Value,Dallas,2024-12-15
719,Dorothy,Parker,Female,1958-08-10,Low Value,Dallas,2023-09-08
720,Larry,Miller,Female,1988-02-02,High Value,Atlanta,2024-05-20
721,Melissa,Allen,Female,1990-02-25,High Value,Atlanta,2024-08-05
722,Jennifer,Hernandez,Female,1979-12-10,Medium Value,Denver,2024-07-20
723,Amanda,White,Female,1966-03-03,Low Value,Minneapolis,2023-06-16
724,James,Gomez,Male,1960-01-06,Medium Value,Miami,2024-04-09
725,Joshua,Campbell,Female,1997-11-23,Medium Value,Miami,2023-09-12
726,Joseph,Williams,Male,1997-04-28,Medium Value,Chicago,2022-10-25
727,Barbara,Hill,Male,2002-08-05,Medium Value,Boston,2022-08-27
728,Gary,Stewart,Female,1954-08-19,Medium Value,Los Angeles,2025-03-12
729,Mary,Wilson,Female,1993-12-14,Low Value,Austin,2025-03-31
730,Robert,Morales,Female,1978-08-17,Low Value,San Francisco,2024-09-26
731,Jason,Green,Male,1988-02-09,Medium Value,Miami,2024-08-27
732,Cynthia,Parker,Female,1954-03-10,Medium Value,Minneapolis,2023-12-06
733,Anna,Reyes,Female,1961-05-24,Medium Value,Minneapolis,2024-05-03
734,Jacob,Lee,Female,1992-04-10,Low Value,Minneapolis,2024-09-15
735,Richard,Turner,Female,1984-05-08,Medium Value,Los Angeles,2022-02-07
736,Daniel,Cook,Male,1955-02-11,High Value,Austin,2023-04-10
737,Amanda,Rivera,Female,2002-01-25,Medium Value,Atlanta,2022-11-06
738,Michael,Cruz,Male,2004-08-27,Low Value,New York,2025-06-04
739,Brenda,Garcia,Male,1985-02-06,High Value,Miami,2023-02-25
740,Jeffrey,Cook,Female,1984-12-28,High Value,New York,2024-01-15
741,Jeffrey,Turner,Male,2002-01-08,Medium Value,Boston,2024-10-31
742,George,Young,Female,1962-09-14,High Value,Los Angeles,2024-05-28
743,Eric,Campbell,Female,1954-08-05,Low Value,Chicago,2024-11-25
744,Rebecca,Perez,Female,1980-01-13,Low Value,Chicago,2022-11-06
745,Sharon,Phillips,Female,1996-12-18,Low Value,Seattle,2023-10-05
746,Shirley,Jackson,Female,1997-07-15,Medium Value,Miami,2025-01-19
747,Carolyn,Hall,Female,2004-11-13,Low Value,Los Angeles,2022-06-22
748,Eric,Cooper,Male,1971-04-03,Medium Value,Atlanta,2024-12-03
749,Patricia,Cooper,Male,1990-05-08,Low Value,Seattle,2024-10-31
750,Kimberly,Cook,Female,1975-02-02,Low Value,Miami,2024-07-08
751,Amanda,Walker,Female,2004-12-19,Low Value,San Francisco,2024-12-28
752,Andrew,Moore,Female,1998-07-17,Medium Value,Minneapolis,2023-11-03
753,Ryan,Gonzalez,Female,1962-12-14,High Value,Austin,2022-05-08
754,Cynthia,Martinez,Male,1976-11-17,Medium Value,Austin,2024-11-28
755,Katherine,Diaz,Female,1981-12-16,Low Value,Minneapolis,2022-11-30
756,Thomas,Rogers,Female,1986-02-23,Medium Value,Los Angeles,2022-03-08
757,Jessica,Evans,Female,1960-02-12,Medium Value,San Francisco,2024-12-06
758,Joshua,Nguyen,Female,1984-01-26,High Value,Dallas,2025-04-22
759,Andrew,Ramirez,Female,1964-12-16,High Value,Chicago,2023-12-16
760,Pamela,Flores,Female,1989-08-11,Medium Value,Austin,2025-05-25
761,Cynthia,Edwards,Female,1962-12-11,Low Value,New York,2024-04-18
762,Emma,Garcia,Female,1995-08-24,Low Value,Seattle,2022-12-06
763,Brenda,Thomas,Female,1994-09-03,Low Value,Los Angeles,2025-01-14
764,Jacob,Cook,Male,1954-02-22,High Value,Atlanta,2022-02-08
765,David,Morgan,Female,1991-06-13,High Value,San Francisco,2022-02-17
766,Shirley,Green,Male,1977-05-03,Low Value,New York,2025-01-14
767,Barbara,Martin,Female,1972-07-22,High Value,Dallas,2023-10-29
768,Stephanie,Gonzalez,Female,1973-03-14,Medium Value,Denver,2022-09-05
769,Kathleen,Rogers,Male,2001-09-13,Medium Value,New York,2023-10-14
770,Patricia,Evans,Female,1993-04-01,Medium Value,Seattle,2025-04-15
771,Joshua,Evans,Male,1981-02-28,Medium Value,Miami,2022-10-19
772,Jonathan,Diaz,Male,1988-08-02,Low Value,Chicago,2025-06-25
773,Linda,Morris,Male,1970-10-09,Medium Value,Miami,2023-12-21
774,Jennifer,Lee,Female,2000-09-19,Medium Value,New York,2024-03-20
775,Laura,Clark,Female,1992-09-26,Low Value,Denver,2023-12-03
776,Paul,Young,Female,1995-06-11,Medium Value,Los Angeles,2025-05-12
777,Samuel,Smith,Male,1991-08-01,Low Value,Chicago,2024-04-26
778,Ronald,Morgan,Female,1958-11-21,Medium Value,New York,2024-06-30
779,Scott,Rivera,Female,1977-03-27,Low Value,Minneapolis,2022-09-13
780,Mary,Lewis,Female,2000-01-25,Low Value,Seattle,2024-01-03
781,Mark,Robinson,Female,1984-06-02,Medium Value,Seattle,2025-05-26
782,Joseph,Scott,Female,1989-09-16,Medium Value,Dallas,2025-03-04
783,William,Taylor,Male,2000-02-05,Low Value,Seattle,2023-04-12
784,Matthew,Williams,Female,1997-11-18,Medium Value,San Francisco,2025-02-21
785,Samuel,Miller,Female,1973-07-28,Medium Value,Austin,2024-11-27
786,Mark,Miller,Male,1970-07-18,Medium Value,Boston,2024-03-13
787,Mark,Diaz,Male,1957-04-07,Medium Value,Dallas,2022-05-09
788,Laura,Brown,Female,1990-11-11,Medium Value,Seattle,2024-08-27
789,Kevin,Gutierrez,Male,2003-04-03,Low Value,San Francisco,2022-07-15
790,Linda,Jones,Male,1977-06-28,High Value,Minneapolis,2022-09-19
791,Joshua,Parker,Male,1957-02-22,Medium Value,Chicago,2023-08-27
792,Sandra,Johnson,Female,1982-07-15,Low Value,Austin,2025-06-22
793,Ryan,Gutierrez,Male,1974-10-07,High Value,New York,2025-05-03
794,Pamela,Taylor,Male,1993-09-09,Medium Value,Denver,2025-06-25
795,Linda,Taylor,Male,1972-10-14,Low Value,Atlanta,2024-01-03
796,Charles,Stewart,Male,1972-10-11,Medium Value,Seattle,2022-01-17
797,Linda,Walker,Male,1985-09-28,Medium Value,Chicago,2023-02-05
798,William,Baker,Male,1965-11-16,Low Value,Minneapolis,2024-08-15
799,Brandon,Hill,Female,1979-06-06,Medium Value,New York,2022-03-28
800,Frank,Robinson,Male,1982-10-07,Medium Value,Los Angeles,2023-11-10
801,Lisa,Smith,Female,1976-01-03,High Value,Denver,2022-08-24
802,Jennifer,Brown,Female,1965-04-10,Medium Value,Dallas,2023-06-21
803,Daniel,Sanchez,Male,1954-03-27,Low Value,Seattle,2022-02-12
804,Amanda,Clark,Male,1972-08-08,Low Value,Denver,2022-12-17
805,William,Thomas,Female,1962-03-26,Medium Value,Los Angeles,2024-02-14
806,Katherine,Young,Female,1955-10-19,Low Value,Los Angeles,2023-08-26
807,Benjamin,Scott,Male,1961-09-19,Medium Value,Boston,2022-06-16
808,Nancy,Rogers,Male,1977-11-25,Medium Value,Atlanta,2024-11-28
809,Shirley,Morris,Female,1998-08-16,Medium Value,Seattle,2025-04-10
810,Cynthia,Walker,Male,1978-04-10,Low Value,Austin,2025-03-16
811,Stephen,Hernandez,Female,1961-02-10,Medium Value,Boston,2023-04-17
812,Jason,Edwards,Female,1982-07-14,Low Value,Denver,2023-10-12
813,Sandra,King,Female,1994-02-12,Medium Value,New York,2024-10-24
814,Sandra,Gonzalez,Female,1960-02-12,Medium Value,Chicago,2023-11-15
815,Rachel,Scott,Female,1965-12-20,Low Value,Dallas,2025-01-17
816,Andrew,Hall,Female,2003-07-13,Low Value,San Francisco,2022-01-25
817,Ronald,Robinson,Male,1967-12-24,Medium Value,Los Angeles,2024-11-22
818,Dorothy,Baker,Female,2003-02-11,Medium Value,Los Angeles,2024-05-05
819,Deborah,Moore,Male,1989-03-10,High Value,Minneapolis,2023-12-28
820,Frank,Morgan,Female,1972-06-19,Medium Value,Chicago,2022-03-07
821,Larry,Gomez,Female,1977-04-13,Medium Value,New York,2023-01-21
822,Katherine,Hill,Female,1958-03-04,Medium Value,Miami,2022-03-07
823,Lisa,Sanchez,Male,1957-07-10,Medium Value,Los Angeles,2024-12-09
824,Nancy,Adams,Male,1979-07-06,High Value,New York,2024-05-06
825,Thomas,Clark,Male,1972-07-27,Low Value,Minneapolis,2022-11-22
826,Nicholas,Collins,Male,1970-04-01,Medium Value,Dallas,2024-03-28
827,Larry,Morales,Female,1982-08-19,Low Value,Chicago,2023-08-13
828,Carolyn,Hill,Female,1978-10-27,Medium Value,Dallas,2023-01-03
829,Stephanie,White,Female,1997-10-04,Low Value,Austin,2022-03-31
830,Benjamin,Morgan,Female,1971-11-03,Low Value,Minneapolis,2023-03-21
831,Deborah,Martinez,Male,2001-02-17,Medium Value,Denver,2022-12-04
832,Patricia,Martinez,Female,1993-12-22,Medium Value,Minneapolis,2023-12-05
833,Robert,Johnson,Female,1969-02-23,Medium Value,Dallas,2024-08-08
834,Jeffrey,Moore,Male,1983-05-27,High Value,Dallas,2022-02-06
835,Jonathan,Gomez,Male,1963-02-22,Low Value,Chicago,2022-11-11
836,Alexander,Morgan,Male,1966-08-23,Low Value,Chicago,2024-12-06
837,Stephanie,Flores,Male,1981-01-20,High Value,Chicago,2024-02-12
838,Donald,Sanchez,Female,1958-01-14,Low Value,Chicago,2023-11-22
839,Mark,Gonzalez,Male,2004-11-06,High Value,Minneapolis,2024-05-01
840,Brenda,Harris,Female,1992-04-18,Low Value,Austin,2022-09-05
841,Daniel,Johnson,Female,1978-11-11,Medium Value,Chicago,2024-07-28
842,Christine,Mitchell,Female,1955-02-07,Medium Value,Austin,2025-05-11
843,Steven,Gonzalez,Male,1991-06-21,Medium Value,Minneapolis,2022-09-30
844,Debra,Morris,Female,1957-06-01,Low Value,San Francisco,2024-07-08
845,Nicholas,Johnson,Male,1967-01-20,Medium Value,New York,2024-05-27
846,Sarah,Mitchell,Male,1984-05-07,Medium Value,Dallas,2022-03-19
847,Kevin,Moore,Female,1970-06-21,Medium Value,Chicago,2024-04-29
848,Sandra,Nelson,Male,1974-04-07,High Value,Atlanta,2023-05-24
849,Anna,Carter,Male,1986-06-06,Low Value,Boston,2022-05-13
850,Michael,Jackson,Male,1966-03-03,Medium Value,Dallas,2023-02-23
851,Michelle,Perez,Female,1999-04-08,High Value,Austin,2023-05-25
852,Paul,Morris,Male,1958-06-13,High Value,Austin,2024-06-22
853,Karen,Morris,Female,1954-07-14,Low Value,New York,2023-09-07
854,Steven,Carter,Male,1982-05-15,Medium Value,Seattle,2025-05-26
855,Betty,Martin,Female,1965-01-01,Low Value,Atlanta,2024-02-06
856,Deborah,Roberts,Female,1984-05-21,High Value,San Francisco,2022-03-21
857,Matthew,Parker,Male,1969-12-12,Low Value,Atlanta,2024-01-25
858,Ashley,Young,Female,1983-01-27,Low Value,Denver,2022-02-27
859,Anna,Collins,Female,1996-03-09,Low Value,Los Angeles,2022-11-27
860,Ronald,Hernandez,Female,1986-04-14,Low Value,Dallas,2023-06-02
861,Nicole,Flores,Female,1999-07-25,Low Value,Minneapolis,2022-08-12
862,Charles,Wright,Female,2000-04-24,Low Value,Austin,2022-01-14
863,Richard,Rodriguez,Male,2002-12-14,Medium Value,Atlanta,2023-08-14
864,Lisa,Moore,Female,1965-08-06,Low Value,Atlanta,2024-07-11
865,Linda,White,Male,2004-04-09,Medium Value,Austin,2022-08-12
866,David,Carter,Female,1960-05-03,High Value,Denver,2023-04-26
867,Mary,Davis,Male,1970-01-22,Low Value,San Francisco,2022-03-27
868,Timothy,Gutierrez,Male,2001-05-16,Low Value,Boston,2025-05-22
869,Kenneth,Walker,Female,1976-11-13,Low Value,Austin,2023-12-31
870,Ryan,Phillips,Male,1999-03-01,High Value,San Francisco,2024-12-22
871,Deborah,Edwards,Male,1992-11-22,Medium Value,Boston,2023-01-20
872,John,Campbell,Female,1955-12-11,Medium Value,Miami,2025-05-27
873,Brian,Diaz,Male,1983-11-28,Low Value,Minneapolis,2024-02-28
874,Eric,Cook,Male,1955-03-16,Medium Value,New York,2025-01-28
875,Joseph,Morris,Female,1995-09-08,Medium Value,Los Angeles,2022-07-03
876,Christopher,Adams,Male,1977-05-08,Medium Value,Minneapolis,2024-09-02
877,Jonathan,Morales,Male,1958-12-11,Low Value,Los Angeles,2025-05-15
878,Christine,Parker,Female,2004-04-08,High Value,Seattle,2022-06-29
879,Joseph,Mitchell,Male,1961-06-13,Low Value,San Francisco,2023-09-29
880,Jason,Green,Female,2002-06-26,Low Value,Miami,2022-09-16
881,Susan,Gomez,Male,1953-09-28,Medium Value,Boston,2023-08-31
882,Charles,Torres,Female,1962-12-22,High Value,Minneapolis,2023-10-18
883,Emily,Morris,Male,1993-04-16,Low Value,Seattle,2024-02-11
884,Anthony,Lewis,Male,1997-12-02,Low Value,Dallas,2024-03-13
885,John,Gomez,Male,1974-07-22,Low Value,Boston,2024-03-12
886,Andrew,Harris,Female,1997-09-13,High Value,New York,2025-04-03
887,Ryan,Lee,Female,1989-03-15,Medium Value,Minneapolis,2022-10-24
888,Christine,Johnson,Male,1976-12-28,High Value,San Francisco,2022-10-30
889,Linda,Gonzalez,Male,1975-08-06,High Value,Chicago,2024-11-21
890,Benjamin,Phillips,Male,1968-01-04,Medium Value,Los Angeles,2023-09-12
891,Frank,Lopez,Female,2002-08-28,Medium Value,Miami,2024-06-30
892,Jessica,Morales,Male,1994-11-17,High Value,Los Angeles,2025-03-19
893,Nicole,White,Male,1977-08-21,Medium Value,Minneapolis,2025-03-16
894,Rebecca,Williams,Male,1978-09-27,Low Value,Atlanta,2024-12-21
895,Anthony,Thomas,Male,1964-10-23,High Value,Dallas,2024-07-04
896,Pamela,Clark,Male,1994-03-03,Medium Value,Atlanta,2022-03-13
897,George,Cooper,Female,1963-07-22,Medium Value,Chicago,2022-04-05
898,Gregory,Morgan,Female,1981-03-19,Low Value,Boston,2024-12-06
899,Frank,Gonzalez,Male,1995-01-08,Medium Value,Chicago,2023-09-06
900,Anna,Ramirez,Male,1990-06-09,Low Value,Dallas,2024-05-14
901,Christine,Lee,Female,1978-08-03,Low Value,Seattle,2022-10-21
902,Katherine,Harris,Female,1998-06-19,Low Value,Miami,2024-11-13
903,Kenneth,Parker,Male,1977-01-20,High Value,Los Angeles,2022-09-13
904,William,Nelson,Female,1993-02-12,Low Value,Denver,2022-10-27
905,Richard,Carter,Male,1967-07-04,High Value,New York,2023-09-20
906,Shirley,Hall,Male,1997-10-28,Medium Value,Seattle,2025-05-29
907,Stephanie,White,Female,1975-12-22,Medium Value,Atlanta,2024-04-04
908,Rachel,Rogers,Male,1998-03-22,High Value,Dallas,2025-03-08
909,Ashley,Turner,Female,1998-08-06,Low Value,Boston,2024-08-17
910,Eric,Robinson,Female,1972-11-28,Low Value,New York,2024-04-12
911,Elizabeth,Walker,Male,1958-03-19,High Value,Chicago,2023-08-09
912,Jason,Rogers,Male,1999-03-16,Medium Value,Boston,2024-12-26
913,James,Diaz,Male,1997-09-24,Medium Value,Denver,2024-12-17
914,Nancy,Ortiz,Female,1967-03-03,Low Value,Denver,2024-11-18
915,Timothy,Perez,Female,1976-02-11,Medium Value,Miami,2025-01-09
916,Joshua,Morris,Female,1971-05-07,Low Value,Chicago,2025-03-10
917,Dorothy,Morales,Male,1956-06-01,Medium Value,San Francisco,2023-09-04
918,Rebecca,Rivera,Male,1953-02-14,Medium Value,Boston,2024-12-19
919,Gary,Smith,Male,1962-11-09,Medium Value,Los Angeles,2024-02-06
920,Jonathan,Wright,Male,1959-08-22,High Value,Boston,2023-12-26
921,Joseph,Harris,Male,1971-01-05,Medium Value,Austin,2023-11-10
922,Amy,Wright,Male,1960-07-16,Medium Value,Atlanta,2022-09-18
923,Nicholas,Roberts,Female,1961-02-04,High Value,Chicago,2023-12-06
924,Michael,Baker,Male,1980-10-24,Medium Value,Chicago,2023-08-16
925,Ashley,Martin,Female,1999-09-06,Medium Value,Los Angeles,2022-08-24
926,Debra,Diaz,Male,1965-08-23,Low Value,New York,2024-10-25
927,Sandra,Thomas,Male,1961-07-02,Low Value,Seattle,2022-10-27
928,Michael,Carter,Male,1979-09-10,Low Value,Minneapolis,2023-04-19
929,Angela,Diaz,Male,1994-01-10,Medium Value,New York,2023-07-29
930,Kenneth,Miller,Male,1964-01-01,Low Value,Chicago,2023-10-21
931,Laura,White,Male,1969-08-12,Medium Value,Denver,2022-07-18
932,Kevin,Campbell,Male,2000-06-24,Medium Value,San Francisco,2024-02-01
933,Barbara,Wilson,Female,1961-11-24,High Value,San Francisco,2025-04-16
934,Matthew,Edwards,Male,1959-02-18,Medium Value,San Francisco,2024-08-29
935,Jennifer,Taylor,Male,1965-07-18,Medium Value,Minneapolis,2025-02-21
936,Benjamin,Thomas,Female,1980-02-16,Medium Value,Austin,2024-10-28
937,Carolyn,Taylor,Female,1971-01-19,Low Value,Chicago,2023-01-25
938,Nancy,Cruz,Male,2001-09-13,Low Value,Atlanta,2024-03-31
939,Christopher,Ramirez,Male,1990-12-01,Medium Value,Atlanta,2024-12-11
940,Paul,Thomas,Female,1963-04-02,Medium Value,Atlanta,2022-03-22
941,Sarah,Wright,Female,2003-01-21,Low Value,Los Angeles,2023-03-07
942,Benjamin,Mitchell,Female,1973-02-23,Medium Value,Atlanta,2022-10-01
943,Linda,Johnson,Female,2005-06-08,Low Value,Minneapolis,2022-12-28
944,Frank,Carter,Male,1994-05-28,Low Value,Miami,2025-02-02
945,Paul,Clark,Female,1990-11-26,High Value,Austin,2023-04-20
946,Amy,Lopez,Male,1984-03-15,Low Value,Dallas,2022-12-27
947,Samuel,Torres,Male,1954-05-06,Low Value,Dallas,2025-05-29
948,Ashley,Collins,Female,1994-07-04,Medium Value,Minneapolis,2022-01-25
949,Joseph,Johnson,Male,2001-11-02,Medium Value,Dallas,2022-06-21
950,Mary,Wilson,Male,1987-12-27,Low Value,Denver,2022-06-24
951,Christopher,Flores,Female,1974-08-05,High Value,Los Angeles,2023-07-02
952,Susan,Cooper,Male,1971-02-17,High Value,Austin,2023-04-05
953,Melissa,Torres,Male,1967-11-13,Low Value,Miami,2022-08-19
954,Susan,Torres,Male,1975-02-20,High Value,Denver,2022-06-23
955,Jason,Ortiz,Male,1974-10-06,Medium Value,Miami,2023-09-10
956,Paul,Murphy,Male,1995-06-09,Low Value,Minneapolis,2022-01-05
957,Kenneth,Jackson,Male,1977-08-24,Low Value,Boston,2022-08-20
958,Charles,Lopez,Female,1973-03-06,Medium Value,Austin,2024-10-09
959,Anna,Nelson,Female,1961-11-08,Medium Value,Austin,2024-10-15
960,Stephanie,Hernandez,Male,1990-12-14,Medium Value,Atlanta,2023-03-26
961,Anthony,Williams,Male,1976-09-16,Low Value,Dallas,2022-05-03
962,Donna,Collins,Male,1962-09-14,Medium Value,Los Angeles,2023-04-05
963,Timothy,Brown,Male,1997-07-12,Low Value,Chicago,2025-04-06
964,Patricia,Jackson,Male,1976-03-03,High Value,Los Angeles,2025-03-11
965,Jacob,Moore,Male,2000-09-23,Medium Value,Seattle,2023-11-22
966,Andrew,Anderson,Male,1962-01-21,Low Value,Chicago,2022-12-22
967,Rachel,Collins,Female,1988-12-27,Low Value,Seattle,2024-10-24
968,Paul,Lopez,Male,1986-07-05,Medium Value,Minneapolis,2025-06-21
969,Frank,Reyes,Male,1983-06-21,Medium Value,Miami,2024-02-19
970,Matthew,Wright,Female,1959-02-03,Low Value,Denver,2023-11-19
971,William,Ramirez,Male,1991-01-25,Medium Value,Seattle,2023-02-18
972,David,Garcia,Female,1989-08-02,Medium Value,Chicago,2023-09-25
973,Ronald,Cook,Female,1965-06-25,Low Value,Austin,2022-09-23
974,Nicholas,Gonzalez,Female,1985-03-01,Low Value,San Francisco,2024-09-03
975,Christopher,Martin,Female,1996-08-03,High Value,Miami,2023-04-20
976,Christopher,Cook,Male,1986-12-20,Medium Value,Miami,2023-12-01
977,George,Parker,Female,1955-12-25,Medium Value,Miami,2023-03-04
978,Larry,Murphy,Male,1959-01-05,Medium Value,Seattle,2022-06-28
979,Donna,Lee,Male,1957-05-19,Medium Value,Denver,2022-05-26
980,Jacob,Allen,Female,2001-08-21,Low Value,Dallas,2025-03-10
981,Rebecca,Evans,Female,1992-11-05,Medium Value,Boston,2023-10-05
982,Kimberly,Garcia,Female,1992-11-02,Low Value,Minneapolis,2025-02-22
983,Timothy,Lee,Female,1989-07-28,Medium Value,New York,2024-08-04
984,Samuel,Morgan,Female,2005-08-04,Medium Value,New York,2022-08-10
985,Betty,Phillips,Female,1974-02-11,Low Value,Denver,2024-09-22
986,Emily,Collins,Male,1955-09-05,High Value,Boston,2023-03-14
987,Linda,Campbell,Female,2003-07-16,High Value,Los Angeles,2022-02-16
988,Steven,Thompson,Female,1958-03-03,Medium Value,Seattle,2023-09-03
989,Shirley,Ramirez,Female,1995-05-06,High Value,Chicago,2024-05-27
990,Betty,Hall,Male,1979-08-16,Low Value,Atlanta,2022-11-26
991,Mary,Sanchez,Female,1957-12-22,Low Value,San Francisco,2023-10-26
992,Mary,Martin,Female,1982-03-16,High Value,Denver,2024-04-12
993,Thomas,Edwards,Female,1993-10-04,Medium Value,Chicago,2023-01-20
994,Scott,Carter,Male,1966-06-07,Low Value,Los Angeles,2025-03-27
995,John,Hill,Female,1972-09-27,Low Value,New York,2024-07-22
996,Eric,Nelson,Female,1960-03-15,Medium Value,Austin,2025-02-06
997,Andrew,Parker,Female,1993-05-23,Low Value,San Francisco,2022-07-23
998,Barbara,Williams,Male,1992-07-04,Low Value,Boston,2025-01-20
999,Debra,Nguyen,Male,1979-04-08,Medium Value,Boston,2022-08-23
1000,Brian,Reyes,Male,1979-11-23,Medium Value,Minneapolis,2024-02-07
1001,Gregory,King,Female,1972-07-22,High Value,Los Angeles,2024-04-29
1002,Eric,Green,Female,1974-03-19,Medium Value,Austin,2024-03-12
1003,Pamela,Diaz,Male,1961-11-13,High Value,Minneapolis,2023-10-14
1004,Thomas,Cook,Male,1960-11-19,Low Value,Austin,2023-06-17
1005,Anthony,Lopez,Female,1958-01-14,Low Value,Chicago,2025-04-30
1006,Pamela,Carter,Male,1954-12-24,Low Value,Dallas,2024-01-04
1007,Joshua,Harris,Male,1987-04-24,Low Value,Austin,2022-04-16
1008,Katherine,Wilson,Male,1960-08-20,High Value,New York,2023-08-02
1009,Kathleen,Campbell,Male,2006-04-13,Medium Value,New York,2022-02-14
1010,Anthony,Turner,Male,1977-06-21,Low Value,Boston,2023-01-04
1011,Jessica,Baker,Male,1975-08-20,Medium Value,San Francisco,2022-11-21
1012,Matthew,Brown,Male,1987-01-17,Low Value,Atlanta,2023-03-19
1013,Patricia,Adams,Male,1961-04-03,Low Value,Minneapolis,2022-09-17
1014,Brian,Nguyen,Male,1982-12-26,Medium Value,Boston,2024-03-30
1015,Rachel,Scott,Male,1978-02-19,Medium Value,San Francisco,2023-02-26
1016,Jason,Wright,Female,2005-06-20,Low Value,New York,2024-05-29
1017,Cynthia,Perez,Male,1955-09-09,Medium Value,San Francisco,2025-05-21
1018,Ronald,Brown,Female,1960-03-26,Medium Value,Denver,2023-01-16
1019,Deborah,Jackson,Female,2002-06-04,Medium Value,Chicago,2022-01-23
1020,Sandra,Rodriguez,Female,1977-05-20,Medium Value,Los Angeles,2022-07-30
1021,Pamela,Turner,Male,1996-07-11,Medium Value,Denver,2022-04-12
1022,Sharon,Thomas,Female,1960-08-06,Medium Value,San Francisco,2024-02-24
1023,Samuel,Smith,Male,1982-05-05,High Value,Austin,2024-12-28
1024,William,Stewart,Male,1959-07-24,Medium Value,Seattle,2023-12-10
1025,Kathleen,Miller,Female,1978-05-23,Medium Value,Boston,2022-09-06
1026,Patricia,Lewis,Male,1956-01-05,Low Value,New York,2024-06-11
1027,Jonathan,Smith,Female,1997-01-09,High Value,Chicago,2023-09-16
1028,Paul,Perez,Female,1961-10-15,High Value,New York,2022-10-31
1029,Katherine,Edwards,Female,1995-02-17,Medium Value,Atlanta,2024-09-05
1030,Amy,Lewis,Female,1958-05-25,Low Value,Seattle,2023-12-24
1031,Frank,Martinez,Male,1957-08-02,High Value,Los Angeles,2023-03-19
1032,Susan,Baker,Female,1966-10-25,Medium Value,Atlanta,2023-10-04
1033,Christine,Martin,Female,1985-02-05,Low Value,Los Angeles,2024-02-29
1034,Rebecca,Harris,Male,1957-05-14,Low Value,Dallas,2025-03-28
1035,Joseph,Walker,Male,1954-08-06,High Value,Seattle,2024-12-23
1036,Melissa,Parker,Male,1966-03-13,Medium Value,Atlanta,2023-11-15
1037,Michael,Carter,Male,1999-07-07,Medium Value,Seattle,2022-12-28
1038,Eric,Parker,Female,1959-11-02,Medium Value,Miami,2022-08-16
1039,Pamela,Wright,Male,1968-02-18,Medium Value,New York,2025-06-24
1040,Richard,Lewis,Female,1999-12-09,Medium Value,Boston,2023-02-21
1041,James,Gonzalez,Female,1964-09-23,Medium Value,San Francisco,2023-09-18
1042,Kenneth,Rodriguez,Male,1963-03-11,High Value,Boston,2022-01-27
1043,Daniel,King,Male,1957-03-22,Medium Value,Chicago,2024-08-28
1044,Jacob,Anderson,Male,1955-01-19,Low Value,Miami,2023-04-13
1045,Richard,Gonzalez,Male,1972-12-11,Medium Value,Boston,2023-12-20
1046,Steven,Campbell,Female,1982-01-27,Medium Value,Denver,2023-11-15
1047,Joseph,Wright,Female,1996-09-24,High Value,Miami,2024-04-20
1048,Melissa,Murphy,Male,1954-04-19,Low Value,Minneapolis,2024-06-01
1049,Timothy,Wilson,Male,1970-11-22,Low Value,Atlanta,2024-07-09
1050,Kimberly,Hall,Male,1974-07-19,Low Value,Austin,2023-07-20
1051,Brandon,Thomas,Female,1980-08-19,Medium Value,Denver,2022-01-18
1052,Rachel,Martin,Female,1986-05-20,Low Value,Atlanta,2023-09-14
1053,Mary,Collins,Female,1955-04-10,High Value,San Francisco,2024-09-27
1054,Michael,Allen,Male,1961-06-10,Low Value,Atlanta,2025-02-22
1055,Charles,Sanchez,Female,1980-10-03,Medium Value,Seattle,2024-08-27
1056,Jason,Phillips,Female,1959-05-10,Medium Value,San Francisco,2025-02-28
1057,Rachel,Sanchez,Male,1969-03-14,Medium Value,Atlanta,2023-09-17
1058,Emma,White,Female,1977-07-04,Medium Value,Dallas,2023-10-04
1059,Dorothy,Rivera,Female,1980-08-14,Medium Value,Austin,2025-02-18
1060,Sarah,Hill,Male,2003-04-19,Medium Value,Atlanta,2025-06-25
1061,Michael,Gomez,Female,1961-07-22,Medium Value,Chicago,2024-11-26
1062,Paul,Wilson,Male,1974-10-04,Medium Value,Seattle,2023-11-10
1063,Carolyn,Clark,Male,1986-03-18,Low Value,Minneapolis,2022-10-07
1064,Joshua,Flores,Male,1999-01-26,Low Value,Boston,2023-02-16
1065,Eric,Gonzalez,Male,1968-04-04,High Value,Boston,2024-11-01
1066,Joshua,Phillips,Male,1983-03-27,Low Value,Los Angeles,2025-01-24
1067,Gregory,Thomas,Female,1980-03-21,Medium Value,Chicago,2023-05-08
1068,Jacob,Morris,Male,1971-05-22,Low Value,New York,2024-10-06
1069,Carolyn,Wilson,Female,1982-07-27,High Value,Austin,2023-08-04
1070,Justin,Hill,Male,1955-11-21,Low Value,Miami,2022-03-29
1071,Dorothy,Collins,Male,1970-01-06,Medium Value,Denver,2024-10-27
1072,Angela,Rodriguez,Female,1964-11-05,Low Value,Denver,2025-02-27
1073,Emily,Hill,Male,1978-02-27,Medium Value,Miami,2024-08-24
1074,Thomas,Adams,Female,1990-10-12,Low Value,San Francisco,2024-04-06
1075,Sandra,Gonzalez,Male,1995-02-16,Medium Value,Miami,2023-04-20
1076,Susan,Thompson,Male,1999-07-25,Low Value,Austin,2022-05-07
1077,Jeffrey,Mitchell,Male,1991-11-27,Low Value,Chicago,2023-10-20
1078,Katherine,Sanchez,Male,1965-05-16,Low Value,Boston,2023-04-07
1079,Barbara,Brown,Male,1993-11-04,High Value,Los Angeles,2022-10-15
1080,Larry,Cooper,Female,1957-06-06,Low Value,Miami,2024-12-17
1081,Nicholas,Rivera,Female,1975-10-18,Low Value,Dallas,2024-06-17
1082,Larry,Hernandez,Male,1961-09-10,High Value,New York,2023-04-18
1083,Mark,Nguyen,Male,2006-05-13,Medium Value,Minneapolis,2022-11-20
1084,Eric,Cook,Male,1972-07-20,Medium Value,Chicago,2022-08-16
1085,Christine,Brown,Female,1955-06-14,Medium Value,Seattle,2022-05-02
1086,Gregory,Davis,Female,1968-08-03,Low Value,San Francisco,2022-03-14
1087,Scott,Hernandez,Female,1988-08-05,Low Value,Seattle,2022-08-02
1088,Laura,Morris,Female,1972-04-01,High Value,Chicago,2023-02-06
1089,Stephen,Morris,Male,1956-07-25,Low Value,Austin,2024-05-30
1090,Jeffrey,Thomas,Male,1992-06-12,Medium Value,Los Angeles,2022-04-29
1091,Sandra,Evans,Male,2000-09-19,Low Value,Chicago,2022-01-31
1092,Elizabeth,Davis,Male,1961-08-06,High Value,Seattle,2023-12-18
1093,Thomas,Gomez,Female,1983-11-04,High Value,Miami,2023-05-28
1094,Mark,Cruz,Female,1998-05-12,Medium Value,Atlanta,2023-05-16
1095,Michael,Hall,Male,1979-12-20,Medium Value,Boston,2023-02-21
1096,Michelle,Clark,Male,1960-06-24,High Value,Dallas,2023-04-27
1097,Joseph,Williams,Female,1984-01-09,Medium Value,Seattle,2023-09-08
1098,Brandon,Roberts,Female,1984-01-28,Medium Value,Austin,2022-04-01
1099,Jonathan,Miller,Female,1995-05-02,Low Value,Atlanta,2022-02-23
1100,Kimberly,Ramirez,Female,2001-01-11,Low Value,Minneapolis,2024-06-07
1101,Susan,Roberts,Male,1999-11-10,Medium Value,Atlanta,2025-03-18
1102,Christopher,Carter,Female,1982-12-08,Low Value,Dallas,2023-07-29
1103,Ashley,Cooper,Male,1971-06-19,High Value,Austin,2023-07-16
1104,Jessica,Flores,Male,1989-11-11,Low Value,Seattle,2024-06-27
1105,Robert,Rivera,Female,1983-11-28,Medium Value,Atlanta,2022-04-30
1106,William,Cruz,Female,1964-05-25,Medium Value,Seattle,2024-10-10
1107,Samantha,Miller,Male,1967-02-21,Medium Value,Chicago,2024-11-03
1108,Stephen,Robinson,Male,1956-12-09,High Value,Seattle,2023-12-25
1109,Brian,Wilson,Male,1957-09-15,Medium Value,New York,2023-05-01
1110,Elizabeth,Diaz,Female,1971-03-01,Low Value,Denver,2024-01-08
1111,Jacob,Nguyen,Female,1992-01-06,High Value,Denver,2022-11-04
1112,Kenneth,Rogers,Male,1998-12-17,Low Value,San Francisco,2023-03-17
1113,Timothy,Hernandez,Male,1957-04-19,Low Value,Atlanta,2025-01-27
1114,Shirley,Miller,Male,1991-08-22,Medium Value,Atlanta,2023-10-12
1115,Ashley,Nelson,Female,1968-06-08,Medium Value,Boston,2022-08-25
1116,George,Hernandez,Female,1975-09-17,Low Value,New York,2024-09-18
1117,Sandra,Taylor,Female,1987-04-25,Low Value,Austin,2022-10-10
1118,Kenneth,Thomas,Female,1958-07-14,Low Value,Atlanta,2025-03-25
1119,Lisa,Collins,Male,1953-03-04,Medium Value,Austin,2025-02-09
1120,Thomas,Jones,Male,2006-07-01,High Value,Minneapolis,2022-05-30
1121,Jason,Rivera,Female,1961-07-23,Medium Value,Atlanta,2023-08-24
1122,Nicole,Wilson,Female,1999-01-03,Low Value,Minneapolis,2024-07-08
1123,Donna,Morris,Female,1997-03-24,Low Value,Dallas,2025-04-22
1124,Karen,Smith,Male,1990-10-12,Low Value,Miami,2024-02-16
1125,Richard,Robinson,Female,1972-08-11,Medium Value,Chicago,2024-12-11
1126,Andrew,Adams,Female,1977-06-25,Low Value,Dallas,2022-03-27
1127,Laura,Gutierrez,Male,1970-10-20,High Value,Denver,2023-08-07
1128,Jeffrey,Lewis,Female,1963-05-09,Low Value,San Francisco,2023-04-20
1129,Stephen,Rogers,Male,2001-03-01,Low Value,San Francisco,2025-01-10
1130,Patricia,Mitchell,Female,1966-05-19,Low Value,Austin,2024-12-02
1131,Jessica,Cruz,Male,1980-08-09,Low Value,New York,2023-07-25
1132,David,Lewis,Female,1999-02-11,Medium Value,Dallas,2023-07-20
1133,Frank,Green,Male,1955-07-04,Low Value,Minneapolis,2023-10-13
1134,Katherine,Johnson,Male,1968-03-19,Low Value,Austin,2023-03-27
1135,Gary,White,Male,1999-08-10,Medium Value,Dallas,2022-07-01
1136,James,Parker,Male,1957-08-18,Medium Value,San Francisco,2022-12-31
1137,Benjamin,Walker,Female,1993-06-16,Low Value,Atlanta,2023-01-04
1138,Debra,Morales,Female,1984-11-13,Medium Value,San Francisco,2024-09-12
1139,Sharon,Edwards,Female,1973-04-22,High Value,Austin,2024-08-09
1140,Carolyn,Gomez,Female,1998-03-25,Low Value,Boston,2024-09-28
1141,Donna,Wright,Male,1985-04-28,High Value,Austin,2023-10-24
1142,Jeffrey,Diaz,Female,1978-05-02,Medium Value,Seattle,2023-03-25
1143,Cynthia,Evans,Female,1967-10-06,Medium Value,Atlanta,2022-08-14
1144,Thomas,Cooper,Female,1954-12-01,High Value,Austin,2023-11-14
1145,Christine,Miller,Male,1986-04-12,Medium Value,Atlanta,2022-11-18
1146,Donna,Lee,Male,1976-06-14,Medium Value,Los Angeles,2023-05-25
1147,Shirley,Wilson,Male,1985-07-26,High Value,Boston,2023-08-03
1148,Robert,Wright,Male,2000-02-27,Low Value,Austin,2022-09-26
1149,Elizabeth,Martinez,Male,1985-12-23,Medium Value,Minneapolis,2022-01-31
1150,Richard,Gomez,Male,1965-10-28,Low Value,Seattle,2024-05-20
1151,Ryan,Sanchez,Female,1959-05-21,Medium Value,San Francisco,2023-08-20
1152,Brenda,Scott,Female,1983-05-23,Medium Value,Atlanta,2024-02-23
1153,Deborah,Cooper,Female,1998-02-15,Medium Value,Los Angeles,2022-02-20
1154,Amy,Wilson,Female,1994-05-11,Low Value,Dallas,2022-06-21
1155,Nicole,Young,Female,1958-03-13,Low Value,San Francisco,2024-12-07
1156,Linda,Murphy,Male,1969-07-10,Medium Value,Minneapolis,2022-11-05
1157,James,Wright,Female,1997-04-25,Low Value,Atlanta,2025-01-22
1158,Carol,Reyes,Male,1998-08-17,Low Value,Atlanta,2022-06-16
1159,Timothy,Taylor,Male,2001-01-06,Low Value,Atlanta,2022-12-07
1160,Robert,Diaz,Male,1984-03-21,Medium Value,Atlanta,2025-01-25
1161,Laura,Nguyen,Male,1999-11-09,Medium Value,Atlanta,2024-02-01
1162,Eric,Clark,Female,2004-10-23,Medium Value,Denver,2023-05-30
1163,Sarah,Perez,Female,1986-12-27,High Value,Boston,2024-05-02
1164,Michelle,Harris,Male,1965-12-04,Medium Value,Atlanta,2022-07-13
1165,William,Hall,Male,1993-09-08,Low Value,Denver,2023-01-30
1166,Justin,Flores,Female,1976-10-25,Low Value,Austin,2025-02-23
1167,Nicole,Martin,Male,1959-12-07,High Value,Seattle,2025-02-28
1168,Kevin,Scott,Female,2004-12-28,Low Value,San Francisco,2024-08-27
1169,Margaret,Lopez,Male,2004-10-05,High Value,Dallas,2022-01-01
1170,Sarah,Rogers,Male,2004-08-14,Medium Value,Miami,2023-09-12
1171,Timothy,Roberts,Female,1998-08-12,Low Value,Seattle,2023-10-12
1172,Nancy,Scott,Male,1998-03-27,Medium Value,Austin,2024-09-30
1173,Brenda,Parker,Male,1994-06-06,Low Value,Chicago,2024-08-12
1174,Margaret,Harris,Female,1977-06-06,Low Value,Minneapolis,2023-02-06
1175,Nicole,Flores,Male,1974-02-12,Medium Value,Seattle,2022-01-27
1176,Samuel,Morris,Female,1978-01-23,Medium Value,Minneapolis,2022-04-28
1177,Anna,Collins,Female,1984-03-16,Low Value,Minneapolis,2025-01-22
1178,Brandon,Martin,Male,1998-12-06,High Value,Dallas,2022-09-02
1179,Kenneth,Gonzalez,Male,1987-05-28,Low Value,Los Angeles,2022-02-04
1180,Nancy,Campbell,Female,1986-01-22,Medium Value,Austin,2022-05-06
1181,Paul,Hernandez,Male,1964-08-02,Low Value,Seattle,2024-11-01
1182,Michelle,Scott,Male,1988-06-04,Medium Value,Denver,2022-06-26
1183,Barbara,White,Male,1999-02-06,Medium Value,Denver,2022-02-11
1184,Katherine,Mitchell,Male,1982-02-24,Medium Value,Los Angeles,2023-01-27
1185,Michael,Carter,Female,1998-05-06,High Value,Seattle,2023-10-09
1186,Betty,Thompson,Female,1971-05-23,Medium Value,Boston,2024-09-30
1187,Benjamin,Perez,Female,1955-10-13,Medium Value,Dallas,2023-03-08
1188,Anthony,Baker,Female,1997-09-18,Low Value,Minneapolis,2022-07-05
1189,Dorothy,King,Male,1955-02-17,Low Value,Miami,2024-08-31
1190,Larry,Carter,Female,1995-10-02,Low Value,Denver,2024-01-05
1191,Jacob,Nelson,Female,1974-11-04,Low Value,Dallas,2023-09-20
1192,Jeffrey,Collins,Male,1990-10-23,Low Value,Austin,2024-08-27
1193,Scott,Baker,Female,1983-11-13,High Value,Seattle,2023-04-25
1194,Sharon,Diaz,Male,2002-05-19,Medium Value,Austin,2022-12-02
1195,Larry,Moore,Male,1961-11-11,Low Value,Chicago,2023-09-26
1196,Ryan,Gomez,Female,1963-08-01,High Value,Miami,2022-12-19
1197,Anthony,Parker,Male,1958-12-08,Low Value,Dallas,2024-02-06
1198,Jacob,Gomez,Male,1997-04-16,Medium Value,Miami,2024-08-07
1199,Stephanie,Taylor,Male,1973-03-13,Low Value,Denver,2024-05-19
1200,Gary,Brown,Female,1967-10-06,Medium Value,Los Angeles,2023-11-28
1201,Elizabeth,Robinson,Female,1961-08-07,Medium Value,Chicago,2024-06-10
1202,Jason,Martin,Male,1971-05-13,Low Value,Miami,2022-03-13
1203,Christopher,Gomez,Male,1996-09-27,Medium Value,New York,2022-06-19
1204,Mary,Lee,Female,1973-03-19,Medium Value,Atlanta,2024-07-20
1205,Jason,Miller,Female,1972-07-09,Low Value,Minneapolis,2025-05-21
1206,Jacob,Nelson,Female,1987-06-04,Low Value,Dallas,2024-12-24
1207,Karen,Smith,Male,1974-12-19,Medium Value,Seattle,2025-06-12
1208,Dorothy,Torres,Male,1955-02-28,Medium Value,Boston,2022-04-13
1209,Jason,Baker,Female,1996-05-25,Medium Value,Chicago,2023-01-02
1210,Carol,Hill,Female,1993-01-20,Medium Value,New York,2022-03-16
1211,David,Morgan,Male,1959-03-24,Low Value,Dallas,2024-06-01
1212,Frank,Young,Female,2005-12-27,Medium Value,Atlanta,2022-03-25
1213,Anna,Gonzalez,Male,1977-09-24,Medium Value,New York,2023-09-11
1214,Christine,Hernandez,Female,2006-07-04,Medium Value,Los Angeles,2023-09-13
1215,Frank,Miller,Male,1976-10-16,Low Value,Los Angeles,2024-06-13
1216,Emily,Cook,Male,1995-01-20,Low Value,Austin,2023-08-07
1217,Sharon,Taylor,Male,1970-05-15,Low Value,San Francisco,2023-10-14
1218,Mark,Rodriguez,Female,1992-05-24,Low Value,Minneapolis,2024-08-01
1219,Emma,Roberts,Female,1983-09-01,Medium Value,Denver,2023-12-11
1220,Anthony,Morgan,Female,1997-03-22,Medium Value,Austin,2022-03-08
1221,Benjamin,Morales,Male,1988-06-03,Low Value,Los Angeles,2024-12-20
1222,Cynthia,Reyes,Female,1954-03-20,High Value,San Francisco,2023-12-22
1223,Andrew,Morales,Male,1968-07-18,Medium Value,Dallas,2022-09-10
1224,Pamela,Nguyen,Male,1964-03-25,Low Value,Minneapolis,2025-01-31
1225,Scott,Scott,Female,1973-06-21,Low Value,New York,2023-10-13
1226,Rebecca,Murphy,Male,2001-08-10,High Value,Boston,2022-12-30
1227,Dorothy,Thompson,Female,1996-02-13,Low Value,San Francisco,2024-05-06
1228,Sarah,Cook,Male,1958-10-19,Medium Value,Minneapolis,2022-02-16
1229,Rachel,Lopez,Female,1976-01-24,Low Value,San Francisco,2024-03-08
1230,Ryan,Mitchell,Male,1999-04-06,Low Value,Boston,2023-02-14
1231,Anthony,Reyes,Male,1982-04-22,Medium Value,San Francisco,2023-05-11
1232,Anna,Nelson,Male,1963-04-15,Low Value,Minneapolis,2022-01-15
1233,Eric,Stewart,Female,1977-02-26,Low Value,Austin,2025-01-05
1234,Jeffrey,Morris,Male,2005-12-02,Low Value,Seattle,2022-03-23
1235,Jason,Thomas,Female,1959-03-28,Low Value,Seattle,2025-04-02
1236,George,Evans,Male,1995-06-05,Low Value,Los Angeles,2023-03-07
1237,Ryan,Morales,Male,2001-04-25,Medium Value,Seattle,2024-06-29
1238,Larry,Scott,Female,1991-01-25,High Value,Dallas,2023-08-14
1239,Donna,Flores,Female,1998-03-19,Medium Value,Miami,2024-06-19
1240,Charles,Nguyen,Male,1977-05-21,High Value,Los Angeles,2023-03-10
1241,Kimberly,Campbell,Male,1999-09-24,Medium Value,Atlanta,2025-06-20
1242,Nicole,Cook,Male,1973-09-12,Low Value,Austin,2024-09-20
1243,Daniel,Morris,Female,1977-01-22,Medium Value,New York,2023-09-26
1244,Christine,Sanchez,Male,1975-08-15,Low Value,San Francisco,2022-01-25
1245,Betty,Campbell,Male,1995-01-13,High Value,Miami,2023-11-06
1246,Linda,Edwards,Male,1989-09-08,Medium Value,Los Angeles,2023-01-10
1247,Sandra,Collins,Male,1964-01-20,Medium Value,Seattle,2022-07-07
1248,Thomas,Gutierrez,Male,1972-01-07,Medium Value,Los Angeles,2025-04-05
1249,Kenneth,Martinez,Male,1965-08-04,High Value,Boston,2023-02-09
1250,Joshua,Johnson,Female,1990-07-28,Low Value,New York,2024-06-25
1251,James,Allen,Female,2001-07-20,Medium Value,Seattle,2022-12-28
1252,Samuel,Hill,Female,1969-09-08,Medium Value,Denver,2025-02-23
1253,Lisa,Morales,Male,1953-06-17,Medium Value,Boston,2023-01-02
1254,Richard,Cruz,Female,1974-11-22,Low Value,Atlanta,2023-02-01
1255,Michelle,Cook,Male,1972-06-25,Medium Value,Atlanta,2023-09-07
1256,Carol,Lee,Male,1965-07-26,Low Value,Dallas,2025-06-03
1257,Christine,Turner,Female,2002-12-09,Low Value,Los Angeles,2024-08-24
1258,Charles,Flores,Female,1974-12-12,Medium Value,Minneapolis,2023-09-23
1259,James,Phillips,Female,1956-07-12,Low Value,Miami,2024-07-24
1260,Anthony,Allen,Male,1971-06-01,Medium Value,Denver,2024-02-23
1261,Margaret,Cook,Male,1981-05-04,Medium Value,New York,2023-10-29
1262,Jennifer,Roberts,Female,1997-12-16,Medium Value,Los Angeles,2025-05-27
1263,Katherine,Baker,Male,1970-09-12,Low Value,Boston,2022-08-16
1264,Carol,Evans,Male,2005-03-28,Medium Value,Dallas,2025-03-21
1265,Carol,Cooper,Male,2001-11-09,Medium Value,Atlanta,2023-08-20
1266,Carolyn,Green,Male,1976-08-24,Medium Value,Los Angeles,2024-08-17
1267,Alexander,King,Male,1969-10-24,High Value,Chicago,2024-04-21
1268,Shirley,Davis,Male,1985-06-01,Medium Value,San Francisco,2022-03-07
1269,Jonathan,Morales,Female,1971-10-11,High Value,Miami,2022-06-04
1270,Jonathan,Lee,Male,2004-09-28,Medium Value,New York,2024-08-17
1271,Rachel,Parker,Male,2005-05-15,Low Value,Boston,2022-11-08
1272,Ryan,Ortiz,Female,2002-12-24,Low Value,Austin,2024-04-02
1273,John,Johnson,Female,1967-06-14,Medium Value,Dallas,2023-04-02
1274,Christine,Sanchez,Female,2002-10-12,Low Value,Minneapolis,2022-11-09
1275,Lisa,Gonzalez,Female,1954-09-20,Low Value,Chicago,2025-01-11
1276,Sandra,Clark,Female,1965-05-06,Low Value,Austin,2023-04-23
1277,Patricia,Moore,Female,1981-02-27,High Value,Austin,2023-03-04
1278,Betty,Clark,Female,2002-07-19,High Value,New York,2022-12-25
1279,Christopher,Clark,Male,1960-08-24,Medium Value,San Francisco,2023-10-11
1280,Nicholas,Campbell,Male,1983-05-17,Low Value,New York,2022-02-03
1281,Richard,Rivera,Female,1976-05-27,Medium Value,New York,2023-09-08
1282,Jacob,Williams,Female,1970-12-21,High Value,Denver,2023-05-25
1283,Sarah,Stewart,Male,2001-01-02,Low Value,San Francisco,2023-08-24
1284,Sharon,Thompson,Male,1964-09-05,Low Value,Minneapolis,2023-01-07
1285,Patricia,Murphy,Male,1966-05-13,Medium Value,Miami,2023-06-28
1286,Kevin,Brown,Male,1983-01-24,Low Value,Dallas,2022-04-06
1287,Christopher,Gonzalez,Male,1953-06-08,Medium Value,New York,2022-05-16
1288,Jonathan,Cruz,Female,1961-10-26,High Value,Miami,2024-09-02
1289,Carol,Cooper,Male,1976-10-22,High Value,Minneapolis,2024-10-06
1290,Thomas,Lewis,Male,1985-03-26,Medium Value,Dallas,2022-06-18
1291,Brandon,Wilson,Female,1968-04-09,Low Value,Dallas,2023-09-09
1292,Thomas,Adams,Female,1980-06-22,Medium Value,Dallas,2022-03-12
1293,Betty,White,Male,1953-03-21,Low Value,Chicago,2023-05-03
1294,Amy,Hall,Female,1965-11-28,Medium Value,San Francisco,2023-03-16
1295,Jessica,Scott,Female,1994-09-11,Low Value,Denver,2023-01-17
1296,Stephen,Collins,Female,1995-02-22,Low Value,Denver,2023-06-23
1297,Emma,Taylor,Male,1959-04-15,High Value,New York,2023-08-29
1298,Laura,Hernandez,Female,1985-03-13,Medium Value,Atlanta,2023-03-31
1299,Shirley,Martin,Female,1989-09-17,Low Value,Chicago,2024-01-13
1300,Deborah,Lee,Male,1959-11-06,Low Value,Miami,2025-06-20
1301,Emma,Diaz,Male,1965-05-02,Medium Value,Austin,2024-12-04
1302,Carol,Moore,Female,1999-05-01,Medium Value,New York,2025-02-12
1303,Linda,Evans,Male,1961-03-16,Low Value,Dallas,2023-05-12
1304,Ronald,Harris,Female,1968-06-03,Low Value,Los Angeles,2023-07-20
1305,Anthony,Cruz,Male,1962-11-09,High Value,Denver,2022-08-29
1306,Sandra,Cruz,Female,1972-02-18,Low Value,Minneapolis,2022-11-11
1307,Paul,Garcia,Female,1977-05-04,Medium Value,Miami,2025-04-13
1308,Donna,Lewis,Female,1986-02-03,Low Value,Minneapolis,2025-05-11
1309,Carolyn,Parker,Female,1979-01-21,Low Value,New York,2023-07-28
1310,Katherine,Rogers,Female,1974-07-22,Low Value,Seattle,2022-06-20
1311,Ashley,Murphy,Female,1967-10-14,Medium Value,Miami,2024-09-26
1312,Anna,Gutierrez,Female,1995-07-02,High Value,San Francisco,2022-07-21
1313,George,Turner,Male,2005-07-23,High Value,Minneapolis,2024-06-20
1314,Rebecca,Parker,Male,1995-01-07,Medium Value,San Francisco,2023-11-05
1315,Ryan,Allen,Male,1975-11-12,Low Value,Denver,2023-05-25
1316,Ryan,King,Female,2002-03-07,Low Value,Atlanta,2025-01-25
1317,Daniel,Murphy,Female,1958-06-12,Medium Value,San Francisco,2023-04-12
1318,Katherine,Phillips,Male,1973-10-16,Medium Value,Miami,2024-02-23
1319,Brian,Baker,Female,2004-08-12,Low Value,Dallas,2023-10-24
1320,Nicholas,Nguyen,Female,2001-09-18,Medium Value,Dallas,2022-06-05
1321,Kimberly,Jackson,Female,1998-06-18,Medium Value,Denver,2024-02-28
1322,Brandon,Hernandez,Female,1973-04-15,Medium Value,Chicago,2022-11-14
1323,Mark,Lewis,Female,1968-04-15,Low Value,Miami,2022-10-25
1324,Brandon,Morris,Male,2006-08-14,Medium Value,Atlanta,2025-03-09
1325,Benjamin,Roberts,Female,2000-05-23,Low Value,Denver,2023-06-24
1326,Kenneth,Cooper,Male,1975-02-23,Medium Value,Dallas,2023-05-21
1327,Nicholas,Stewart,Male,1987-06-04,Medium Value,San Francisco,2023-12-15
1328,Dorothy,Wright,Male,1989-01-15,Medium Value,San Francisco,2025-04-25
1329,John,Edwards,Male,1988-11-02,Medium Value,Denver,2022-10-30
1330,Larry,Allen,Female,1999-01-23,Medium Value,San Francisco,2022-10-01
1331,Michelle,Morgan,Female,1997-11-10,Medium Value,Denver,2024-11-06
1332,James,Miller,Female,1998-06-19,Low Value,New York,2022-05-26
1333,Matthew,Young,Male,1991-03-27,High Value,Dallas,2024-10-10
1334,Rebecca,Roberts,Male,2004-07-13,Medium Value,Minneapolis,2023-12-05
1335,Laura,Allen,Male,1984-02-06,Medium Value,Seattle,2023-04-10
1336,Amanda,Edwards,Male,2001-02-17,High Value,Seattle,2025-05-26
1337,Richard,Perez,Female,1953-09-01,Medium Value,Chicago,2023-09-20
1338,William,Thompson,Female,1965-11-20,Medium Value,Boston,2023-03-24
1339,Scott,Mitchell,Male,1989-03-15,Low Value,Minneapolis,2022-12-30
1340,Patricia,Jones,Female,1987-02-26,Low Value,Seattle,2022-08-09
1341,Richard,Murphy,Male,1965-10-05,Low Value,San Francisco,2024-07-20
1342,Cynthia,Anderson,Female,1995-09-03,Medium Value,Denver,2022-10-17
1343,Rebecca,Garcia,Male,1975-01-16,Low Value,Miami,2025-04-25
1344,Shirley,Morgan,Female,1986-07-25,Low Value,Atlanta,2023-08-02
1345,Donna,Diaz,Male,1978-07-13,Medium Value,New York,2024-10-03
1346,Michelle,Murphy,Female,2003-05-25,Low Value,Miami,2024-12-16
1347,Michelle,Cooper,Male,1964-11-11,High Value,Minneapolis,2022-02-27
1348,Melissa,Morgan,Male,1956-11-28,Low Value,Austin,2024-12-09
1349,Margaret,Gonzalez,Male,1982-03-08,Medium Value,Minneapolis,2023-02-21
1350,Jennifer,Carter,Male,1966-12-04,High Value,Seattle,2023-05-08
1351,Daniel,Roberts,Female,2005-04-12,High Value,Austin,2022-10-18
1352,Jason,Flores,Female,1966-11-24,Medium Value,Seattle,2022-01-21
1353,Matthew,Morales,Female,1969-10-01,Low Value,Miami,2022-03-27
1354,Elizabeth,Anderson,Male,1960-03-26,High Value,Boston,2025-01-04
1355,Rachel,Gomez,Female,1971-09-10,Low Value,Seattle,2023-06-20
1356,Barbara,Murphy,Male,1965-03-17,Medium Value,Chicago,2022-08-12
1357,Lisa,Hernandez,Female,2001-12-26,Medium Value,New York,2025-06-14
1358,Scott,Garcia,Female,1995-09-25,Low Value,Los Angeles,2023-10-14
1359,Amanda,Allen,Male,1964-06-15,Low Value,Los Angeles,2022-04-26
1360,Nicholas,Rodriguez,Female,1967-03-21,Medium Value,Los Angeles,2024-06-17
1361,Anna,Ortiz,Male,1971-09-06,Medium Value,Dallas,2023-10-13
1362,Eric,Morgan,Female,1954-10-24,Low Value,Dallas,2023-10-21
1363,Rachel,Robinson,Male,1953-07-01,High Value,San Francisco,2024-03-04
1364,Benjamin,Jones,Male,1989-09-03,Low Value,Chicago,2024-09-02
1365,Rachel,Roberts,Female,1981-12-08,Medium Value,Miami,2023-05-28
1366,Amy,Martin,Female,1982-09-12,High Value,Los Angeles,2022-12-24
1367,Christopher,Mitchell,Female,2000-01-14,High Value,Seattle,2024-07-30
1368,Rebecca,Taylor,Male,2006-11-12,Low Value,Los Angeles,2024-05-12
1369,Jeffrey,Roberts,Female,1982-06-11,Low Value,Denver,2022-09-30
1370,Matthew,Harris,Male,1999-11-26,Medium Value,San Francisco,2024-08-06
1371,Deborah,Flores,Female,1966-07-05,High Value,Boston,2024-07-15
1372,Michael,Sanchez,Female,1966-06-18,Low Value,Dallas,2024-11-25
1373,Frank,Clark,Male,1977-10-22,Medium Value,Dallas,2025-02-27
1374,Karen,Evans,Male,1973-08-08,High Value,Minneapolis,2024-09-23
1375,Alexander,Gonzalez,Male,2003-02-03,High Value,Chicago,2022-04-19
1376,Betty,Martin,Female,1966-05-27,Medium Value,New York,2023-10-09
1377,Amanda,Thompson,Female,1971-05-04,High Value,Atlanta,2022-11-08
1378,Christopher,Stewart,Female,1997-05-23,Low Value,Los Angeles,2022-10-28
1379,Sarah,Carter,Male,1983-07-16,Low Value,Dallas,2025-04-15
1380,Justin,White,Female,1981-01-16,Medium Value,Miami,2023-11-27
1381,Daniel,Moore,Male,1992-05-22,Low Value,Austin,2022-08-16
1382,Katherine,Adams,Male,1971-12-26,Medium Value,New York,2024-10-10
1383,Nancy,Campbell,Female,1969-04-17,Low Value,Seattle,2022-02-18
1384,Christine,Walker,Male,1997-05-09,Low Value,Boston,2023-11-23
1385,Gregory,Hernandez,Female,1974-09-02,Low Value,Dallas,2022-01-22
1386,Betty,Stewart,Female,1977-07-02,Low Value,Minneapolis,2024-02-08
1387,Edward,Baker,Female,1961-06-24,Medium Value,Seattle,2024-09-28
1388,Debra,Hernandez,Female,2004-11-11,Low Value,Atlanta,2022-02-17
1389,Ashley,Martinez,Male,1964-06-03,Medium Value,Dallas,2023-05-01
1390,Mary,Baker,Male,1992-02-05,Low Value,San Francisco,2024-08-01
1391,Brandon,Thomas,Male,1956-12-05,Low Value,Los Angeles,2022-06-16
1392,James,Parker,Male,2003-11-08,High Value,Los Angeles,2022-06-12
1393,Jacob,Sanchez,Male,1998-08-20,Medium Value,Minneapolis,2023-08-13
1394,Jeffrey,White,Male,1985-01-03,Low Value,Dallas,2023-06-24
1395,Carolyn,Thomas,Male,1997-02-07,Low Value,Dallas,2023-04-12
1396,Scott,Evans,Female,1985-11-10,Medium Value,Los Angeles,2023-12-08
1397,Andrew,Lee,Female,1957-01-03,Medium Value,Boston,2022-05-04
1398,Alexander,Edwards,Male,1953-12-22,Medium Value,New York,2024-01-11
1399,Larry,King,Male,1999-06-15,Low Value,Denver,2024-09-10
1400,Kenneth,Cooper,Female,2000-04-08,High Value,San Francisco,2023-12-24
1401,Rebecca,Reyes,Female,1982-08-05,Low Value,Dallas,2024-02-29
1402,Kenneth,Carter,Male,1993-03-13,High Value,Denver,2022-12-20
1403,Richard,Williams,Male,1978-08-05,Medium Value,Seattle,2022-02-14
1404,Sandra,Harris,Female,1984-10-24,Medium Value,Boston,2022-11-24
1405,Susan,Rodriguez,Female,1973-12-16,Medium Value,San Francisco,2023-04-27
1406,Sharon,Morales,Male,1953-05-21,Medium Value,Dallas,2023-09-29
1407,Scott,Taylor,Male,1986-05-11,Medium Value,Minneapolis,2022-09-20
1408,John,Edwards,Male,1976-07-08,Low Value,Los Angeles,2023-04-24
1409,Emily,Baker,Female,1989-06-23,Low Value,Los Angeles,2023-10-22
1410,Nicole,Walker,Male,2005-04-16,Medium Value,San Francisco,2022-02-09
1411,Charles,Adams,Female,1958-09-16,Low Value,Boston,2023-06-29
1412,Emily,Jackson,Male,1976-01-16,Medium Value,Los Angeles,2022-01-07
1413,Brenda,Jackson,Female,2003-05-11,Low Value,Boston,2025-05-23
1414,Scott,Thomas,Male,1971-12-02,Low Value,Minneapolis,2024-12-08
1415,Jason,Johnson,Female,1972-05-07,Medium Value,Dallas,2022-03-01
1416,Deborah,Reyes,Male,2002-03-15,Medium Value,Miami,2022-11-18
1417,Emily,Collins,Male,1970-04-23,Medium Value,San Francisco,2022-11-30
1418,Jessica,Miller,Male,1973-09-16,High Value,Denver,2024-02-08
1419,Ronald,Thompson,Female,1973-10-27,Low Value,Chicago,2023-10-26
1420,Thomas,Murphy,Male,1957-02-05,High Value,Dallas,2022-12-01
1421,Melissa,Baker,Female,1958-07-11,Medium Value,New York,2025-01-21
1422,Frank,Martin,Female,1988-02-27,Medium Value,Los Angeles,2022-08-25
1423,Donald,Davis,Male,1994-11-18,High Value,Chicago,2023-04-07
1424,Karen,Moore,Male,1985-06-11,Low Value,Austin,2024-03-21
1425,Patricia,Turner,Female,1988-02-02,Medium Value,Los Angeles,2023-03-04
1426,Carolyn,Hernandez,Female,1990-06-17,Medium Value,Dallas,2022-11-08
1427,Paul,Mitchell,Female,1985-07-06,Low Value,Los Angeles,2023-06-09
1428,Ronald,Thomas,Female,1994-05-15,Medium Value,Chicago,2024-11-14
1429,Jennifer,Roberts,Male,2004-02-24,Medium Value,Los Angeles,2025-03-13
1430,Nicole,Hill,Male,1976-08-02,Low Value,Miami,2025-03-06
1431,Angela,Brown,Male,1972-01-07,Low Value,Dallas,2023-02-27
1432,Ryan,Gomez,Female,1991-03-16,Medium Value,Boston,2023-08-08
1433,Elizabeth,Wilson,Male,1953-01-20,Low Value,Chicago,2023-07-16
1434,Larry,Lee,Female,1959-01-12,Low Value,Los Angeles,2024-05-16
1435,Sharon,Williams,Female,1972-01-04,High Value,Seattle,2024-07-24
1436,Jessica,Brown,Male,1983-03-01,High Value,New York,2023-04-26
1437,Paul,Williams,Female,1997-10-16,Low Value,New York,2022-11-10
1438,Patricia,Jones,Female,1984-07-27,Medium Value,Boston,2022-01-28
1439,Emily,Torres,Male,1999-08-07,High Value,Seattle,2023-07-11
1440,James,Garcia,Female,1989-07-18,Medium Value,Minneapolis,2023-04-20
1441,George,Lopez,Female,1991-06-15,Medium Value,Boston,2024-02-04
1442,Carol,Hall,Male,1979-03-19,Medium Value,Austin,2023-12-13
1443,Alexander,Cooper,Female,1979-06-14,Low Value,New York,2022-10-09
1444,Cynthia,Cooper,Female,1996-03-02,Medium Value,Denver,2022-10-25
1445,Pamela,Moore,Male,2005-04-27,Medium Value,Minneapolis,2024-05-08
1446,Eric,Wilson,Male,1989-01-09,Low Value,Atlanta,2022-12-04
1447,Gary,Anderson,Female,1973-12-27,Medium Value,Denver,2024-03-19
1448,Pamela,Hall,Male,2000-07-23,Medium Value,New York,2024-07-18
1449,James,Cook,Male,2004-02-16,Low Value,Dallas,2023-09-20
1450,Emma,Gonzalez,Male,2005-04-01,High Value,Chicago,2022-09-05
1451,William,Allen,Male,1981-02-14,Low Value,Denver,2022-01-22
1452,Deborah,Clark,Female,1972-07-20,Low Value,San Francisco,2025-06-13
1453,Kathleen,Green,Male,1975-01-09,Medium Value,Minneapolis,2024-02-25
1454,Frank,Hall,Female,1996-08-01,High Value,Austin,2024-09-25
1455,Emma,Lopez,Female,1958-04-24,Low Value,Minneapolis,2022-07-12
1456,Anna,Stewart,Male,1955-06-10,Low Value,Atlanta,2024-07-13
1457,Rachel,Taylor,Male,1990-11-25,Low Value,Chicago,2024-06-29
1458,Carolyn,Roberts,Female,2004-09-21,High Value,Minneapolis,2025-04-14
1459,Cynthia,Nguyen,Male,1963-01-10,Medium Value,San Francisco,2022-08-13
1460,Betty,Morris,Male,1984-04-01,Low Value,Austin,2022-12-28
1461,Mark,Baker,Male,1996-10-28,Medium Value,Boston,2024-06-29
1462,Richard,Perez,Male,1961-03-24,Medium Value,San Francisco,2024-06-16
1463,John,Ortiz,Female,1997-06-21,High Value,Atlanta,2024-08-28
1464,William,Rodriguez,Female,1958-05-22,Medium Value,Denver,2024-11-04
1465,Jessica,Brown,Male,1963-02-19,Low Value,Dallas,2024-07-02
1466,Amy,Rodriguez,Female,2003-11-06,Medium Value,San Francisco,2025-02-20
1467,Sarah,Gomez,Female,1953-06-02,Low Value,Atlanta,2022-08-19
1468,Joshua,Moore,Male,1973-04-28,Low Value,Boston,2023-01-22
1469,Richard,Thompson,Male,1977-09-21,Medium Value,Miami,2022-05-26
1470,William,Morris,Male,1985-02-19,Medium Value,Dallas,2024-04-26
1471,Kimberly,Evans,Male,1956-07-02,Low Value,Denver,2022-02-26
1472,Ronald,Edwards,Female,1991-04-24,Medium Value,Dallas,2024-11-09
1473,Donald,Gutierrez,Male,1971-08-25,Medium Value,New York,2022-03-05
1474,Samuel,Garcia,Male,1976-05-13,Medium Value,Seattle,2023-12-01
1475,Michelle,Stewart,Female,1985-08-13,Medium Value,Minneapolis,2025-02-21
1476,Jacob,Baker,Male,1958-12-16,Medium Value,Denver,2025-06-16
1477,Paul,Torres,Female,1991-09-08,Low Value,Denver,2023-10-26
1478,Michelle,Harris,Female,2005-06-17,Medium Value,Miami,2023-06-25
1479,Brandon,Moore,Male,2004-12-10,Low Value,Los Angeles,2024-01-11
1480,Dorothy,Gutierrez,Male,1964-02-24,Low Value,Minneapolis,2023-05-21
1481,Lisa,Murphy,Female,1976-04-13,Low Value,Boston,2025-03-09
1482,Anna,Martinez,Female,1969-02-13,Low Value,Atlanta,2022-01-07
1483,Kathleen,Collins,Female,1988-10-27,Medium Value,Seattle,2024-05-11
1484,Benjamin,Morales,Female,1991-02-16,Medium Value,Austin,2022-09-02
1485,Jennifer,Rodriguez,Male,1970-02-18,Medium Value,Atlanta,2022-07-16
1486,Jennifer,Davis,Male,1953-02-11,Low Value,San Francisco,2023-08-06
1487,Stephen,Rivera,Female,2006-04-05,Medium Value,Chicago,2023-10-11
1488,Anthony,Cooper,Female,1992-01-06,Medium Value,New York,2025-06-11
1489,Jessica,Gonzalez,Female,1968-07-08,Medium Value,Los Angeles,2022-12-06
1490,Susan,Smith,Female,1968-11-10,Medium Value,Austin,2025-05-13
1491,Richard,Hernandez,Male,1979-12-15,High Value,Boston,2024-02-27
1492,Emma,Wright,Male,1966-11-16,Low Value,Austin,2024-12-09
1493,Jeffrey,Clark,Female,1976-03-23,Low Value,New York,2024-02-13
1494,Kenneth,Rivera,Male,1978-05-08,Medium Value,Minneapolis,2023-04-18
1495,Rachel,Young,Male,1994-12-03,Low Value,Boston,2022-02-14
1496,John,Morales,Female,1980-12-15,High Value,Austin,2023-06-07
1497,Amy,Lee,Female,1963-04-28,Low Value,San Francisco,2025-05-11
1498,Timothy,Campbell,Male,1956-04-03,Low Value,Minneapolis,2022-07-09
1499,David,Ortiz,Female,1969-08-05,High Value,Seattle,2024-06-11
1500,Edward,Flores,Male,1963-09-03,Low Value,Los Angeles,2025-06-25
1501,Andrew,Stewart,Male,1980-03-08,Low Value,Chicago,2023-02-05
1502,Paul,Thompson,Male,1987-02-25,Medium Value,Boston,2024-01-26
1503,Ashley,Johnson,Male,1973-03-25,Medium Value,Seattle,2022-02-12
1504,Sarah,Perez,Female,1956-08-05,Medium Value,Dallas,2025-06-01
1505,Dorothy,Young,Female,1982-03-23,Low Value,New York,2022-11-28
1506,Timothy,Moore,Male,1953-05-15,Low Value,Atlanta,2024-03-19
1507,Samuel,Gutierrez,Female,1975-10-19,Low Value,Minneapolis,2024-04-09
1508,Nancy,Cook,Female,1984-03-26,Medium Value,Chicago,2025-05-13
1509,Anna,Evans,Male,1977-07-10,High Value,Denver,2024-09-24
1510,Katherine,Jackson,Female,1981-10-26,High Value,Minneapolis,2023-09-11
1511,Jeffrey,Allen,Male,1984-07-15,Medium Value,Minneapolis,2023-02-24
1512,Ashley,Jackson,Male,1993-02-10,High Value,Denver,2024-08-10
1513,Elizabeth,Nguyen,Female,1975-09-18,High Value,Boston,2024-09-08
1514,Nicholas,Perez,Female,1953-02-05,Low Value,Minneapolis,2023-07-07
1515,Patricia,Edwards,Female,1978-06-26,Medium Value,San Francisco,2025-06-27
1516,Jeffrey,Morales,Male,1980-09-02,Low Value,Miami,2025-03-05
1517,Timothy,Nelson,Male,1995-12-15,Low Value,Minneapolis,2023-07-02
1518,Barbara,Roberts,Male,1970-07-08,High Value,Chicago,2022-01-25
1519,Sharon,Martin,Male,1980-09-19,Low Value,Seattle,2023-03-08
1520,Kimberly,Morris,Male,2003-02-08,Low Value,Boston,2022-12-06
1521,Debra,Collins,Male,2004-06-20,Low Value,Minneapolis,2024-08-18
1522,Benjamin,Adams,Female,1986-03-22,Low Value,Miami,2025-04-22
1523,Mark,Williams,Male,1980-08-09,Low Value,Denver,2023-09-08
1524,Michael,Hill,Female,2004-05-04,Medium Value,Dallas,2023-03-25
1525,Richard,Cooper,Male,1985-06-14,Medium Value,Minneapolis,2025-03-06
1526,Samantha,Morris,Male,1995-02-25,Low Value,Denver,2022-04-27
1527,Sharon,Stewart,Male,1954-06-12,Medium Value,New York,2024-09-23
1528,Nicole,Ramirez,Female,1978-07-28,Medium Value,Los Angeles,2025-06-04
1529,Nicole,Carter,Female,1958-02-03,Low Value,New York,2022-01-18
1530,Carolyn,Martin,Male,1956-01-16,High Value,Dallas,2023-08-20
1531,Debra,Lopez,Female,1955-03-10,High Value,Denver,2025-04-08
1532,Matthew,Perez,Male,1978-08-04,Medium Value,Seattle,2025-06-14
1533,Sarah,Rodriguez,Female,1982-10-28,High Value,Seattle,2024-11-20
1534,Robert,Gomez,Female,1974-11-06,Medium Value,Minneapolis,2024-07-15
1535,Christine,Phillips,Female,1979-04-26,Low Value,Seattle,2023-03-08
1536,Robert,Hernandez,Male,1956-10-04,High Value,Dallas,2024-07-08
1537,Kevin,Green,Female,1990-04-23,Medium Value,Boston,2022-09-09
1538,Anthony,Stewart,Female,1994-01-12,Medium Value,Dallas,2023-12-08
1539,Stephanie,White,Female,2005-08-15,Low Value,Miami,2023-10-25
1540,Gregory,Green,Female,2001-10-28,Medium Value,Minneapolis,2022-12-03
1541,Kevin,Jackson,Female,1955-03-08,Low Value,Atlanta,2023-07-24
1542,Robert,Johnson,Female,1993-06-23,Low Value,Denver,2024-02-03
1543,Margaret,Jackson,Male,1974-11-22,Low Value,Minneapolis,2023-07-15
1544,Laura,Garcia,Male,1982-12-19,Medium Value,Atlanta,2024-07-23
1545,Nicole,Rodriguez,Female,1983-07-15,Medium Value,San Francisco,2023-10-08
1546,Joshua,Jones,Female,2005-04-22,Medium Value,San Francisco,2023-06-28
1547,Cynthia,Walker,Male,1978-01-14,Low Value,Chicago,2023-07-15
1548,John,Cook,Female,1999-11-26,Low Value,Seattle,2022-04-15
1549,Joseph,Walker,Female,1977-09-24,High Value,Denver,2023-02-15
1550,Samuel,Young,Female,1983-01-04,Low Value,Dallas,2023-06-13
1551,Sharon,Lee,Female,1980-04-24,Medium Value,Dallas,2023-08-15
1552,Elizabeth,Martin,Male,1960-01-08,Low Value,New York,2023-07-08
1553,Amanda,Thomas,Female,1985-09-15,High Value,Atlanta,2025-06-12
1554,Melissa,Thompson,Male,1977-04-18,Low Value,Seattle,2025-06-24
1555,William,Lee,Male,1962-06-06,Low Value,Atlanta,2024-12-31
1556,Patricia,Baker,Female,1977-07-04,Low Value,Atlanta,2024-04-04
1557,Nicole,Rodriguez,Female,2000-04-27,Low Value,Miami,2024-10-09
1558,Samuel,Mitchell,Female,1965-01-02,Medium Value,Boston,2025-03-15
1559,Christine,Baker,Female,1979-12-27,Low Value,Chicago,2024-08-07
1560,Nicole,Moore,Male,1983-08-18,Low Value,Atlanta,2023-11-29
1561,Ashley,Flores,Female,1987-07-10,Low Value,Chicago,2022-04-23
1562,Carolyn,King,Male,2005-07-05,Medium Value,Seattle,2024-04-23
1563,Elizabeth,Murphy,Female,1972-12-10,High Value,Austin,2023-08-07
1564,Shirley,Gonzalez,Male,1976-02-04,Low Value,Seattle,2023-10-14
1565,Justin,Hernandez,Male,1967-01-09,Low Value,Seattle,2025-01-31
1566,Stephen,Cooper,Male,1972-09-22,High Value,Seattle,2024-04-06
1567,Barbara,Nelson,Female,1970-12-02,High Value,Dallas,2025-04-19
1568,Jacob,Campbell,Male,1978-09-04,High Value,Seattle,2025-02-23
1569,Nancy,White,Female,1994-10-23,Low Value,New York,2022-02-04
1570,Nancy,Rogers,Male,1968-07-01,Medium Value,Miami,2023-07-14
1571,Kathleen,Walker,Male,1956-07-07,Low Value,San Francisco,2023-01-30
1572,Rebecca,Evans,Male,1990-05-09,Low Value,Los Angeles,2022-09-13
1573,James,Anderson,Female,1978-10-07,Medium Value,Minneapolis,2022-09-20
1574,Debra,Young,Male,1961-12-02,Low Value,Los Angeles,2022-04-06
1575,Margaret,Scott,Male,1960-10-01,Medium Value,Miami,2022-08-15
1576,Amanda,Clark,Male,1981-03-05,Low Value,Minneapolis,2022-09-10
1577,Timothy,Gutierrez,Female,1996-05-15,Medium Value,Miami,2022-10-26
1578,Gary,Morales,Male,1970-07-02,High Value,Seattle,2024-08-07
1579,Ryan,Ortiz,Male,1971-04-14,Low Value,New York,2022-10-16
1580,Jacob,Ortiz,Male,1957-10-15,Medium Value,Denver,2023-04-05
1581,Amy,Roberts,Female,1970-03-16,Medium Value,Los Angeles,2022-10-01
1582,Stephanie,Lewis,Female,1988-09-21,High Value,Dallas,2024-01-30
1583,Gregory,Gutierrez,Female,2004-05-24,High Value,Austin,2025-03-07
1584,Steven,Young,Female,2001-11-18,Medium Value,San Francisco,2024-12-21
1585,Karen,Williams,Male,1973-12-25,Medium Value,Atlanta,2023-11-30
1586,Michelle,Diaz,Male,1969-12-26,Medium Value,Seattle,2024-04-03
1587,Richard,Carter,Female,1983-10-07,Medium Value,Los Angeles,2023-11-20
1588,Kathleen,Robinson,Female,1980-09-01,High Value,Minneapolis,2025-03-03
1589,Anthony,Reyes,Male,1979-09-24,High Value,New York,2025-01-28
1590,Margaret,Mitchell,Male,1959-01-09,Low Value,Chicago,2024-04-17
1591,Anthony,Lopez,Female,1974-04-20,High Value,New York,2023-05-28
1592,Jennifer,Stewart,Male,1997-05-18,Low Value,Dallas,2022-01-14
1593,Edward,Nelson,Male,1959-02-17,Medium Value,San Francisco,2025-03-24
1594,Melissa,Edwards,Female,1988-12-06,Low Value,Chicago,2025-03-16
1595,Christopher,Robinson,Male,2000-01-24,Medium Value,Dallas,2023-03-05
1596,Gregory,Edwards,Male,1967-10-05,High Value,Chicago,2023-02-23
1597,Rachel,Parker,Female,1962-12-03,Medium Value,Dallas,2022-01-16
1598,Rachel,Turner,Male,1959-02-25,Medium Value,Dallas,2022-11-11
1599,Paul,Gutierrez,Male,1998-09-22,Low Value,Atlanta,2025-04-26
1600,Cynthia,Lee,Female,2006-10-18,Medium Value,Miami,2024-07-08
1601,Emily,Green,Female,1969-10-07,Low Value,Minneapolis,2022-02-11
1602,Barbara,Anderson,Female,2003-12-05,Medium Value,Chicago,2024-12-28
1603,Ronald,Moore,Female,1956-09-06,Low Value,Atlanta,2022-09-16
1604,Donald,Morgan,Male,1988-02-11,Medium Value,Atlanta,2023-06-16
1605,Jennifer,Diaz,Male,1984-04-05,Low Value,Los Angeles,2022-07-03
1606,Jason,Cooper,Male,1958-12-25,Medium Value,Denver,2023-07-20
1607,Mary,Brown,Male,2002-11-23,Low Value,Chicago,2022-03-04
1608,David,Harris,Male,1983-02-15,Low Value,Atlanta,2022-04-28
1609,Karen,Rivera,Male,1973-07-22,Low Value,New York,2024-10-29
1610,Christopher,Hernandez,Female,1987-03-20,Medium Value,Miami,2024-09-03
1611,Karen,Thompson,Male,2005-05-17,Low Value,San Francisco,2023-10-06
1612,Dorothy,Brown,Female,1955-10-02,Low Value,Chicago,2023-05-19
1613,George,Gutierrez,Male,1970-09-05,Medium Value,Austin,2022-09-09
1614,Angela,Robinson,Female,1973-06-22,Medium Value,Chicago,2022-12-15
1615,Stephen,Garcia,Male,1993-08-02,Medium Value,Austin,2024-04-20
1616,Samantha,Rivera,Female,2003-01-25,Low Value,San Francisco,2024-12-12
1617,Michael,Thomas,Female,1978-05-27,High Value,Atlanta,2025-02-12
1618,Benjamin,King,Female,1994-03-18,Medium Value,Boston,2023-05-25
1619,Shirley,Rodriguez,Male,1978-05-08,Low Value,Dallas,2022-10-17
1620,Nancy,Gutierrez,Female,1989-11-22,Low Value,Miami,2024-04-14
1621,Thomas,Mitchell,Female,1999-12-28,Medium Value,Atlanta,2022-08-02
1622,Dorothy,Garcia,Male,2005-07-10,Medium Value,Miami,2023-12-28
1623,Jennifer,White,Female,1978-04-24,Medium Value,Miami,2025-01-18
1624,Debra,Hernandez,Male,1983-07-10,Low Value,Austin,2023-08-19
1625,Mark,Wilson,Male,1976-04-18,Medium Value,Minneapolis,2023-01-01
1626,Dorothy,Davis,Male,1996-12-11,Medium Value,Chicago,2022-04-28
1627,Margaret,Clark,Male,2001-06-07,Medium Value,Atlanta,2023-10-08
1628,Charles,Wilson,Male,1958-02-23,Medium Value,San Francisco,2024-08-13
1629,Anna,Sanchez,Male,1968-10-03,Low Value,Miami,2024-10-05
1630,Mark,Garcia,Female,1979-01-24,Low Value,New York,2025-06-07
1631,Stephanie,Gonzalez,Female,1982-09-28,Low Value,Austin,2024-12-10
1632,Anthony,Brown,Male,2004-01-19,Medium Value,New York,2024-04-29
1633,Ashley,Carter,Male,1974-08-21,Medium Value,Minneapolis,2023-08-04
1634,James,Ramirez,Female,1978-06-20,High Value,Denver,2022-04-29
1635,Shirley,Torres,Male,1959-09-10,Medium Value,Los Angeles,2024-12-21
1636,Edward,Harris,Male,1963-12-06,Low Value,Los Angeles,2024-11-01
1637,Kevin,Baker,Female,1979-02-03,Low Value,Seattle,2023-08-26
1638,George,Williams,Male,2002-06-08,Low Value,Boston,2024-05-27
1639,Eric,Gonzalez,Male,1960-12-05,Low Value,Austin,2022-02-06
1640,Eric,Clark,Male,1976-07-13,High Value,San Francisco,2022-02-25
1641,Carol,Ramirez,Male,1959-03-25,Medium Value,Los Angeles,2023-11-29
1642,Laura,Wilson,Male,1984-11-28,Medium Value,Boston,2025-02-23
1643,Shirley,King,Male,1971-12-02,Medium Value,New York,2025-02-09
1644,Matthew,Baker,Female,1972-04-16,Low Value,Miami,2024-12-18
1645,Samuel,Mitchell,Male,1992-12-04,High Value,Chicago,2024-01-29
1646,Nicholas,Mitchell,Male,1989-10-23,Low Value,New York,2023-08-09
1647,Steven,Perez,Female,1978-10-23,Low Value,San Francisco,2024-05-11
1648,Gregory,Nguyen,Female,2006-09-21,Low Value,San Francisco,2024-07-23
1649,Jonathan,Campbell,Male,1990-07-21,Medium Value,San Francisco,2023-11-08
1650,Larry,Harris,Female,1964-04-04,Low Value,Dallas,2023-04-02
1651,Rebecca,Davis,Female,1979-10-23,Low Value,Chicago,2024-08-26
1652,Sharon,Brown,Female,1994-08-06,Medium Value,Minneapolis,2025-02-24
1653,Carol,Campbell,Male,1994-04-17,Low Value,Dallas,2025-02-23
1654,James,Hall,Female,1979-11-04,Low Value,Dallas,2025-03-05
1655,Rebecca,Rivera,Male,1987-11-05,Low Value,Austin,2022-07-11
1656,Brian,Evans,Female,1993-02-27,High Value,Los Angeles,2024-09-13
1657,Matthew,Ortiz,Male,1973-10-11,Medium Value,New York,2023-01-29
1658,Donald,Flores,Male,1985-05-21,Low Value,Chicago,2022-12-03
1659,Debra,Rogers,Male,1980-10-13,High Value,Austin,2022-04-23
1660,Nicholas,Sanchez,Female,1957-02-22,Low Value,Los Angeles,2023-11-17
1661,Michael,Rodriguez,Male,1977-09-02,Low Value,San Francisco,2022-06-14
1662,Michael,Collins,Female,1979-03-28,Medium Value,Miami,2025-04-07
1663,Michael,Mitchell,Male,1967-11-09,High Value,Seattle,2024-10-11
1664,Christopher,Davis,Female,1998-08-05,Medium Value,Minneapolis,2024-04-23
1665,John,Lopez,Female,2000-08-24,Low Value,Miami,2024-02-27
1666,Kimberly,Williams,Male,1978-09-22,Medium Value,Atlanta,2023-02-04
1667,Thomas,Green,Male,1975-12-06,Medium Value,Los Angeles,2024-04-01
1668,Dorothy,Johnson,Male,1966-03-22,High Value,New York,2022-12-01
1669,Donald,Rogers,Female,1995-06-05,Medium Value,Boston,2025-03-20
1670,Margaret,Edwards,Male,1957-11-18,Medium Value,Seattle,2025-04-28
1671,Michael,Jackson,Female,1978-05-17,Low Value,Chicago,2022-07-13
1672,Donald,Edwards,Male,1966-11-09,Medium Value,New York,2024-12-30
1673,Kathleen,Rogers,Female,1963-03-03,Low Value,Chicago,2022-07-08
1674,Susan,Harris,Male,1969-09-14,Medium Value,Dallas,2023-11-28
1675,Sandra,Diaz,Female,2005-04-28,Medium Value,Atlanta,2022-08-24
1676,Edward,Brown,Female,1974-04-19,Low Value,Boston,2022-02-16
1677,Rebecca,Thomas,Female,1982-08-23,Medium Value,Chicago,2024-10-13
1678,Mary,Campbell,Male,2001-01-13,High Value,Atlanta,2022-12-17
1679,Alexander,Lee,Female,1958-07-22,Medium Value,Miami,2023-11-18
1680,Rachel,King,Male,1978-10-05,High Value,Minneapolis,2022-12-23
1681,Larry,Gomez,Female,1982-10-02,Medium Value,Atlanta,2023-07-04
1682,Emma,Williams,Female,1963-03-02,Low Value,Denver,2025-05-24
1683,Scott,Allen,Female,1985-05-21,Medium Value,Dallas,2025-05-25
1684,Samuel,Hernandez,Male,1971-06-15,Medium Value,Miami,2024-07-26
1685,Frank,Cruz,Male,1958-06-06,Low Value,Los Angeles,2024-04-02
1686,Patricia,Edwards,Male,1970-07-25,Low Value,New York,2022-05-11
1687,Kathleen,Morgan,Female,1984-07-18,Low Value,Dallas,2025-03-22
1688,Thomas,Green,Male,1986-10-07,Low Value,Boston,2022-03-20
1689,Rebecca,White,Male,1996-11-26,Medium Value,Los Angeles,2023-07-06
1690,Stephanie,Carter,Female,1999-10-11,Medium Value,Miami,2022-03-20
1691,Emma,Thompson,Female,2002-12-11,Medium Value,Denver,2023-01-09
1692,Betty,Moore,Female,1975-10-10,Low Value,Dallas,2022-09-30
1693,Ronald,Lewis,Female,1965-09-19,Medium Value,New York,2022-12-03
1694,Lisa,Morgan,Female,2001-06-24,High Value,Boston,2023-12-05
1695,Rebecca,Lewis,Male,1997-04-11,Low Value,Atlanta,2024-01-28
1696,Brenda,Gomez,Male,1976-06-01,Medium Value,Miami,2023-06-23
1697,John,Adams,Female,2001-08-25,Medium Value,Miami,2023-06-20
1698,Alexander,Rogers,Male,2005-10-03,Low Value,New York,2025-05-11
1699,Justin,Walker,Female,1970-01-03,Medium Value,Denver,2023-09-22
1700,Carol,Adams,Male,1965-02-07,High Value,Minneapolis,2025-06-22
1701,Shirley,Gonzalez,Female,1968-07-15,High Value,Denver,2025-06-25
1702,Andrew,Lopez,Male,1955-06-06,Medium Value,Boston,2024-12-19
1703,Brenda,Davis,Female,1991-12-27,Low Value,Dallas,2022-01-14
1704,Rebecca,Lee,Female,1961-06-18,Medium Value,Austin,2023-10-27
1705,Cynthia,Morgan,Female,1981-05-10,High Value,Dallas,2023-11-23
1706,Emma,Baker,Female,1999-10-14,Low Value,Denver,2023-10-12
1707,Daniel,Cook,Female,1961-05-20,Low Value,New York,2024-05-26
1708,Jennifer,Garcia,Male,1962-05-12,Medium Value,Miami,2023-04-21
1709,Carol,Green,Male,1957-04-01,Medium Value,Denver,2022-03-11
1710,Brenda,White,Female,1996-02-10,Medium Value,Seattle,2024-11-30
1711,Charles,Murphy,Female,1997-04-14,Low Value,Boston,2024-06-22
1712,Karen,Smith,Female,1961-06-28,Low Value,Atlanta,2022-12-10
1713,Shirley,Ramirez,Male,2004-03-23,Low Value,Atlanta,2022-08-05
1714,Thomas,Sanchez,Male,1991-03-27,High Value,Miami,2023-09-17
1715,Barbara,Gutierrez,Male,1968-07-09,High Value,Boston,2025-02-06
1716,Jacob,Phillips,Male,1986-12-03,Medium Value,Miami,2023-01-06
1717,Kimberly,Campbell,Female,1988-11-09,High Value,Boston,2022-11-13
1718,Charles,Lopez,Female,1985-11-24,Medium Value,Boston,2025-02-08
1719,Stephen,White,Male,1998-08-04,Medium Value,Miami,2022-05-10
1720,Margaret,White,Female,2006-01-11,High Value,Dallas,2025-03-26
1721,Edward,Perez,Male,1959-12-14,Low Value,Denver,2025-04-13
1722,Donald,Perez,Male,1973-11-12,Low Value,Minneapolis,2025-03-28
1723,Brenda,Flores,Female,1970-07-04,Low Value,Boston,2024-08-06
1724,Christopher,Gomez,Male,1971-04-01,Medium Value,San Francisco,2023-06-04
1725,Brandon,Anderson,Female,1964-08-20,Medium Value,San Francisco,2023-01-18
1726,Linda,Nelson,Male,1968-11-20,Low Value,Boston,2024-10-16
1727,Sarah,Gutierrez,Female,1968-03-05,Low Value,Chicago,2022-07-21
1728,Stephen,Harris,Male,1964-01-02,Low Value,Seattle,2024-09-28
1729,Eric,Cook,Female,1985-10-15,Low Value,Denver,2024-02-02
1730,Katherine,Morgan,Male,1978-01-26,Medium Value,Chicago,2023-07-24
1731,Samuel,Hernandez,Female,2005-10-28,Medium Value,San Francisco,2024-07-31
1732,Anthony,Lopez,Male,1954-03-21,High Value,San Francisco,2025-04-16
1733,Joshua,Sanchez,Male,1983-05-21,Medium Value,Minneapolis,2022-04-27
1734,Pamela,Turner,Male,1983-02-07,Medium Value,Miami,2022-07-10
1735,Michael,Martin,Female,1999-03-04,High Value,Los Angeles,2024-07-31
1736,Michael,Anderson,Male,1991-12-22,High Value,New York,2024-02-23
1737,Jennifer,Thomas,Male,1992-12-02,High Value,Boston,2023-12-04
1738,Ashley,Sanchez,Female,1992-12-24,High Value,Los Angeles,2025-03-17
1739,Jonathan,Johnson,Male,1995-03-15,Low Value,Miami,2023-09-10
1740,Daniel,Gonzalez,Female,1958-05-01,Low Value,Atlanta,2024-12-10
1741,Pamela,Adams,Male,1961-03-20,Medium Value,Seattle,2022-02-05
1742,Brian,Carter,Female,2006-02-26,Low Value,Minneapolis,2022-01-03
1743,Thomas,Murphy,Female,2005-01-25,Medium Value,New York,2024-07-18
1744,Melissa,Adams,Female,1987-06-13,Low Value,Seattle,2022-09-24
1745,Karen,Brown,Male,1962-08-02,High Value,Austin,2025-06-11
1746,Emily,Davis,Female,1963-10-20,Medium Value,Chicago,2022-06-24
1747,Edward,Robinson,Male,1961-03-28,Medium Value,Seattle,2022-08-08
1748,Rachel,Smith,Male,1967-12-23,High Value,Seattle,2022-05-01
1749,Kathleen,Edwards,Female,1976-07-26,Low Value,Seattle,2024-01-30
1750,Deborah,Torres,Female,1980-03-08,Medium Value,Seattle,2022-08-06
1751,Laura,Smith,Female,1960-01-18,Low Value,Chicago,2024-11-19
1752,Stephen,Robinson,Female,1959-08-13,Low Value,Seattle,2022-07-04
1753,Emma,Johnson,Male,1986-02-26,Low Value,Minneapolis,2024-07-06
1754,Amanda,Davis,Male,1982-02-07,High Value,Atlanta,2024-07-16
1755,Kevin,Hernandez,Male,1956-05-12,Low Value,Atlanta,2024-10-04
1756,Joseph,Sanchez,Male,1954-01-19,Medium Value,Austin,2024-12-24
1757,Jason,Diaz,Female,1991-05-16,Medium Value,Chicago,2025-02-23
1758,Anna,Phillips,Male,1963-08-09,Low Value,Austin,2024-06-13
1759,Shirley,Walker,Male,2006-03-23,High Value,Boston,2022-04-28
1760,Richard,Flores,Female,1974-11-19,Low Value,Chicago,2022-08-27
1761,Jessica,Allen,Female,1955-01-24,Medium Value,Miami,2023-04-29
1762,Larry,Wright,Male,1989-01-11,Low Value,Los Angeles,2022-05-15
1763,Brandon,Cook,Female,1955-10-10,Low Value,Miami,2024-10-14
1764,Katherine,Lewis,Female,1994-02-07,Medium Value,Boston,2022-09-04
1765,Susan,Evans,Female,1977-02-05,Medium Value,Los Angeles,2022-04-11
1766,Sandra,Thompson,Male,2001-06-14,Medium Value,Dallas,2024-11-21
1767,Brandon,Edwards,Male,2004-01-03,Low Value,Minneapolis,2023-06-25
1768,Patricia,Ramirez,Male,1982-01-17,Low Value,Boston,2025-01-12
1769,Linda,Lee,Female,1995-11-22,Low Value,Chicago,2023-06-16
1770,Donald,Mitchell,Male,1996-12-25,Medium Value,San Francisco,2025-05-04
1771,Charles,Anderson,Female,1958-08-01,Low Value,Minneapolis,2024-10-28
1772,Elizabeth,Cooper,Male,1978-05-10,High Value,Atlanta,2022-09-04
1773,Eric,Rogers,Female,2000-04-19,Low Value,Boston,2024-02-05
1774,Linda,Brown,Male,1969-09-02,Medium Value,Austin,2024-08-27
1775,Matthew,Carter,Male,1989-02-10,Medium Value,San Francisco,2022-06-22
1776,Alexander,Wright,Female,2003-03-20,Medium Value,Miami,2024-10-30
1777,Justin,Morris,Female,1995-11-02,High Value,Seattle,2023-12-28
1778,Justin,Diaz,Male,1960-06-14,Medium Value,Chicago,2025-02-04
1779,Alexander,Lewis,Female,1974-12-13,High Value,Denver,2024-07-31
1780,Lisa,Nguyen,Female,1993-01-20,Low Value,Austin,2023-08-03
1781,Kimberly,Diaz,Male,1954-05-15,Medium Value,Atlanta,2022-05-13
1782,Susan,Roberts,Female,1962-03-12,Low Value,San Francisco,2024-04-12
1783,Nicholas,Lewis,Male,1970-09-13,Low Value,Atlanta,2023-04-12
1784,Kimberly,Gomez,Male,1983-03-25,Medium Value,Atlanta,2025-03-25
1785,Barbara,Hill,Male,1957-04-27,Medium Value,New York,2023-05-24
1786,Anthony,Evans,Male,1959-04-07,Low Value,Boston,2022-01-01
1787,Steven,Adams,Male,1988-09-04,Medium Value,Austin,2022-02-14
1788,Joshua,Murphy,Female,1962-05-04,High Value,San Francisco,2023-10-14
1789,Emily,Brown,Female,2003-10-14,Low Value,Austin,2024-08-20
1790,Eric,Taylor,Male,1997-05-20,Medium Value,Atlanta,2025-01-24
1791,Rebecca,Reyes,Male,2006-09-05,Medium Value,New York,2024-06-25
1792,Mark,Adams,Male,1992-03-13,Medium Value,Miami,2023-06-27
1793,Carolyn,Gomez,Male,1997-10-18,Medium Value,Boston,2024-11-03
1794,Carol,Baker,Male,1990-05-11,High Value,Miami,2022-09-12
1795,Linda,Morris,Male,1976-04-23,Low Value,Austin,2022-04-02
1796,Jason,Davis,Male,1967-10-18,Low Value,Atlanta,2023-03-01
1797,Richard,Rogers,Male,1990-05-11,Medium Value,Denver,2024-02-16
1798,Sarah,Hill,Female,1986-10-09,High Value,Dallas,2024-02-10
1799,Brenda,Parker,Female,1980-08-14,Medium Value,Chicago,2024-06-11
1800,Kenneth,Diaz,Female,1976-08-25,Medium Value,Boston,2022-03-01
1801,Kenneth,Lewis,Female,1965-09-26,High Value,San Francisco,2022-09-25
1802,Rebecca,Carter,Female,2003-03-28,Medium Value,Miami,2024-05-07
1803,Ronald,Nelson,Male,1991-10-12,Low Value,Los Angeles,2022-01-19
1804,Lisa,Thomas,Male,1964-03-10,Low Value,Dallas,2024-07-14
1805,Michelle,Phillips,Female,1961-06-20,Medium Value,New York,2022-08-01
1806,Barbara,Mitchell,Male,1985-05-18,Low Value,Atlanta,2022-05-03
1807,Susan,Stewart,Male,1990-09-13,Low Value,Boston,2025-02-18
1808,Pamela,Rivera,Male,1981-01-26,Medium Value,Seattle,2024-04-16
1809,Elizabeth,Jackson,Female,1999-02-06,Medium Value,Chicago,2023-05-30
1810,Amanda,Robinson,Female,1980-06-23,Low Value,San Francisco,2024-12-26
1811,Deborah,King,Male,1985-03-10,High Value,Dallas,2025-02-15
1812,Steven,Campbell,Female,2004-05-02,Low Value,Chicago,2024-05-29
1813,Christine,Reyes,Female,1974-12-05,Low Value,Los Angeles,2022-06-07
1814,Cynthia,Torres,Male,2002-09-20,Low Value,Minneapolis,2024-10-03
1815,Cynthia,Cruz,Male,2002-07-25,Medium Value,Los Angeles,2023-08-25
1816,Gary,Perez,Male,1954-04-28,Medium Value,Atlanta,2022-12-14
1817,Mary,Cooper,Female,1956-02-20,Low Value,Austin,2022-03-27
1818,Robert,Roberts,Male,1991-04-11,Medium Value,Minneapolis,2022-10-24
1819,Sandra,Flores,Female,1953-01-28,Low Value,Minneapolis,2022-08-01
1820,Jeffrey,Stewart,Female,1985-05-17,Low Value,New York,2023-12-09
1821,Debra,Campbell,Female,1969-05-14,Low Value,Chicago,2023-03-07
1822,Jacob,Ramirez,Male,1981-12-26,High Value,Atlanta,2023-10-19
1823,Jonathan,Collins,Male,1985-09-22,Low Value,Seattle,2024-03-01
1824,Nicole,Ortiz,Female,1985-03-25,Medium Value,Minneapolis,2023-09-19
1825,Amy,Wilson,Male,1970-08-22,Medium Value,Dallas,2023-04-22
1826,Steven,Thompson,Female,1970-03-07,Low Value,Atlanta,2025-04-28
1827,Larry,Wilson,Male,1962-02-21,Medium Value,Miami,2022-03-03
1828,Daniel,Gutierrez,Male,1985-01-23,Medium Value,San Francisco,2023-03-11
1829,Mary,White,Male,1967-03-01,High Value,Chicago,2024-12-05
1830,Jennifer,Brown,Male,1985-11-20,Low Value,Miami,2024-09-11
1831,Donna,Harris,Male,1976-07-26,Medium Value,New York,2023-04-27
1832,Christine,Young,Female,1994-02-19,Low Value,Atlanta,2024-09-15
1833,Matthew,Green,Male,1972-07-28,Medium Value,San Francisco,2022-07-20
1834,Ryan,Phillips,Male,1964-01-12,Low Value,Seattle,2025-04-19
1835,John,Garcia,Female,1980-07-22,Medium Value,Austin,2022-07-08
1836,Deborah,Hill,Female,1958-12-03,Low Value,Minneapolis,2023-04-06
1837,Emma,Adams,Female,1959-07-20,Medium Value,San Francisco,2025-06-20
1838,Deborah,Harris,Male,1980-07-18,Medium Value,Los Angeles,2022-10-16
1839,Christopher,Roberts,Female,1991-08-26,Medium Value,Chicago,2025-01-10
1840,Jacob,Ortiz,Male,1996-11-21,Low Value,Boston,2022-05-29
1841,Lisa,Campbell,Female,1982-02-19,Low Value,Boston,2022-02-17
1842,Barbara,Taylor,Male,1980-12-25,Medium Value,Denver,2024-12-05
1843,Timothy,Johnson,Male,1972-02-18,Low Value,Chicago,2025-03-16
1844,Dorothy,Campbell,Male,1974-09-11,Medium Value,New York,2024-07-24
1845,Gary,Nguyen,Male,1977-10-06,High Value,New York,2025-02-03
1846,Sarah,Parker,Female,1970-03-06,Low Value,Dallas,2024-09-04
1847,Michael,King,Female,1999-12-12,Low Value,Seattle,2022-08-04
1848,Deborah,Morales,Female,2006-01-11,Low Value,Austin,2022-09-16
1849,George,Murphy,Male,2006-01-23,High Value,San Francisco,2022-04-12
1850,Edward,Scott,Female,1956-08-06,Low Value,Los Angeles,2023-07-25
1851,Nicholas,Lee,Male,1988-10-11,Low Value,Minneapolis,2023-07-28
1852,Christopher,King,Male,1998-08-08,High Value,New York,2024-05-09
1853,James,Morris,Female,1957-01-26,Low Value,Denver,2022-05-01
1854,Brandon,Thompson,Male,1982-02-27,High Value,Miami,2023-01-16
1855,George,Robinson,Male,2005-08-02,High Value,San Francisco,2022-03-31
1856,Nicole,Green,Female,1996-01-01,Medium Value,Boston,2022-06-27
1857,Brenda,Adams,Female,1997-05-08,High Value,Miami,2025-03-08
1858,Edward,Hall,Male,1961-10-09,Low Value,Seattle,2022-08-25
1859,Jacob,Sanchez,Male,2004-05-26,High Value,Atlanta,2022-05-25
1860,Melissa,Phillips,Male,1967-11-06,Medium Value,New York,2023-08-31
1861,Jeffrey,Allen,Female,1986-04-11,Medium Value,Dallas,2022-05-04
1862,Robert,Diaz,Female,1981-04-19,Medium Value,Atlanta,2023-05-30
1863,Stephen,Hill,Male,1964-06-26,Medium Value,Los Angeles,2023-09-03
1864,Kevin,Nelson,Male,1956-08-27,Low Value,Boston,2022-04-13
1865,Melissa,Hernandez,Female,1976-07-06,Medium Value,Los Angeles,2022-01-20
1866,Carol,Wilson,Female,1955-08-21,Medium Value,Minneapolis,2022-02-26
1867,Richard,Hernandez,Male,1959-08-25,Low Value,Atlanta,2022-07-14
1868,Kevin,Nguyen,Male,1998-08-22,High Value,Austin,2022-12-29
1869,Sandra,Green,Female,2005-05-23,Low Value,New York,2022-01-02
1870,Jeffrey,Green,Male,2003-10-12,High Value,Chicago,2024-05-05
1871,David,Green,Male,1960-06-07,Low Value,Minneapolis,2023-12-12
1872,Jeffrey,Baker,Female,1955-08-10,Low Value,Chicago,2024-10-05
1873,Thomas,Reyes,Male,1991-09-02,Low Value,Denver,2025-04-23
1874,Debra,Rodriguez,Male,1956-01-13,Low Value,Seattle,2025-06-27
1875,Anthony,Thomas,Male,1953-05-12,Low Value,Dallas,2023-03-16
1876,William,Martinez,Female,1987-05-21,Low Value,San Francisco,2023-03-30
1877,Emma,Rivera,Male,1975-04-12,Medium Value,Miami,2022-10-28
1878,Linda,Evans,Male,1984-10-19,Low Value,Chicago,2024-03-25
1879,Elizabeth,Cooper,Male,1977-12-15,Medium Value,Boston,2023-05-10
1880,Margaret,Harris,Male,1989-05-10,Low Value,San Francisco,2024-02-07
1881,Gary,Collins,Female,1977-03-11,High Value,Denver,2022-11-26
1882,Kathleen,Ramirez,Male,1977-06-09,Low Value,Dallas,2023-01-12
1883,Lisa,Davis,Female,1993-03-22,Low Value,San Francisco,2022-11-03
1884,Richard,Rodriguez,Female,1953-12-26,Medium Value,Chicago,2024-05-13
1885,James,Cooper,Male,1988-07-17,Medium Value,Seattle,2022-11-07
1886,Ronald,Cruz,Female,1967-03-20,Medium Value,Chicago,2023-11-17
1887,Kevin,Cooper,Female,1981-06-28,Low Value,San Francisco,2022-06-29
1888,Michelle,Perez,Female,1978-01-08,Medium Value,Los Angeles,2023-01-02
1889,Ryan,Mitchell,Male,1975-09-06,Medium Value,New York,2024-08-06
1890,James,Cruz,Male,1960-02-26,Low Value,Denver,2023-04-08
1891,Matthew,Parker,Male,1997-03-04,Low Value,Miami,2022-12-17
1892,Eric,Morales,Male,1999-01-22,Medium Value,Denver,2024-06-07
1893,Margaret,Morgan,Female,1976-06-18,High Value,Atlanta,2025-04-20
1894,Frank,Stewart,Female,1963-12-23,Medium Value,New York,2024-11-24
1895,Donald,Morris,Female,1987-12-20,High Value,Los Angeles,2024-02-08
1896,Daniel,Rogers,Female,1970-06-10,Low Value,Chicago,2024-11-18
1897,Christopher,Smith,Female,1956-03-18,Low Value,Los Angeles,2025-01-04
1898,Sarah,Martin,Male,1956-05-03,Medium Value,Seattle,2023-07-25
1899,William,Turner,Male,1976-10-20,Medium Value,Minneapolis,2022-01-21
1900,Thomas,Jones,Male,1993-04-02,Low Value,Seattle,2022-11-02
1901,Kathleen,Rivera,Female,1961-12-04,Medium Value,Los Angeles,2023-02-02
1902,Nicholas,Lopez,Male,1979-06-02,Medium Value,Austin,2023-02-08
1903,Brian,Robinson,Male,2006-08-15,Medium Value,Boston,2025-04-12
1904,Elizabeth,Williams,Male,1994-03-20,Medium Value,New York,2022-06-01
1905,Christopher,Ortiz,Male,1966-02-26,Medium Value,Chicago,2025-01-13
1906,Ronald,Lee,Female,1962-10-03,Low Value,Los Angeles,2024-05-09
1907,Rebecca,Mitchell,Female,2006-07-27,Medium Value,Austin,2022-03-25
1908,David,Rogers,Male,2004-07-12,High Value,Denver,2025-04-05
1909,Joshua,Jones,Female,1981-07-13,Low Value,Los Angeles,2025-05-23
1910,Brian,Johnson,Female,1972-11-20,High Value,Austin,2023-01-24
1911,Laura,Thomas,Male,1958-05-05,Medium Value,Seattle,2024-04-21
1912,Christine,Adams,Female,1970-11-05,Low Value,New York,2024-11-17
1913,Scott,Gonzalez,Female,2000-10-14,Low Value,Dallas,2023-09-30
1914,Kimberly,Lewis,Female,1965-09-11,Low Value,Los Angeles,2023-07-31
1915,George,Davis,Male,1976-09-08,Medium Value,Los Angeles,2023-02-19
1916,Elizabeth,Hernandez,Male,1998-06-28,Medium Value,Miami,2024-04-10
1917,Deborah,Reyes,Female,2002-12-13,Medium Value,Minneapolis,2023-07-05
1918,Nicole,Wright,Female,1999-11-11,Medium Value,Los Angeles,2023-05-07
1919,Ronald,Roberts,Female,1999-10-25,Medium Value,Atlanta,2022-05-11
1920,David,Thompson,Male,1974-05-12,Medium Value,Chicago,2022-01-17
1921,Angela,Lopez,Female,2005-06-06,Medium Value,Austin,2023-10-24
1922,Ronald,Hill,Female,1981-03-04,High Value,Los Angeles,2023-07-20
1923,Paul,White,Male,1977-02-27,High Value,Seattle,2023-06-27
1924,Christopher,Turner,Male,2005-02-10,Low Value,Denver,2023-03-14
1925,Mark,Collins,Female,1967-02-22,High Value,Chicago,2022-09-07
1926,Nancy,Jackson,Female,1960-02-12,Medium Value,Minneapolis,2022-07-09
1927,Christopher,Clark,Female,1976-11-09,Low Value,Minneapolis,2024-06-05
1928,Kimberly,Wright,Female,1996-11-22,High Value,Boston,2024-10-15
1929,Frank,Ortiz,Male,1979-06-24,Medium Value,Dallas,2024-06-29
1930,Rebecca,Adams,Female,1979-04-07,High Value,Boston,2023-07-25
1931,Benjamin,Rivera,Male,2005-03-27,Low Value,Boston,2022-05-09
1932,Christine,Gutierrez,Female,1995-01-02,Low Value,Chicago,2024-09-17
1933,William,Flores,Male,1964-06-15,Low Value,Miami,2023-02-04
1934,Sandra,Thomas,Female,2002-04-25,Medium Value,Austin,2022-06-27
1935,Betty,Thomas,Male,1965-07-20,Medium Value,Denver,2022-11-12
1936,Scott,White,Male,1989-12-21,Low Value,Boston,2023-12-06
1937,Gregory,Ramirez,Female,1968-03-06,Low Value,Dallas,2024-06-25
1938,James,Torres,Male,1976-08-23,Low Value,Minneapolis,2023-03-31
1939,Jason,Diaz,Male,1958-09-12,Medium Value,Chicago,2022-07-07
1940,Jennifer,Rogers,Female,1964-07-20,Low Value,Boston,2022-09-05
1941,Timothy,Jones,Male,1959-01-16,High Value,New York,2022-07-24
1942,Brenda,White,Male,1998-02-28,Low Value,Boston,2024-06-09
1943,Rebecca,Morris,Female,1965-06-15,High Value,Seattle,2023-03-06
1944,Charles,Lee,Male,1998-09-01,High Value,Miami,2025-05-29
1945,Brenda,Martin,Female,1998-11-22,Low Value,Miami,2023-01-01
1946,Timothy,White,Male,2005-10-11,Medium Value,Los Angeles,2022-04-11
1947,Ashley,Rodriguez,Female,1994-02-18,Medium Value,Chicago,2024-10-04
1948,Gary,Green,Male,1967-09-10,Low Value,New York,2023-10-26
1949,Mark,Roberts,Male,1964-07-22,Medium Value,Chicago,2023-08-11
1950,Gregory,Campbell,Female,1977-02-11,Medium Value,Minneapolis,2024-09-02
1951,Daniel,Rodriguez,Male,1976-02-14,Medium Value,Minneapolis,2022-06-08
1952,Kevin,Diaz,Female,1970-01-19,High Value,Miami,2024-02-09
1953,Cynthia,Murphy,Female,1975-03-02,Low Value,Boston,2022-10-08
1954,Debra,Johnson,Male,1957-10-28,Medium Value,Miami,2022-10-06
1955,Elizabeth,Sanchez,Female,1989-04-25,Medium Value,Minneapolis,2025-06-24
1956,Rebecca,Jones,Female,1989-09-16,High Value,Los Angeles,2024-05-23
1957,Anna,White,Male,1961-08-21,Low Value,Austin,2022-02-27
1958,Christine,Cooper,Female,1979-06-08,Low Value,Miami,2025-03-16
1959,Betty,Anderson,Female,1991-02-21,Medium Value,Austin,2023-01-21
1960,Lisa,Robinson,Female,1960-03-02,High Value,Dallas,2022-05-22
1961,Gary,Carter,Female,1970-05-19,Medium Value,Miami,2023-08-05
1962,Sarah,Turner,Male,1988-08-13,Medium Value,Seattle,2024-06-10
1963,Nicole,Edwards,Female,1972-02-14,Medium Value,Los Angeles,2023-12-13
1964,Kevin,Jones,Female,1954-07-08,Medium Value,Denver,2023-03-28
1965,Paul,Diaz,Female,1992-03-15,High Value,Boston,2025-03-04
1966,Mark,Adams,Female,1966-01-23,Medium Value,Denver,2022-01-17
1967,Shirley,Lee,Male,1982-07-22,Medium Value,Los Angeles,2023-04-26
1968,Shirley,Nelson,Female,1992-07-12,Medium Value,Seattle,2024-06-09
1969,Donna,Lewis,Female,1972-12-09,Low Value,New York,2023-09-18
1970,Anna,Young,Male,2006-12-28,Medium Value,Seattle,2024-07-12
1971,Edward,King,Female,1954-09-25,Low Value,Miami,2025-02-23
1972,Nicholas,Turner,Female,1961-10-24,Low Value,Boston,2023-03-24
1973,Richard,Young,Female,1963-02-01,Medium Value,San Francisco,2022-05-06
1974,Jennifer,Morris,Female,1973-05-28,Medium Value,Atlanta,2023-08-11
1975,Amanda,Stewart,Female,2004-10-05,High Value,Dallas,2022-01-21
1976,Joshua,Carter,Female,1957-03-24,Medium Value,San Francisco,2022-04-22
1977,Susan,Moore,Female,2002-02-07,Low Value,Minneapolis,2023-11-14
1978,Matthew,Nelson,Female,1990-06-21,Low Value,Miami,2022-01-05
1979,Pamela,Ramirez,Male,1957-05-23,Medium Value,Denver,2023-01-23
1980,Mark,Hernandez,Female,1957-04-18,Medium Value,Atlanta,2023-02-24
1981,Christopher,Moore,Female,1955-04-07,Medium Value,Seattle,2023-01-11
1982,John,Hill,Male,1967-11-15,Medium Value,Minneapolis,2024-10-30
1983,Emma,Brown,Female,1955-09-26,Medium Value,Miami,2022-10-16
1984,Karen,Lopez,Male,1994-11-16,Low Value,Boston,2022-05-12
1985,Joshua,Clark,Male,2006-06-02,Medium Value,Dallas,2024-01-21
1986,Jason,Gomez,Female,1974-03-15,Low Value,Denver,2022-11-23
1987,Samantha,Robinson,Male,1953-03-01,Medium Value,Dallas,2025-03-20
1988,Sandra,Williams,Male,1967-04-09,Medium Value,Austin,2022-05-19
1989,Ryan,Campbell,Female,2005-01-15,High Value,Austin,2024-09-06
1990,Ashley,Davis,Female,1964-05-21,Medium Value,Denver,2022-06-10
1991,Justin,King,Male,2005-08-06,High Value,Los Angeles,2023-07-09
1992,Jennifer,Taylor,Male,1987-05-15,Low Value,New York,2025-04-05
1993,Barbara,Collins,Male,1998-03-06,Low Value,Miami,2023-08-23
1994,Edward,King,Female,1995-09-15,Low Value,Minneapolis,2022-07-28
1995,Carol,King,Female,1979-02-20,Low Value,San Francisco,2023-01-10
1996,Katherine,Cooper,Female,1967-09-28,High Value,Boston,2024-08-18
1997,Lisa,Martin,Male,1973-10-02,Low Value,San Francisco,2023-12-04
1998,Steven,Cook,Female,1999-12-05,Medium Value,Los Angeles,2023-01-20
1999,Lisa,Gonzalez,Male,1961-02-03,High Value,Chicago,2024-07-26
2000,Frank,Turner,Female,2004-12-20,Low Value,Chicago,2022-06-01
2001,Donna,Jones,Female,2004-11-08,High Value,San Francisco,2022-08-01
2002,Frank,Rivera,Female,1964-10-11,Low Value,Minneapolis,2022-08-13
2003,Kathleen,Roberts,Male,2000-05-08,Medium Value,Los Angeles,2023-01-08
2004,Karen,Jackson,Female,1960-07-06,Low Value,Austin,2023-06-18
2005,Matthew,Smith,Male,1997-09-27,Medium Value,Los Angeles,2023-08-17
2006,Michelle,Cook,Male,2006-09-16,Medium Value,Atlanta,2023-11-09
2007,Mary,Mitchell,Male,1992-11-13,Low Value,Atlanta,2022-05-27
2008,Rachel,Edwards,Male,1984-05-20,Low Value,Minneapolis,2024-03-24
2009,Scott,Green,Male,1979-04-09,Medium Value,Dallas,2024-10-16
2010,Melissa,Martin,Male,1954-07-03,Medium Value,Austin,2022-06-21
2011,Christine,Mitchell,Male,1989-12-06,Medium Value,Dallas,2022-08-28
2012,Margaret,Garcia,Female,1962-10-11,Low Value,Denver,2025-04-06
2013,Debra,Martin,Female,1994-07-06,Low Value,San Francisco,2023-01-04
2014,Gregory,King,Female,1992-09-01,Low Value,Miami,2023-11-27
2015,Mark,Morgan,Male,2001-01-02,Medium Value,Seattle,2023-04-05
2016,Daniel,Martin,Male,1959-03-26,Medium Value,New York,2023-08-30
2017,Deborah,Morgan,Male,1962-07-18,Medium Value,Austin,2024-04-02
2018,Shirley,Adams,Male,1969-09-18,Medium Value,Chicago,2023-09-18
2019,Jennifer,Roberts,Male,1964-10-17,Medium Value,Boston,2024-12-10
2020,Stephanie,Phillips,Female,1971-07-24,Low Value,Seattle,2022-09-01
2021,Donna,White,Male,1960-10-05,Low Value,Minneapolis,2022-10-24
2022,Michelle,Rodriguez,Male,1955-05-06,Medium Value,San Francisco,2023-03-21
2023,Angela,Anderson,Female,1958-08-28,Medium Value,San Francisco,2024-04-12
2024,Pamela,Ortiz,Female,1959-11-06,Low Value,Atlanta,2022-08-16
2025,Laura,Diaz,Male,1979-01-24,Low Value,Minneapolis,2022-01-05
2026,Christopher,Cooper,Male,1974-04-18,Medium Value,Austin,2022-07-17
2027,Daniel,Wright,Female,1968-09-08,Low Value,Atlanta,2023-12-29
2028,Brandon,Perez,Female,1995-10-25,High Value,San Francisco,2024-07-12
2029,Ryan,Parker,Male,1968-04-06,Low Value,Atlanta,2023-02-28
2030,Alexander,Clark,Female,1966-08-14,High Value,Minneapolis,2023-11-20
2031,Daniel,Gomez,Female,1982-02-08,Medium Value,Austin,2022-08-11
2032,Gregory,Cook,Male,2003-03-07,Low Value,Los Angeles,2022-11-09
2033,Brian,White,Male,1982-12-20,Low Value,Minneapolis,2024-12-18
2034,Rebecca,Morris,Male,1984-07-04,High Value,Miami,2024-01-29
2035,Christine,Wright,Male,1968-02-20,Medium Value,Dallas,2024-06-29
2036,Melissa,Turner,Male,1990-09-21,Medium Value,Los Angeles,2023-09-05
2037,Karen,Gomez,Male,1977-06-23,Medium Value,Austin,2022-12-16
2038,Sarah,Adams,Male,1981-04-10,Medium Value,San Francisco,2025-03-04
2039,Mark,Wright,Female,1995-07-21,High Value,Miami,2024-06-29
2040,Jeffrey,Wright,Male,1993-08-05,Medium Value,San Francisco,2025-04-23
2041,Pamela,Gomez,Female,1984-01-18,Medium Value,Chicago,2025-05-04
2042,Steven,Rivera,Female,1996-10-28,Medium Value,San Francisco,2023-07-19
2043,Joseph,Evans,Female,1982-04-10,Medium Value,Boston,2023-12-05
2044,Timothy,Nguyen,Male,2002-10-18,Medium Value,Chicago,2023-10-10
2045,Mary,Adams,Female,1963-02-27,High Value,Chicago,2022-10-13
2046,Donna,Davis,Female,1954-09-06,Medium Value,Seattle,2023-06-02
2047,James,Cooper,Male,1989-09-07,Low Value,Miami,2023-11-07
2048,Samantha,Stewart,Male,1969-12-04,Medium Value,Atlanta,2023-04-30
2049,Deborah,Johnson,Female,1956-01-07,Low Value,Chicago,2024-03-10
2050,Samuel,Clark,Female,1954-06-13,High Value,Seattle,2023-06-19
2051,Emma,Nguyen,Female,1980-08-19,Medium Value,Chicago,2024-09-09
2052,Shirley,Stewart,Male,1963-07-21,High Value,Chicago,2023-02-22
2053,Michael,Robinson,Male,1970-05-10,High Value,Seattle,2025-05-04
2054,Debra,Baker,Female,1980-09-13,High Value,Denver,2022-03-21
2055,Joseph,Adams,Male,1975-10-20,Low Value,Austin,2022-10-08
2056,Lisa,White,Male,1960-10-01,Medium Value,Denver,2023-08-27
2057,Michelle,Morris,Female,1977-05-18,Low Value,Seattle,2023-10-29
2058,Carol,Perez,Female,1959-04-18,Medium Value,Los Angeles,2024-09-28
2059,Kevin,Hall,Female,1966-02-06,Low Value,Minneapolis,2025-05-05
2060,Thomas,White,Female,1958-02-23,Medium Value,Boston,2022-10-21
2061,Jason,Wright,Male,1987-11-18,Medium Value,Minneapolis,2023-12-11
2062,Stephen,Adams,Female,1963-03-19,Medium Value,Miami,2023-12-11
2063,Rebecca,Anderson,Male,1985-06-16,Low Value,Denver,2024-07-07
2064,Shirley,Miller,Male,1976-05-20,Medium Value,New York,2024-07-19
2065,Katherine,Ramirez,Female,1975-03-10,Low Value,Boston,2023-08-29
2066,Jessica,Rivera,Female,1990-05-23,Medium Value,San Francisco,2023-06-17
2067,Robert,Nelson,Male,1967-08-17,High Value,Atlanta,2023-02-04
2068,William,Sanchez,Male,1968-11-17,Low Value,San Francisco,2024-05-24
2069,Brenda,Rodriguez,Male,1975-03-16,Medium Value,Atlanta,2022-01-20
2070,Kenneth,Rodriguez,Male,1973-03-04,Low Value,Boston,2024-04-16
2071,Mark,Morris,Female,2004-09-02,Medium Value,New York,2022-08-08
2072,Donna,Scott,Male,1977-08-03,Medium Value,Minneapolis,2024-02-15
2073,Nicole,Rodriguez,Female,1972-04-07,High Value,Austin,2025-05-23
2074,Kimberly,Baker,Female,1956-10-19,Medium Value,San Francisco,2022-03-01
2075,Amy,Robinson,Female,1989-01-18,Low Value,Los Angeles,2023-11-29
2076,Gregory,Gutierrez,Female,1971-05-06,Medium Value,Miami,2023-07-22
2077,Samantha,Collins,Female,1990-06-15,Medium Value,Dallas,2024-01-30
2078,Katherine,Hall,Female,2001-09-05,Low Value,Atlanta,2025-04-28
2079,Justin,Reyes,Female,1999-09-20,Low Value,Miami,2022-06-01
2080,Katherine,Edwards,Male,1958-08-01,Low Value,Denver,2024-12-19
2081,Richard,Wright,Female,2003-04-14,Low Value,Boston,2022-11-24
2082,David,White,Male,1999-04-21,Medium Value,Chicago,2024-10-26
2083,David,Young,Male,1992-08-27,High Value,Atlanta,2023-11-21
2084,Samantha,Perez,Male,2006-02-15,Medium Value,Boston,2024-01-29
2085,Jason,Clark,Female,1967-06-03,Low Value,Miami,2023-10-04
2086,Dorothy,Johnson,Male,2002-11-11,High Value,Los Angeles,2024-03-19
2087,Pamela,Walker,Male,2003-10-03,Medium Value,Chicago,2024-12-26
2088,Michelle,Moore,Female,1994-06-12,Medium Value,New York,2024-05-23
2089,Jonathan,Gonzalez,Female,1985-12-04,Medium Value,Chicago,2022-05-05
2090,Anthony,Phillips,Female,1957-06-23,Medium Value,Atlanta,2024-02-16
2091,David,Ramirez,Female,1997-06-17,Medium Value,Minneapolis,2025-03-09
2092,James,Nelson,Male,1987-06-28,High Value,Austin,2023-08-21
2093,Stephanie,Carter,Female,1968-10-16,Medium Value,San Francisco,2023-12-12
2094,Donna,Young,Female,1978-11-20,Low Value,Chicago,2024-11-06
2095,Ryan,Brown,Male,1963-09-20,Low Value,Austin,2024-02-14
2096,Donna,Thompson,Male,1986-02-13,Medium Value,Seattle,2024-04-24
2097,Carol,Clark,Female,1974-09-28,Low Value,Miami,2024-04-18
2098,Jessica,Jones,Female,1965-11-18,High Value,Atlanta,2024-10-01
2099,Gary,Turner,Male,1966-07-05,Low Value,Atlanta,2023-06-24
2100,Joseph,Ortiz,Female,2001-10-08,Medium Value,San Francisco,2023-03-09
2101,Sharon,Murphy,Male,1978-05-23,Low Value,Miami,2022-01-08
2102,Brandon,Rogers,Female,1982-05-28,Low Value,Denver,2023-12-20
2103,Jonathan,Collins,Female,1961-08-04,Medium Value,Boston,2023-02-07
2104,Susan,Roberts,Male,2006-05-25,Low Value,Minneapolis,2022-03-13
2105,Nicholas,Murphy,Male,1966-09-16,Low Value,Boston,2024-01-06
2106,Margaret,Phillips,Male,1971-08-15,Low Value,Chicago,2022-07-13
2107,Samantha,Anderson,Male,1975-04-17,Low Value,Miami,2022-02-17
2108,Brian,King,Male,2003-03-02,High Value,Seattle,2022-12-15
2109,Brandon,Jones,Male,1999-11-12,Medium Value,Boston,2022-01-15
2110,Linda,Murphy,Male,1997-10-27,Medium Value,Minneapolis,2025-03-03
2111,Stephen,Martinez,Male,1956-10-16,Low Value,Minneapolis,2022-07-22
2112,Emily,Cooper,Male,1982-01-19,Low Value,Minneapolis,2024-08-30
2113,Pamela,Evans,Female,1966-03-06,High Value,Denver,2024-10-12
2114,Donna,Johnson,Male,1969-12-21,Medium Value,Miami,2024-05-08
2115,Robert,Harris,Male,1972-07-17,High Value,Austin,2024-02-21
2116,Emma,Phillips,Male,1981-12-21,High Value,Dallas,2022-11-07
2117,Donald,Gomez,Female,2004-07-24,High Value,Dallas,2024-01-09
2118,Mary,Baker,Male,1982-08-20,High Value,Denver,2022-07-16
2119,Patricia,Reyes,Male,1966-10-15,Medium Value,New York,2022-03-12
2120,Susan,Clark,Male,1987-07-19,Low Value,Chicago,2024-08-25
2121,Charles,White,Female,1960-01-26,Medium Value,Seattle,2023-07-27
2122,Joseph,Perez,Female,1988-02-16,Medium Value,Chicago,2023-09-20
2123,Mark,Hill,Male,1971-03-06,High Value,Denver,2024-03-24
2124,Nicole,Wright,Male,2001-02-05,Low Value,Minneapolis,2022-02-04
2125,Jacob,White,Female,1977-10-01,Low Value,Los Angeles,2024-05-11
2126,Mark,Taylor,Male,1983-07-03,Medium Value,Miami,2023-09-07
2127,Paul,Hall,Male,2005-12-12,Medium Value,San Francisco,2022-08-18
2128,Pamela,Anderson,Male,1973-09-19,High Value,New York,2024-05-30
2129,Anna,Morgan,Female,1979-05-16,Medium Value,Atlanta,2024-11-18
2130,Timothy,Davis,Female,1953-09-17,Medium Value,Seattle,2023-06-15
2131,Gregory,Lopez,Female,1989-02-19,Medium Value,Chicago,2025-06-23
2132,Joshua,Garcia,Female,1956-07-19,Low Value,Minneapolis,2024-12-19
2133,Ronald,Taylor,Male,2006-04-26,Low Value,Denver,2023-07-25
2134,Cynthia,Garcia,Female,1985-03-04,Medium Value,Los Angeles,2024-12-16
2135,Charles,Johnson,Male,1963-02-06,Low Value,Los Angeles,2024-10-03
2136,Melissa,Nelson,Male,1953-04-25,High Value,Los Angeles,2022-02-12
2137,Donna,Phillips,Male,1982-04-19,Low Value,New York,2022-01-07
2138,Jessica,Allen,Male,1960-07-26,High Value,Chicago,2022-07-09
2139,Donald,Moore,Male,1996-08-07,Low Value,Boston,2025-04-06
2140,Samantha,Garcia,Female,1977-01-18,Medium Value,Minneapolis,2025-01-17
2141,Amy,King,Female,1977-04-02,High Value,Chicago,2025-05-07
2142,Rachel,Lewis,Female,1968-07-04,Low Value,New York,2023-05-16
2143,Eric,Hernandez,Male,1973-02-22,Medium Value,San Francisco,2024-01-27
2144,Pamela,Flores,Male,1962-01-07,Medium Value,Miami,2022-01-25
2145,Emily,Evans,Male,1979-01-15,Medium Value,Denver,2025-03-23
2146,Rebecca,Parker,Female,1981-03-23,High Value,Chicago,2025-02-01
2147,Sarah,Cooper,Male,1958-12-17,Low Value,Dallas,2023-04-01
2148,James,Martin,Female,1978-03-02,Medium Value,Atlanta,2022-05-24
2149,Dorothy,Robinson,Male,2003-06-21,Medium Value,Los Angeles,2022-11-24
2150,John,Johnson,Female,1971-02-06,High Value,San Francisco,2025-02-20
2151,Susan,Anderson,Female,1996-07-03,High Value,Miami,2023-11-02
2152,Joseph,Jones,Female,1956-08-20,Medium Value,Dallas,2023-06-26
2153,Thomas,Young,Male,1986-03-15,High Value,New York,2022-12-26
2154,William,Hall,Female,1958-03-01,Low Value,Miami,2024-12-26
2155,Laura,Adams,Female,1967-12-25,Medium Value,Seattle,2022-04-05
2156,Charles,Cruz,Male,1979-04-28,Medium Value,Miami,2022-02-21
2157,James,Campbell,Male,1984-12-24,Low Value,Miami,2023-09-26
2158,Brian,Turner,Male,1958-08-14,High Value,Atlanta,2023-10-13
2159,Ryan,White,Male,1978-08-01,Medium Value,Atlanta,2024-05-06
2160,Carolyn,Phillips,Female,1962-03-09,Low Value,New York,2025-06-26
2161,Emma,Cruz,Female,1985-05-26,Medium Value,San Francisco,2024-08-14
2162,Katherine,Clark,Male,1976-01-02,Low Value,Austin,2022-08-11
2163,Joshua,Jackson,Female,1961-04-11,Low Value,Seattle,2023-09-22
2164,Stephen,Martin,Female,1960-03-03,Low Value,Denver,2024-06-05
2165,Christopher,Rivera,Female,1969-10-26,High Value,Dallas,2024-03-29
2166,Samuel,Lopez,Female,2002-02-04,Low Value,Miami,2024-10-06
2167,Shirley,Jackson,Male,1982-04-01,Medium Value,Miami,2023-09-21
2168,Nicholas,Cook,Female,2004-03-24,Medium Value,New York,2023-07-22
2169,Rebecca,Phillips,Male,1969-01-12,Low Value,New York,2022-03-31
2170,Michelle,Sanchez,Female,1995-12-09,Low Value,New York,2023-01-17
2171,Michael,Flores,Female,1992-12-17,High Value,Austin,2023-05-06
2172,Michael,Davis,Female,1965-03-02,Medium Value,Minneapolis,2025-05-02
2173,David,Lopez,Male,2004-05-02,Medium Value,Chicago,2024-08-30
2174,Richard,Reyes,Female,2001-11-18,High Value,Austin,2022-08-03
2175,Melissa,Miller,Male,1999-09-09,Medium Value,New York,2023-08-07
2176,George,Johnson,Female,1993-02-03,Low Value,Los Angeles,2023-11-29
2177,John,Stewart,Male,1963-09-17,Low Value,Miami,2024-06-27
2178,Dorothy,Davis,Male,1998-04-15,Low Value,New York,2022-08-05
2179,Brandon,Stewart,Male,2006-03-05,Low Value,Los Angeles,2025-04-19
2180,Gary,Thomas,Female,1987-04-16,Low Value,Denver,2022-03-24
2181,James,White,Male,2004-05-18,Low Value,Chicago,2025-01-29
2182,Mary,Perez,Male,1994-05-22,Medium Value,Seattle,2022-10-04
2183,Christopher,Thomas,Male,1978-10-02,Low Value,Austin,2024-02-23
2184,Ronald,Stewart,Female,1954-07-26,Low Value,Boston,2024-01-01
2185,Ashley,Campbell,Male,1997-12-05,Medium Value,New York,2022-08-25
2186,Stephanie,Martinez,Male,1953-08-01,Medium Value,Los Angeles,2022-04-06
2187,Christopher,Torres,Female,1966-12-24,High Value,Minneapolis,2025-01-07
2188,Emma,Nguyen,Female,1985-02-08,High Value,Chicago,2022-08-08
2189,Mary,Green,Male,1967-01-05,Medium Value,New York,2022-05-26
2190,Carolyn,Nguyen,Female,1978-12-26,Medium Value,Los Angeles,2025-06-12
2191,Barbara,Smith,Male,1973-01-27,Low Value,New York,2023-07-20
2192,Gary,Cook,Male,2005-10-26,Low Value,Austin,2022-09-08
2193,Carol,Anderson,Female,1961-09-25,Low Value,New York,2024-10-06
2194,Nicole,Mitchell,Male,2001-10-16,High Value,Atlanta,2024-01-12
2195,Debra,Reyes,Male,1963-04-24,High Value,Austin,2023-08-29
2196,Emily,Diaz,Female,2002-08-15,High Value,Dallas,2022-05-13
2197,Linda,Cook,Male,1982-02-12,Low Value,Austin,2024-09-11
2198,Amy,Davis,Male,1966-02-16,Medium Value,Denver,2023-04-13
2199,Donna,Martinez,Female,2006-05-17,Low Value,Denver,2023-01-06
2200,Kevin,King,Male,2002-07-22,Medium Value,Atlanta,2022-10-30
2201,Jennifer,Edwards,Female,1979-07-09,High Value,Dallas,2024-02-12
2202,Anthony,Baker,Male,1966-12-18,Medium Value,Austin,2022-10-11
2203,Nicholas,Stewart,Female,1991-01-14,Low Value,Miami,2023-06-24
2204,Nicole,Robinson,Female,1964-01-23,Low Value,Denver,2023-04-27
2205,Rachel,Ortiz,Male,2006-10-25,Medium Value,Dallas,2025-03-29
2206,Scott,Edwards,Female,1980-05-25,Medium Value,Chicago,2023-10-21
2207,Nicholas,Reyes,Female,1984-12-11,Medium Value,Denver,2024-06-12
2208,Donald,Ortiz,Male,1969-03-28,Medium Value,Dallas,2024-04-04
2209,Lisa,Davis,Male,1998-03-06,High Value,Miami,2022-07-31
2210,Deborah,Morales,Female,1980-10-04,High Value,Boston,2022-12-03
2211,Joseph,Torres,Female,1970-09-13,Medium Value,San Francisco,2022-03-08
2212,Justin,Johnson,Female,1966-10-28,Medium Value,Dallas,2023-01-05
2213,Richard,Wright,Male,1964-11-13,Medium Value,Seattle,2022-06-08
2214,Cynthia,Reyes,Male,2001-01-07,Medium Value,New York,2023-02-02
2215,Rachel,Johnson,Female,1955-05-19,Medium Value,Los Angeles,2024-04-26
2216,Timothy,Lewis,Female,1960-08-06,Medium Value,San Francisco,2024-06-27
2217,Emma,Lewis,Male,1989-01-24,Low Value,Austin,2023-10-28
2218,Brandon,Adams,Female,1959-12-20,Low Value,Los Angeles,2023-04-06
2219,Lisa,Cooper,Female,1958-03-19,Low Value,New York,2023-04-01
2220,Linda,Taylor,Female,2006-07-23,Medium Value,Austin,2023-11-10
2221,Stephen,Hill,Male,1975-04-19,Medium Value,Boston,2025-04-15
2222,Nicholas,Cooper,Male,1980-05-27,Medium Value,Chicago,2024-10-11
2223,Nancy,Garcia,Male,1987-01-22,Low Value,Minneapolis,2025-03-03
2224,Nancy,White,Male,2002-02-12,Low Value,Seattle,2023-05-03
2225,Justin,Lewis,Male,1964-03-12,Medium Value,Los Angeles,2022-12-21
2226,William,Garcia,Female,1962-06-21,Medium Value,Denver,2022-05-02
2227,Amanda,Torres,Male,1974-12-22,Medium Value,Chicago,2024-04-09
2228,Frank,Clark,Female,1992-04-25,Medium Value,Los Angeles,2022-11-29
2229,Nicole,Diaz,Male,1961-01-26,High Value,Atlanta,2025-03-01
2230,Jessica,Taylor,Male,2006-05-25,High Value,Seattle,2025-04-02
2231,Kenneth,Moore,Female,1956-02-05,Low Value,Los Angeles,2024-04-02
2232,Nicole,Mitchell,Female,1970-03-03,Medium Value,Chicago,2025-05-04
2233,Larry,Clark,Male,1981-06-20,Medium Value,New York,2023-01-06
2234,Richard,Morris,Male,1976-04-24,High Value,Austin,2024-05-17
2235,Karen,Rogers,Female,1993-07-09,High Value,Austin,2022-10-18
2236,Jessica,Edwards,Female,2004-04-01,Medium Value,Chicago,2022-11-21
2237,Kenneth,Moore,Female,1970-01-07,Low Value,Dallas,2022-05-09
2238,Melissa,Johnson,Female,1973-02-09,Low Value,Los Angeles,2022-10-13
2239,Donald,Miller,Female,1986-08-16,Medium Value,San Francisco,2022-10-14
2240,Deborah,Allen,Male,1961-03-03,Medium Value,Atlanta,2023-06-05
2241,Nicole,White,Male,2000-01-10,Medium Value,Atlanta,2022-03-26
2242,Anthony,Walker,Male,2001-03-19,Low Value,San Francisco,2024-05-30
2243,Nancy,Baker,Male,1982-12-18,Medium Value,Miami,2024-06-06
2244,Katherine,Cook,Female,2003-06-24,Medium Value,Atlanta,2025-01-13
2245,Amy,Moore,Female,1978-03-01,Medium Value,Minneapolis,2024-03-25
2246,George,Flores,Male,1966-11-28,Low Value,Denver,2022-06-14
2247,Daniel,White,Male,1975-01-25,Medium Value,New York,2023-12-24
2248,Nancy,Hill,Female,1981-03-18,Medium Value,Austin,2023-05-31
2249,Nancy,Lee,Male,1968-05-03,Medium Value,Seattle,2022-12-25
2250,Ronald,Perez,Female,2006-12-15,High Value,Chicago,2024-03-27
2251,Michael,Campbell,Female,1980-04-06,Medium Value,New York,2023-08-07
2252,Brandon,Martinez,Male,1956-12-25,Medium Value,New York,2023-05-19
2253,Sarah,Lee,Male,1972-08-03,Low Value,New York,2023-04-01
2254,Sharon,Williams,Male,1986-03-15,Low Value,Boston,2023-10-19
2255,Linda,Stewart,Female,1980-03-13,Medium Value,Seattle,2024-12-12
2256,Pamela,Adams,Male,1967-08-06,Medium Value,Los Angeles,2022-07-04
2257,Mark,Anderson,Male,1966-04-26,High Value,Austin,2025-06-18
2258,Joshua,Moore,Female,1965-12-04,Medium Value,Austin,2023-08-13
2259,Daniel,Reyes,Female,1983-11-13,Medium Value,Atlanta,2024-05-10
2260,Frank,Clark,Female,2003-05-20,Medium Value,Seattle,2022-04-03
2261,Jacob,Adams,Male,1974-02-17,Medium Value,Atlanta,2022-06-27
2262,Daniel,Hill,Male,1997-03-02,Medium Value,Dallas,2023-03-25
2263,Elizabeth,Murphy,Female,1963-04-09,Medium Value,Denver,2023-11-18
2264,Pamela,Allen,Female,1981-10-25,High Value,Chicago,2023-08-24
2265,Timothy,Moore,Male,1979-09-19,Medium Value,Chicago,2024-08-15
2266,William,Johnson,Female,1953-10-11,Medium Value,Los Angeles,2023-11-22
2267,Daniel,Lopez,Female,1978-12-09,Medium Value,Los Angeles,2025-04-23
2268,Justin,Lewis,Male,1983-09-03,Low Value,Seattle,2022-04-13
2269,Richard,Nguyen,Female,1967-08-17,Medium Value,Atlanta,2023-03-11
2270,David,Cooper,Female,2001-08-27,Low Value,Miami,2023-12-21
2271,Dorothy,Taylor,Female,1996-07-25,Medium Value,Los Angeles,2022-05-18
2272,Eric,Mitchell,Male,2005-09-24,Medium Value,San Francisco,2022-05-03
2273,Pamela,Anderson,Male,1953-09-10,High Value,Denver,2024-07-19
2274,John,Nguyen,Female,1968-06-14,High Value,Austin,2022-03-16
2275,Jason,Rogers,Female,1968-04-01,Medium Value,Austin,2024-06-20
2276,Jacob,Thomas,Female,1988-03-06,Medium Value,Minneapolis,2024-04-20
2277,David,Williams,Female,2002-09-15,Low Value,Atlanta,2024-06-01
2278,Alexander,Garcia,Female,1977-08-25,Medium Value,Los Angeles,2023-02-23
2279,Rebecca,Brown,Female,2000-06-26,Medium Value,Miami,2022-02-14
2280,Sarah,Thomas,Male,1997-08-02,Low Value,Seattle,2025-02-22
2281,Emma,Phillips,Male,1996-12-15,Medium Value,Chicago,2023-02-26
2282,Rebecca,Lee,Male,1989-11-01,Medium Value,Boston,2025-04-03
2283,Alexander,Morgan,Male,1963-08-04,High Value,Atlanta,2023-10-24
2284,Dorothy,Lopez,Male,1982-12-01,Medium Value,Atlanta,2023-09-23
2285,Christopher,Brown,Female,1966-12-23,Medium Value,San Francisco,2023-04-26
2286,Carol,Hill,Male,1996-11-20,High Value,Minneapolis,2023-08-02
2287,Cynthia,Brown,Female,1977-10-06,Low Value,New York,2025-01-08
2288,Anna,Ortiz,Female,1963-05-08,Low Value,Atlanta,2023-07-24
2289,Carolyn,Jackson,Male,2003-12-22,High Value,Minneapolis,2025-01-08
2290,Stephanie,Carter,Male,1994-05-22,Low Value,Los Angeles,2023-12-05
2291,Susan,Carter,Male,1994-05-25,Low Value,San Francisco,2022-10-18
2292,Kevin,Smith,Male,1965-08-25,High Value,Chicago,2022-04-22
2293,Benjamin,Hill,Female,1955-08-02,High Value,Los Angeles,2025-01-09
2294,Ryan,Lee,Male,1978-03-17,Low Value,Dallas,2024-04-29
2295,Joshua,Ortiz,Female,1973-01-22,Medium Value,Chicago,2024-11-23
2296,Larry,White,Female,1994-11-15,Medium Value,Miami,2022-06-04
2297,Scott,Roberts,Male,1960-03-26,Medium Value,Boston,2022-09-29
2298,John,Walker,Male,1992-02-15,Low Value,Chicago,2022-12-25
2299,Emily,Wright,Female,1966-06-26,Medium Value,San Francisco,2023-01-12
2300,James,Hernandez,Female,1964-01-24,Medium Value,Minneapolis,2022-10-20
2301,Margaret,Evans,Female,1991-01-19,Low Value,New York,2022-11-16
2302,Mary,White,Male,1988-05-19,Medium Value,Boston,2022-05-01
2303,James,Taylor,Female,2001-05-08,Medium Value,Austin,2023-09-24
2304,Steven,Cook,Female,2001-02-23,Low Value,Atlanta,2024-01-23
2305,Ashley,Phillips,Male,2005-12-09,Medium Value,Atlanta,2022-09-01
2306,Kathleen,Young,Female,1986-06-09,Medium Value,Minneapolis,2022-11-08
2307,Jason,Jones,Male,1977-07-26,Low Value,Boston,2024-12-19
2308,Deborah,Flores,Male,1989-08-28,Low Value,Miami,2022-10-04
2309,Anna,Ortiz,Male,1977-03-06,Medium Value,Austin,2022-09-21
2310,Ryan,Evans,Male,1964-04-12,Low Value,Austin,2025-04-23
2311,Nicole,Young,Male,1966-06-25,Low Value,Atlanta,2024-03-29
2312,Cynthia,White,Female,1976-07-01,High Value,Seattle,2023-06-06
2313,Anna,Young,Female,1959-06-07,Medium Value,San Francisco,2023-01-24
2314,Thomas,Phillips,Male,1953-01-01,Medium Value,New York,2022-04-12
2315,Rebecca,Jackson,Female,2006-10-24,Low Value,Minneapolis,2023-09-17
2316,Andrew,Martinez,Male,1966-05-04,Medium Value,Chicago,2025-03-23
2317,Thomas,Jones,Female,1990-10-18,Low Value,Austin,2024-02-25
2318,Donna,Johnson,Male,1974-10-23,High Value,Miami,2024-11-28
2319,Patricia,Morales,Male,1980-07-20,Low Value,New York,2023-06-19
2320,Larry,Cooper,Male,2005-01-21,Medium Value,Denver,2022-09-27
2321,Ashley,Smith,Female,1981-10-14,High Value,Austin,2024-12-13
2322,Karen,Nguyen,Female,1953-05-08,Medium Value,Seattle,2022-09-04
2323,Gregory,Harris,Male,1983-11-20,Low Value,Denver,2022-07-18
2324,Betty,Perez,Female,1957-08-12,Medium Value,Chicago,2022-06-26
2325,Jennifer,Jackson,Male,1997-06-27,Low Value,San Francisco,2025-04-10
2326,Eric,Morris,Male,1965-04-15,Medium Value,Chicago,2023-01-12
2327,Emily,Edwards,Female,1971-09-20,Low Value,Chicago,2024-10-07
2328,Thomas,Lewis,Female,1973-02-01,Low Value,Minneapolis,2024-04-26
2329,Jacob,Jones,Male,1997-09-28,High Value,Denver,2023-05-05
2330,David,Wright,Female,1975-07-07,High Value,Seattle,2022-05-31
2331,Brian,Hall,Male,1987-12-03,Low Value,Minneapolis,2022-07-15
2332,Paul,Gomez,Female,1995-06-08,Low Value,San Francisco,2024-03-26
2333,James,Miller,Female,1971-01-19,Low Value,Los Angeles,2022-01-26
2334,Jessica,Cooper,Female,1970-01-25,Low Value,Los Angeles,2025-01-23
2335,Rachel,Clark,Male,1990-07-13,Low Value,Dallas,2022-03-23
2336,Rachel,Scott,Female,1993-12-24,Low Value,Chicago,2024-12-29
2337,Christopher,Baker,Female,1958-07-10,Medium Value,Minneapolis,2025-05-14
2338,Amanda,Turner,Male,1961-04-02,Low Value,Los Angeles,2024-08-17
2339,Laura,Morales,Male,1955-09-24,Medium Value,San Francisco,2022-03-29
2340,Scott,Lopez,Male,1987-12-27,Low Value,Minneapolis,2023-08-01
2341,Rachel,Jackson,Male,2004-07-13,High Value,New York,2025-01-05
2342,Amanda,Lee,Male,2004-07-08,Low Value,Dallas,2022-08-17
2343,Ryan,Lee,Female,1962-01-11,Low Value,Los Angeles,2024-08-21
2344,George,Scott,Female,1971-08-24,Low Value,Minneapolis,2022-04-27
2345,Katherine,Sanchez,Male,1958-08-25,Medium Value,New York,2022-05-31
2346,Pamela,Wright,Male,1979-08-26,Low Value,Austin,2022-09-28
2347,Carolyn,Carter,Female,1953-06-08,High Value,Chicago,2024-02-27
2348,Thomas,Mitchell,Male,1984-09-15,Medium Value,Chicago,2024-03-06
2349,Ronald,Walker,Male,1955-07-13,Medium Value,Los Angeles,2022-01-18
2350,Samuel,Diaz,Male,1970-01-20,Medium Value,Atlanta,2022-01-23
2351,Nancy,Davis,Male,2004-12-08,High Value,Miami,2024-01-18
2352,Christopher,Sanchez,Female,2002-08-25,Medium Value,Denver,2025-05-08
2353,Ronald,Garcia,Male,1956-10-23,Medium Value,Atlanta,2022-09-30
2354,Donna,Adams,Female,1969-05-21,Low Value,San Francisco,2022-03-31
2355,Frank,Torres,Female,1974-04-17,High Value,New York,2022-02-03
2356,Brian,Hall,Female,1986-04-10,Low Value,Seattle,2024-03-26
2357,Scott,Mitchell,Male,1962-02-16,Medium Value,San Francisco,2023-10-07
2358,Edward,Wilson,Male,2004-07-27,Medium Value,Dallas,2024-05-16
2359,Katherine,Martin,Female,2001-07-13,High Value,Chicago,2023-12-25
2360,Patricia,Martinez,Female,1976-04-22,High Value,Chicago,2023-04-17
2361,Jason,Murphy,Male,2004-02-11,High Value,Austin,2024-12-14
2362,Daniel,Allen,Male,1972-02-07,Medium Value,Los Angeles,2023-09-22
2363,Kimberly,Campbell,Female,1966-02-22,Low Value,Denver,2024-08-15
2364,Jessica,Hernandez,Female,2001-11-17,Medium Value,Miami,2024-03-25
2365,Rebecca,Ramirez,Female,1980-06-13,Medium Value,New York,2023-02-03
2366,Kimberly,Collins,Female,1978-09-01,Low Value,Denver,2022-04-11
2367,Jacob,Lopez,Female,1987-05-08,Low Value,Chicago,2022-07-25
2368,Laura,Morales,Female,1968-04-07,Low Value,Dallas,2025-05-21
2369,Anthony,Phillips,Male,1971-05-02,Low Value,Dallas,2022-10-01
2370,Ryan,Carter,Female,1992-10-21,Medium Value,Dallas,2024-06-18
2371,Mark,Morgan,Male,1974-11-05,High Value,Chicago,2023-01-09
2372,William,Diaz,Male,1992-04-08,Medium Value,Dallas,2023-08-24
2373,Gregory,Martinez,Female,1991-10-17,Low Value,Dallas,2022-01-19
2374,David,Nelson,Female,2006-05-23,High Value,Denver,2024-03-07
2375,Laura,Rodriguez,Female,1965-09-08,High Value,New York,2024-03-16
2376,Alexander,Martin,Male,1964-07-21,Low Value,Minneapolis,2022-09-20
2377,Anthony,Martinez,Male,1979-12-17,Low Value,Minneapolis,2024-03-26
2378,Patricia,Cruz,Female,1953-04-18,High Value,Denver,2024-02-15
2379,Nancy,Cook,Female,2003-05-05,Medium Value,Miami,2022-03-18
2380,Michael,Taylor,Female,1984-05-01,Low Value,Miami,2024-06-08
2381,Jason,Collins,Male,1979-03-12,Low Value,San Francisco,2024-05-30
2382,Ashley,Phillips,Male,1965-09-22,Low Value,Denver,2024-04-06
2383,Elizabeth,Torres,Female,1989-08-09,Medium Value,Denver,2025-04-15
2384,Nicole,Morales,Male,2000-10-27,Low Value,Atlanta,2025-05-10
2385,Robert,Green,Female,2005-06-01,Medium Value,Seattle,2023-03-02
2386,Donna,Ramirez,Female,1961-03-24,Low Value,Los Angeles,2023-06-11
2387,Christopher,Morgan,Male,2004-11-03,Low Value,Miami,2022-08-02
2388,Sandra,Allen,Female,1954-01-23,Medium Value,New York,2024-07-11
2389,Sarah,Harris,Male,2005-10-17,Low Value,Minneapolis,2024-10-16
2390,Amanda,Gomez,Male,1998-08-24,Low Value,Atlanta,2022-05-12
2391,Thomas,Clark,Male,1981-09-21,Low Value,Atlanta,2022-04-29
2392,William,Roberts,Female,1986-01-13,High Value,Minneapolis,2023-02-14
2393,Rebecca,Flores,Female,1982-12-19,Medium Value,San Francisco,2023-07-10
2394,Angela,Diaz,Female,1996-08-20,Medium Value,Seattle,2024-03-03
2395,James,Cruz,Male,1962-04-13,High Value,New York,2025-01-17
2396,David,Roberts,Female,1978-03-01,Medium Value,New York,2023-12-31
2397,Emily,Nelson,Female,1984-11-17,Medium Value,Austin,2024-01-05
2398,Steven,Stewart,Male,1980-05-01,High Value,Chicago,2024-12-08
2399,Shirley,Taylor,Female,1971-11-02,High Value,Denver,2024-02-23
2400,Daniel,Allen,Male,1972-05-03,Medium Value,Atlanta,2024-08-25
2401,Betty,Ortiz,Male,1979-09-14,Medium Value,Chicago,2023-04-23
2402,William,Edwards,Male,1954-04-14,High Value,Los Angeles,2025-06-28
2403,Margaret,Rogers,Male,1994-07-02,High Value,Dallas,2023-11-13
2404,Patricia,Scott,Male,2000-02-07,Low Value,Seattle,2022-01-25
2405,Anna,Stewart,Male,1991-08-28,Low Value,San Francisco,2022-10-04
2406,Brenda,Wright,Male,1960-04-12,Low Value,Austin,2024-12-14
2407,Dorothy,Clark,Male,1975-07-25,Medium Value,Minneapolis,2024-11-09
2408,Kathleen,Lewis,Female,1989-05-22,Low Value,Chicago,2025-04-12
2409,Sarah,Parker,Male,1953-03-23,Medium Value,San Francisco,2022-10-29
2410,Sandra,Lopez,Male,1975-09-20,Medium Value,Dallas,2023-07-29
2411,Matthew,Flores,Female,1962-01-08,Medium Value,New York,2024-06-20
2412,Ryan,Campbell,Female,1992-06-04,Medium Value,Miami,2024-11-17
2413,Betty,Smith,Male,1985-09-25,High Value,Minneapolis,2025-05-26
2414,Carolyn,Rogers,Female,2004-05-04,Medium Value,San Francisco,2023-05-17
2415,Patricia,Campbell,Female,1999-09-13,Low Value,Minneapolis,2023-07-28
2416,Donna,Gutierrez,Female,1966-02-28,Medium Value,Boston,2022-01-06
2417,Gregory,Lopez,Male,1976-02-26,Low Value,Atlanta,2022-07-04
2418,Charles,Carter,Female,2005-06-27,Medium Value,Denver,2024-04-28
2419,Sharon,Martin,Male,1968-03-15,High Value,Minneapolis,2024-08-28
2420,Karen,Perez,Male,1967-08-22,High Value,San Francisco,2024-05-27
2421,Linda,Scott,Female,2004-08-15,Medium Value,San Francisco,2023-06-16
2422,Kathleen,Green,Female,1973-04-19,High Value,Atlanta,2025-01-20
2423,Anthony,Reyes,Female,1985-02-12,High Value,San Francisco,2024-10-08
2424,Deborah,Rogers,Female,1991-12-21,High Value,Austin,2025-01-31
2425,Edward,Clark,Female,1986-01-28,Low Value,Dallas,2024-09-07
2426,Rachel,Wilson,Female,1964-02-21,Low Value,Miami,2023-11-15
2427,Karen,Cooper,Male,1986-11-13,Low Value,Miami,2022-07-21
2428,Christine,Morales,Male,1953-07-13,Low Value,Minneapolis,2025-05-05
2429,Nicole,Taylor,Female,1967-08-25,Medium Value,Dallas,2022-10-22
2430,Mark,Scott,Male,1998-09-22,Low Value,Austin,2025-05-29
2431,Kenneth,Garcia,Male,1979-08-11,Medium Value,Boston,2024-04-27
2432,Matthew,Baker,Male,1975-12-15,Low Value,Chicago,2024-06-24
2433,Gregory,Ramirez,Male,1959-06-11,Low Value,Denver,2023-10-14
2434,Thomas,Lopez,Female,1986-08-20,Low Value,San Francisco,2023-04-01
2435,Kimberly,Garcia,Female,1972-06-17,Medium Value,Atlanta,2022-06-06
2436,Michael,Wilson,Female,2001-03-08,Low Value,Miami,2022-04-11
2437,Joseph,Adams,Female,1993-07-27,Low Value,Atlanta,2022-03-18
2438,Samantha,Edwards,Female,1987-01-28,Medium Value,Dallas,2023-09-12
2439,Jason,Rogers,Female,1971-05-14,Medium Value,Boston,2023-08-24
2440,Jason,Diaz,Male,1972-01-03,Medium Value,Austin,2022-10-03
2441,Nicholas,Clark,Female,1960-06-19,Medium Value,Boston,2022-11-25
2442,Gregory,Cruz,Male,1967-02-17,Low Value,Austin,2023-03-03
2443,Kevin,Mitchell,Male,1998-11-10,High Value,Miami,2023-04-10
2444,Deborah,Rodriguez,Female,1988-06-21,Medium Value,Minneapolis,2023-05-22
2445,Dorothy,Clark,Male,1972-05-26,Low Value,Austin,2023-06-06
2446,Benjamin,Rivera,Female,1987-05-21,Low Value,New York,2024-09-24
2447,Jason,Rodriguez,Male,1981-01-11,Low Value,Chicago,2022-12-06
2448,Larry,Martinez,Female,1994-05-04,Low Value,Los Angeles,2023-09-07
2449,Carolyn,Davis,Female,1998-10-09,Medium Value,Atlanta,2024-09-24
2450,Nicole,Taylor,Male,1987-07-10,Low Value,Miami,2023-05-10
2451,Karen,Diaz,Male,1993-06-24,Medium Value,Chicago,2025-04-13
2452,Brenda,Harris,Male,1979-07-15,High Value,Boston,2024-02-13
2453,James,Moore,Male,1973-12-13,Medium Value,Los Angeles,2022-03-07
2454,Sarah,Lewis,Male,1970-10-19,High Value,Atlanta,2023-03-04
2455,Sharon,Morales,Male,1975-10-24,High Value,Chicago,2024-07-15
2456,Emily,Phillips,Female,1960-05-10,Low Value,Chicago,2023-03-09
2457,Ryan,Hill,Male,1978-06-14,High Value,Seattle,2024-02-11
2458,Ashley,Morales,Female,2001-03-13,High Value,Los Angeles,2025-04-12
2459,Brandon,Nelson,Female,1975-10-25,Low Value,Dallas,2024-09-22
2460,Barbara,Hill,Female,1991-01-01,Low Value,Los Angeles,2025-01-26
2461,Amanda,Rodriguez,Female,1999-12-07,Low Value,Seattle,2023-06-08
2462,Lisa,Morgan,Male,1987-04-19,Medium Value,Chicago,2023-05-09
2463,Emily,Carter,Female,1999-12-23,Medium Value,New York,2024-09-14
2464,Melissa,Lopez,Male,1960-05-23,Medium Value,San Francisco,2024-11-24
2465,William,Moore,Male,1997-01-10,Medium Value,Chicago,2023-08-08
2466,Jason,Gonzalez,Female,1985-04-02,Medium Value,Minneapolis,2024-02-05
2467,Ashley,Hernandez,Female,1972-04-19,Medium Value,New York,2022-05-13
2468,Nancy,Wilson,Female,2004-01-16,High Value,Atlanta,2024-07-23
2469,Benjamin,Ortiz,Female,1973-07-10,Medium Value,Dallas,2024-07-19
2470,Charles,Diaz,Male,2005-10-22,Medium Value,Los Angeles,2022-05-28
2471,Mary,Phillips,Male,1955-01-06,High Value,Los Angeles,2024-10-25
2472,Carolyn,Williams,Female,1996-06-27,High Value,Dallas,2022-07-15
2473,Rebecca,Evans,Male,1983-01-04,High Value,Denver,2023-10-17
2474,Richard,Phillips,Male,1980-04-07,Medium Value,Minneapolis,2022-09-21
2475,Robert,Green,Male,1967-10-05,Low Value,Dallas,2022-04-07
2476,Richard,Garcia,Male,1957-02-25,Medium Value,Los Angeles,2023-09-21
2477,Sandra,Thompson,Male,1976-03-17,Low Value,Austin,2022-08-28
2478,Kevin,Evans,Female,1996-05-11,Medium Value,Dallas,2023-01-16
2479,Brandon,Cruz,Female,1980-01-06,Medium Value,Seattle,2024-05-30
2480,Justin,Rivera,Male,1968-07-25,Low Value,Boston,2024-08-27
2481,Emily,Campbell,Male,1964-10-16,Medium Value,Los Angeles,2022-07-08
2482,Rebecca,Mitchell,Female,2005-06-19,Medium Value,New York,2024-03-09
2483,Katherine,Rogers,Male,1956-10-14,Medium Value,Austin,2023-06-30
2484,Ashley,Phillips,Male,1990-12-12,Medium Value,Dallas,2024-06-23
2485,Laura,Green,Female,1995-04-11,Medium Value,Los Angeles,2024-04-15
2486,Ashley,Martin,Female,1971-04-23,Medium Value,Austin,2025-04-28
2487,David,Lee,Female,1994-08-28,Low Value,Miami,2024-05-06
2488,Carol,Wright,Male,1966-11-10,Medium Value,Austin,2024-10-21
2489,Edward,Gonzalez,Male,1978-12-18,Medium Value,Dallas,2024-08-21
2490,Sharon,Gonzalez,Male,1975-04-22,High Value,Atlanta,2024-03-17
2491,Frank,Reyes,Male,1958-01-08,Medium Value,Chicago,2023-03-03
2492,Frank,Perez,Female,2002-01-04,Medium Value,Seattle,2024-05-17
2493,Brenda,Moore,Male,1977-12-09,Medium Value,San Francisco,2022-09-27
2494,Betty,Hill,Female,2003-08-13,Medium Value,Dallas,2023-07-24
2495,Stephanie,Nguyen,Male,1975-07-07,Medium Value,Los Angeles,2024-07-31
2496,Mary,Ramirez,Female,1978-10-09,Low Value,Atlanta,2022-06-13
2497,Carolyn,Roberts,Female,1998-05-19,High Value,Boston,2024-04-19
2498,Rachel,Lewis,Female,1966-06-08,High Value,San Francisco,2022-08-03
2499,Pamela,Brown,Female,1960-07-25,Medium Value,Minneapolis,2025-05-17
2500,Matthew,Lewis,Male,1967-05-09,Medium Value,Los Angeles,2024-05-08
2501,Rachel,Scott,Male,1987-02-10,Low Value,Chicago,2025-01-22
2502,Elizabeth,Parker,Male,1984-10-07,High Value,Chicago,2023-05-30
2503,Mary,Torres,Female,1990-11-23,Low Value,San Francisco,2022-06-20
2504,Christine,Lee,Female,1955-03-17,Low Value,Atlanta,2024-05-04
2505,Emma,Jones,Female,2000-02-20,High Value,San Francisco,2023-08-21
2506,Kimberly,Cook,Male,2000-06-10,Medium Value,Atlanta,2022-11-16
2507,Elizabeth,Diaz,Male,1956-12-16,Low Value,San Francisco,2022-07-16
2508,Anthony,Cooper,Male,1977-01-03,Low Value,Denver,2022-07-22
2509,Joseph,Clark,Female,1961-12-04,Low Value,San Francisco,2022-02-03
2510,Debra,Smith,Female,1963-09-18,High Value,Miami,2022-07-08
2511,Benjamin,Hill,Female,1973-03-16,High Value,Minneapolis,2025-05-29
2512,Gary,Carter,Female,1971-07-07,High Value,San Francisco,2025-02-08
2513,Joshua,Anderson,Female,1995-07-04,Low Value,San Francisco,2022-12-13
2514,Andrew,Miller,Female,1957-12-08,Low Value,New York,2023-03-23
2515,Gregory,White,Female,1977-02-14,Medium Value,Atlanta,2023-12-07
2516,Christine,Murphy,Male,2000-05-03,High Value,Chicago,2024-01-15
2517,Dorothy,Cooper,Male,1991-12-20,Medium Value,Seattle,2024-01-06
2518,Linda,Brown,Male,1976-02-19,Low Value,Miami,2023-11-29
2519,Anthony,Campbell,Female,1976-09-10,Low Value,Dallas,2023-01-13
2520,Karen,Roberts,Female,1978-03-25,Medium Value,Miami,2024-01-22
2521,Jacob,Williams,Male,1995-01-03,Low Value,Seattle,2023-07-17
2522,Angela,Turner,Female,1964-05-02,Medium Value,Minneapolis,2022-07-30
2523,Edward,Cooper,Female,1991-01-22,Low Value,Seattle,2022-07-25
2524,Jacob,Evans,Male,1963-04-17,High Value,Minneapolis,2023-12-21
2525,Sandra,Jackson,Male,1988-03-06,Medium Value,Dallas,2023-08-05
2526,Karen,Ortiz,Female,1965-06-20,Medium Value,San Francisco,2022-03-07
2527,Cynthia,Anderson,Female,1967-06-26,Low Value,New York,2023-05-20
2528,Matthew,Green,Female,2002-08-05,Low Value,Dallas,2024-12-22
2529,Laura,Nguyen,Male,1960-11-23,Medium Value,Miami,2024-09-29
2530,Shirley,Walker,Female,1954-03-18,Low Value,Chicago,2022-02-18
2531,Kevin,Young,Female,1972-02-20,Low Value,Denver,2022-09-16
2532,Christine,King,Male,1971-08-18,Low Value,Austin,2023-08-13
2533,Daniel,Hernandez,Male,1994-09-22,Low Value,Atlanta,2023-04-03
2534,Kathleen,Brown,Female,1996-04-15,Medium Value,Atlanta,2022-08-25
2535,Steven,Walker,Female,2005-12-13,Medium Value,San Francisco,2023-10-16
2536,Kathleen,Mitchell,Female,1990-10-10,Low Value,Minneapolis,2025-01-20
2537,Sharon,Parker,Male,1989-11-02,Medium Value,Minneapolis,2022-11-10
2538,Mary,Carter,Female,1957-12-02,Medium Value,Austin,2024-07-30
2539,Deborah,Cruz,Female,1955-02-13,High Value,Denver,2024-04-28
2540,Joshua,Davis,Male,1961-06-08,High Value,Miami,2023-07-29
2541,Katherine,Gomez,Male,1971-05-10,Low Value,Boston,2024-10-18
2542,Jonathan,Torres,Male,1996-03-08,High Value,Minneapolis,2023-05-29
2543,Robert,Scott,Male,1958-08-23,Medium Value,Dallas,2023-11-09
2544,Scott,Wilson,Female,1973-09-11,Medium Value,Denver,2025-04-12
2545,Larry,Carter,Female,1953-03-09,Medium Value,Dallas,2022-05-06
2546,Gregory,Jackson,Male,1992-06-22,Medium Value,San Francisco,2023-01-07
2547,Katherine,Morgan,Female,2004-03-17,Medium Value,Austin,2023-07-27
2548,Ronald,White,Female,1997-10-20,Medium Value,New York,2022-07-23
2549,Thomas,Brown,Male,1972-02-14,Medium Value,Boston,2022-12-29
2550,Nicole,Thompson,Male,1978-07-20,Medium Value,Los Angeles,2022-01-11
2551,Robert,Ramirez,Female,1960-04-19,Medium Value,Dallas,2023-09-11
2552,James,White,Female,1962-01-14,Low Value,New York,2022-04-10
2553,Margaret,Mitchell,Male,1992-04-16,Medium Value,San Francisco,2025-05-21
2554,Lisa,Baker,Male,1980-02-13,Medium Value,Dallas,2023-11-29
2555,Carolyn,Murphy,Female,1957-09-24,Medium Value,Denver,2025-05-13
2556,Sandra,Smith,Male,1971-06-24,High Value,Los Angeles,2023-04-25
2557,Dorothy,Morgan,Female,2002-02-10,Medium Value,Denver,2024-06-22
2558,Mary,Thomas,Female,1992-05-25,Medium Value,Denver,2025-06-12
2559,Debra,Edwards,Male,1984-07-14,Medium Value,Minneapolis,2022-04-30
2560,William,Taylor,Female,1954-10-06,High Value,Atlanta,2023-10-20
2561,Samantha,Davis,Male,1962-03-08,Low Value,New York,2024-03-11
2562,Patricia,Roberts,Female,1993-08-21,Medium Value,Austin,2023-05-19
2563,Jessica,Cooper,Female,1975-10-05,Low Value,New York,2024-02-15
2564,Samuel,Rogers,Female,1976-07-08,High Value,Boston,2023-08-09
2565,John,Garcia,Male,1954-12-08,Low Value,Boston,2023-05-19
2566,Ashley,Martinez,Male,1966-03-09,Medium Value,Austin,2024-10-25
2567,Thomas,Morris,Male,2001-09-23,High Value,Seattle,2025-02-08
2568,Amanda,Martinez,Female,1974-04-17,High Value,Dallas,2022-07-21
2569,Stephanie,Rivera,Male,1963-12-14,Medium Value,Austin,2024-06-01
2570,Deborah,Rodriguez,Male,2004-03-16,Low Value,Dallas,2023-10-10
2571,Gary,Campbell,Male,1996-07-11,Low Value,Austin,2024-04-21
2572,Nicole,Diaz,Female,1963-03-09,Medium Value,San Francisco,2024-01-23
2573,Benjamin,Moore,Female,1973-01-14,High Value,San Francisco,2025-03-08
2574,Joseph,Jackson,Female,2005-11-02,Low Value,Austin,2024-07-05
2575,Scott,Robinson,Male,2000-06-23,Low Value,Chicago,2025-04-11
2576,Sarah,Martinez,Female,1961-10-04,Medium Value,Seattle,2024-01-31
2577,Donna,Murphy,Male,1982-09-28,Low Value,Minneapolis,2022-01-13
2578,Larry,Reyes,Female,1961-06-04,Medium Value,Atlanta,2022-04-17
2579,Barbara,Nguyen,Male,1981-09-22,Low Value,Dallas,2023-01-31
2580,Frank,Davis,Male,1989-12-23,Medium Value,Seattle,2024-03-19
2581,Mary,Gomez,Female,1965-07-21,Low Value,Los Angeles,2024-12-01
2582,Sarah,Martin,Male,1954-01-24,Medium Value,Miami,2024-10-27
2583,Emma,Clark,Female,1966-04-14,Low Value,Boston,2024-02-20
2584,Frank,Cooper,Male,1991-07-16,Low Value,Minneapolis,2022-06-25
2585,Katherine,Allen,Female,1991-05-14,High Value,San Francisco,2025-02-25
2586,Larry,Miller,Female,1960-04-05,Low Value,Seattle,2022-07-11
2587,Michael,Smith,Female,1957-02-11,Medium Value,Seattle,2024-08-31
2588,Emma,Miller,Male,1966-09-24,Medium Value,Atlanta,2022-03-15
2589,Andrew,Davis,Male,1970-04-03,Medium Value,Denver,2024-11-08
2590,Matthew,Gutierrez,Female,1993-11-04,Medium Value,Seattle,2023-03-21
2591,Nicholas,Miller,Female,1965-01-20,High Value,Miami,2024-04-05
2592,Cynthia,Anderson,Female,1984-08-18,High Value,Seattle,2025-05-30
2593,Rebecca,Ortiz,Male,1997-09-21,Medium Value,Minneapolis,2022-07-30
2594,Jason,Gutierrez,Female,1980-02-03,Medium Value,San Francisco,2024-02-29
2595,Gregory,Sanchez,Male,1963-07-03,Low Value,Boston,2023-10-20
2596,Deborah,Harris,Male,1969-06-21,High Value,Atlanta,2023-12-14
2597,Emma,Mitchell,Male,1968-06-08,Medium Value,Los Angeles,2025-04-30
2598,Christopher,Roberts,Female,1978-11-05,Medium Value,New York,2024-09-14
2599,Emma,Wright,Female,1980-07-18,Low Value,Boston,2023-03-03
2600,James,Martin,Male,2003-09-11,High Value,Los Angeles,2024-08-04
2601,Nicole,Lewis,Female,1969-06-03,Medium Value,Miami,2022-05-06
2602,Joshua,Diaz,Female,1959-04-01,Medium Value,Atlanta,2023-01-26
2603,Thomas,Johnson,Female,1993-08-25,Medium Value,Los Angeles,2022-12-08
2604,Ryan,Anderson,Female,1960-09-10,Medium Value,Dallas,2024-09-11
2605,James,Davis,Male,1953-08-03,High Value,Dallas,2022-10-17
2606,Donna,Nguyen,Male,1984-04-22,Medium Value,Chicago,2024-09-17
2607,Jacob,Gonzalez,Female,2001-10-27,Low Value,Minneapolis,2022-09-04
2608,Susan,Carter,Female,1976-12-20,Medium Value,Austin,2024-03-27
2609,Jennifer,Carter,Female,1986-04-07,Low Value,Seattle,2022-02-02
2610,Christopher,Torres,Male,1961-11-13,Low Value,Miami,2023-02-06
2611,Thomas,Lopez,Male,1990-02-25,Medium Value,Seattle,2022-01-28
2612,Amy,Young,Female,1979-01-25,Medium Value,New York,2025-04-16
2613,Robert,Gonzalez,Female,1955-02-13,Low Value,Minneapolis,2022-11-07
2614,Sarah,Phillips,Male,1975-09-19,Medium Value,Minneapolis,2023-06-20
2615,Brenda,Clark,Female,1967-06-10,Medium Value,Atlanta,2023-02-28
2616,Susan,Torres,Male,1989-07-16,High Value,San Francisco,2023-06-01
2617,Katherine,Roberts,Female,1971-11-27,Low Value,Los Angeles,2022-02-16
2618,Frank,Moore,Female,2005-11-14,Medium Value,Austin,2024-11-27
2619,Kimberly,Perez,Female,1999-08-22,Medium Value,Dallas,2022-03-22
2620,John,Cooper,Male,1978-11-02,Medium Value,New York,2024-02-12
2621,Brenda,Baker,Male,1970-04-27,Medium Value,Dallas,2022-08-23
2622,Samuel,Sanchez,Male,1968-06-14,Low Value,Miami,2024-02-21
2623,Mary,Lopez,Male,1956-01-24,Medium Value,Chicago,2024-12-13
2624,Stephen,Cruz,Male,1986-02-24,Low Value,Chicago,2023-09-27
2625,Daniel,Ortiz,Male,1994-04-11,Low Value,Minneapolis,2022-05-13
2626,Samantha,Miller,Male,1992-12-08,Low Value,Chicago,2023-03-28
2627,Ashley,Turner,Male,1978-03-18,High Value,Miami,2022-06-18
2628,Eric,Rodriguez,Female,1975-10-10,Low Value,Boston,2023-06-10
2629,Mark,Martinez,Female,2006-02-02,Low Value,Denver,2023-03-11
2630,Brandon,Parker,Male,1984-04-20,Low Value,Boston,2023-08-18
2631,Michelle,Moore,Male,1995-07-20,Medium Value,Los Angeles,2024-04-15
2632,Susan,Phillips,Male,2004-08-14,Low Value,Boston,2022-07-21
2633,Gregory,Ortiz,Male,1987-04-14,Medium Value,Los Angeles,2024-12-13
2634,Barbara,Gomez,Male,2002-11-06,Low Value,Boston,2022-12-19
2635,Laura,Cruz,Female,1985-12-17,Medium Value,Chicago,2023-02-03
2636,Carol,Perez,Female,1964-09-21,Low Value,San Francisco,2025-01-06
2637,Justin,Walker,Female,2004-06-19,High Value,Atlanta,2023-10-25
2638,Karen,Parker,Female,1973-10-27,Medium Value,Boston,2022-02-21
2639,Jonathan,Brown,Female,1973-01-03,Low Value,Minneapolis,2023-08-19
2640,Kevin,Morris,Female,1988-10-07,High Value,San Francisco,2022-10-12
2641,Ronald,Hall,Female,2004-02-18,Medium Value,Atlanta,2022-08-22
2642,Jennifer,Davis,Female,1994-06-25,High Value,Chicago,2025-05-20
2643,Eric,Edwards,Male,1988-08-12,Medium Value,Miami,2022-04-12
2644,Nicole,Sanchez,Male,1954-02-04,Low Value,Minneapolis,2023-11-28
2645,Benjamin,Jones,Female,1984-05-06,Low Value,San Francisco,2022-02-17
2646,Karen,White,Female,1963-04-28,Medium Value,Los Angeles,2023-03-08
2647,Stephanie,Perez,Male,1955-01-26,Low Value,Boston,2022-02-10
2648,Stephanie,Diaz,Male,1961-05-23,Medium Value,San Francisco,2023-05-05
2649,Patricia,Adams,Female,1984-12-03,Low Value,Miami,2023-09-17
2650,Edward,Murphy,Female,1969-01-24,Medium Value,Austin,2024-10-06
2651,Steven,Mitchell,Female,1967-05-11,High Value,Minneapolis,2024-02-19
2652,Melissa,Rogers,Female,1965-11-24,Medium Value,Seattle,2023-08-31
2653,Christine,Diaz,Female,1993-03-28,Low Value,Austin,2023-03-19
2654,Eric,Green,Female,1968-03-01,Low Value,Miami,2024-08-26
2655,Ashley,Lee,Female,2002-11-14,Medium Value,San Francisco,2023-05-31
2656,Scott,Baker,Female,1987-01-12,Low Value,Chicago,2023-09-18
2657,Scott,Thompson,Male,1987-05-13,High Value,Boston,2022-01-17
2658,Anna,Sanchez,Male,1989-01-23,Medium Value,Boston,2024-09-30
2659,Paul,Hall,Female,1995-11-22,Medium Value,Chicago,2022-02-28
2660,Joseph,Rivera,Female,1955-11-05,Low Value,Minneapolis,2022-01-10
2661,Brenda,Gonzalez,Male,1972-04-11,Low Value,Los Angeles,2022-10-13
2662,Mark,Morales,Male,1992-06-07,Low Value,New York,2022-07-25
2663,Pamela,Brown,Female,1970-03-13,Medium Value,Denver,2024-08-01
2664,Alexander,Carter,Female,1964-11-12,Low Value,New York,2024-12-08
2665,Stephen,Hall,Male,1975-05-11,Medium Value,New York,2024-06-02
2666,Justin,Robinson,Male,1973-02-03,Low Value,Boston,2023-09-16
2667,Frank,Collins,Male,1997-01-25,High Value,Austin,2023-01-17
2668,Betty,Young,Female,1981-05-13,Low Value,New York,2022-10-15
2669,Deborah,Diaz,Female,1999-12-25,High Value,Minneapolis,2024-05-21
2670,Patricia,Rogers,Female,1969-09-04,Low Value,Atlanta,2024-06-24
2671,Jason,Robinson,Male,1958-10-27,Medium Value,Austin,2023-04-27
2672,Laura,Murphy,Male,1956-05-11,Low Value,Chicago,2025-06-14
2673,Alexander,Turner,Male,1981-04-22,Low Value,New York,2023-03-17
2674,Michelle,Cook,Male,1975-02-22,Low Value,Seattle,2022-04-28
2675,Rebecca,Hill,Male,1976-01-28,High Value,Miami,2022-12-26
2676,Steven,Taylor,Male,1983-06-25,Medium Value,Denver,2024-08-13
2677,Kevin,Nguyen,Male,1990-01-24,Low Value,Seattle,2023-02-02
2678,Samuel,Hill,Male,1968-07-20,Medium Value,Denver,2022-06-23
2679,Debra,Morris,Male,1983-02-22,High Value,Miami,2022-02-02
2680,Alexander,Reyes,Male,1991-03-13,Low Value,Denver,2024-07-14
2681,Jason,Jackson,Male,1996-10-03,High Value,Minneapolis,2024-10-28
2682,Christopher,Gonzalez,Male,1990-09-08,Medium Value,Austin,2022-06-04
2683,Laura,Morris,Female,1960-01-12,Medium Value,Dallas,2024-07-13
2684,Brian,Hernandez,Female,1976-04-02,Medium Value,Seattle,2022-04-15
2685,Thomas,Carter,Male,2000-09-08,Medium Value,Atlanta,2025-06-09
2686,Katherine,Hall,Female,1956-03-20,Medium Value,Denver,2024-07-15
2687,Paul,Johnson,Male,1991-12-26,Medium Value,Los Angeles,2024-07-29
2688,Jonathan,Jackson,Male,1968-07-18,High Value,Atlanta,2022-06-04
2689,Cynthia,Thompson,Male,1957-01-28,High Value,Denver,2023-05-16
2690,Christopher,Martin,Female,1953-02-08,Low Value,Atlanta,2022-12-13
2691,Stephen,Sanchez,Male,1996-12-03,Medium Value,Miami,2022-09-06
2692,Sharon,Johnson,Male,1968-09-19,Low Value,Miami,2022-06-26
2693,Timothy,Johnson,Male,1982-12-17,Low Value,San Francisco,2024-09-22
2694,John,Rivera,Male,1961-02-09,Low Value,Minneapolis,2022-04-14
2695,Joseph,Parker,Female,1968-05-18,Low Value,Denver,2022-02-26
2696,Susan,White,Female,1966-08-01,Medium Value,Atlanta,2022-08-14
2697,Samantha,King,Male,2004-11-10,Medium Value,Denver,2024-01-15
2698,Brian,Baker,Female,1977-02-20,Medium Value,Dallas,2024-10-17
2699,Frank,Cook,Male,1985-07-25,Low Value,Dallas,2023-05-08
2700,Rebecca,Carter,Male,2002-08-18,Low Value,Los Angeles,2024-02-02
2701,Betty,Cooper,Male,1986-08-24,Low Value,Seattle,2022-04-06
2702,Debra,Carter,Female,1957-05-10,Low Value,Austin,2022-12-27
2703,James,Nguyen,Male,1996-02-03,Medium Value,Boston,2022-07-18
2704,Deborah,White,Male,1971-09-08,Low Value,New York,2024-12-25
2705,Kimberly,Morris,Female,1954-05-13,Medium Value,Denver,2025-03-03
2706,John,Ramirez,Female,1977-09-18,High Value,Los Angeles,2023-07-24
2707,Rebecca,Robinson,Male,1997-02-25,Medium Value,Denver,2023-01-06
2708,Gregory,Perez,Male,1983-01-13,Medium Value,Denver,2023-07-28
2709,Timothy,Jackson,Male,1990-02-03,Medium Value,Atlanta,2022-09-20
2710,Eric,Harris,Male,1954-02-18,Medium Value,New York,2025-04-09
2711,Amy,Nelson,Male,1996-08-17,Low Value,San Francisco,2024-12-02
2712,Andrew,Edwards,Female,1992-10-02,High Value,Denver,2022-10-04
2713,Emma,Evans,Female,2003-06-14,Medium Value,Denver,2022-07-14
2714,Mary,Parker,Male,1957-08-07,Low Value,Miami,2023-10-04
2715,Betty,Gonzalez,Female,1963-10-15,Low Value,Denver,2024-07-07
2716,Susan,Turner,Female,1991-05-20,Medium Value,Austin,2025-02-22
2717,Shirley,Miller,Male,1978-09-06,High Value,Minneapolis,2023-03-01
2718,Jason,Murphy,Male,1975-04-26,Low Value,Miami,2022-08-24
2719,Sharon,Thomas,Male,2004-04-03,Low Value,Boston,2024-12-15
2720,Michelle,Davis,Male,1968-08-22,Low Value,Dallas,2023-08-29
2721,Amanda,Turner,Male,2005-04-22,Low Value,San Francisco,2025-01-27
2722,Emily,Ramirez,Female,1991-11-05,Low Value,Dallas,2023-12-02
2723,Scott,White,Male,1973-09-03,Low Value,Miami,2023-06-05
2724,Susan,White,Male,1998-04-13,High Value,Chicago,2025-01-15
2725,Melissa,King,Female,1959-04-24,Medium Value,Atlanta,2023-04-24
2726,Anna,Young,Male,1953-08-20,Medium Value,Austin,2023-11-23
2727,Carolyn,Flores,Female,1976-10-18,High Value,Boston,2023-07-23
2728,Carolyn,Wilson,Male,1982-08-21,Medium Value,Los Angeles,2022-07-10
2729,Anthony,Ramirez,Male,1992-08-07,Medium Value,Austin,2024-09-06
2730,Donna,Johnson,Male,1998-03-10,Low Value,Dallas,2022-12-16
2731,Frank,Ortiz,Male,2003-12-08,Medium Value,Chicago,2023-05-19
2732,Michelle,Johnson,Female,1959-09-04,Low Value,Miami,2023-08-18
2733,Karen,Brown,Female,1963-12-09,Low Value,Los Angeles,2024-01-24
2734,Edward,Hall,Female,1997-02-04,Low Value,Miami,2024-05-22
2735,Emily,Johnson,Female,1992-10-10,Medium Value,New York,2023-12-21
2736,Matthew,Reyes,Male,1955-06-10,High Value,Miami,2023-10-28
2737,Angela,Thompson,Male,1977-02-22,High Value,New York,2023-02-13
2738,Lisa,Thompson,Female,1955-11-06,Medium Value,Los Angeles,2024-02-21
2739,Scott,Thompson,Female,2002-03-19,Medium Value,Denver,2025-01-05
2740,William,Cooper,Male,2003-04-20,High Value,Miami,2025-06-26
2741,Thomas,Scott,Female,1994-11-28,Medium Value,Dallas,2024-02-15
2742,Paul,Evans,Male,1965-04-26,Low Value,Seattle,2025-01-08
2743,Anthony,Stewart,Female,1976-02-24,Medium Value,Atlanta,2025-06-07
2744,George,Torres,Female,1964-05-08,Medium Value,Minneapolis,2024-02-25
2745,Amanda,Williams,Female,1981-05-07,Low Value,Denver,2022-02-14
2746,Anna,Wright,Female,1983-11-28,Medium Value,Chicago,2024-05-24
2747,Andrew,Adams,Female,1966-06-20,Low Value,New York,2024-08-21
2748,Jessica,Gutierrez,Female,1965-01-02,Low Value,San Francisco,2023-11-28
2749,Margaret,Scott,Female,1971-12-24,Low Value,San Francisco,2024-02-12
2750,Nicole,Morgan,Female,1992-10-09,High Value,Boston,2022-08-07
2751,Laura,Miller,Male,1958-05-20,Low Value,Boston,2022-06-15
2752,Cynthia,Wilson,Female,1974-07-16,Medium Value,Denver,2023-10-30
2753,John,Gonzalez,Female,1977-08-22,Medium Value,Seattle,2023-01-06
2754,Brandon,Parker,Female,1989-09-11,Low Value,Chicago,2023-07-24
2755,Edward,Evans,Female,1998-10-26,Medium Value,Los Angeles,2023-09-29
2756,Daniel,Parker,Female,1957-08-27,Medium Value,Minneapolis,2022-12-10
2757,Joshua,Jones,Male,1961-06-02,Low Value,Miami,2025-01-08
2758,Jason,Thompson,Female,2001-07-28,Medium Value,Seattle,2022-05-27
2759,Eric,Torres,Male,1989-04-25,Medium Value,Minneapolis,2025-02-19
2760,Carol,Rogers,Male,1975-04-01,Low Value,Minneapolis,2022-02-14
2761,Jeffrey,Carter,Male,1991-06-03,Low Value,San Francisco,2022-01-04
2762,Charles,Morales,Female,1982-06-17,Low Value,Austin,2022-04-10
2763,Charles,Miller,Female,1965-12-14,Medium Value,Los Angeles,2023-07-31
2764,Angela,Carter,Female,2000-12-23,Medium Value,Los Angeles,2025-01-05
2765,Mark,Mitchell,Male,1981-11-14,Medium Value,New York,2022-04-08
2766,Cynthia,Hill,Male,1970-06-15,Low Value,Boston,2022-12-21
2767,Ashley,Gomez,Female,1981-09-11,High Value,Minneapolis,2025-06-11
2768,Kathleen,King,Female,2003-08-25,Low Value,Denver,2023-08-11
2769,Sarah,Rivera,Female,1965-08-24,Low Value,Boston,2022-02-26
2770,Stephanie,Reyes,Female,1979-09-16,High Value,Seattle,2022-11-04
2771,Dorothy,Rivera,Female,1958-05-20,Medium Value,Boston,2023-09-03
2772,Anthony,Clark,Female,1956-10-19,Low Value,Chicago,2022-04-06
2773,Edward,Mitchell,Male,1978-06-24,High Value,Atlanta,2023-08-18
2774,Christine,Diaz,Female,1976-04-11,Low Value,Dallas,2022-09-24
2775,Benjamin,Johnson,Male,1955-05-15,Low Value,Chicago,2025-03-14
2776,Michelle,Campbell,Male,2005-07-03,Low Value,New York,2025-05-09
2777,Kenneth,Hernandez,Female,1958-09-04,Low Value,Miami,2024-10-25
2778,Rebecca,Diaz,Female,1957-05-24,Medium Value,Seattle,2024-05-20
2779,Angela,Morales,Female,1995-01-09,Medium Value,Minneapolis,2025-04-10
2780,Stephen,Jackson,Female,1998-10-01,Medium Value,Minneapolis,2022-09-30
2781,John,Ortiz,Female,1994-10-03,Low Value,Seattle,2023-04-22
2782,Pamela,White,Male,1984-07-10,Medium Value,Chicago,2024-09-12
2783,Daniel,Martin,Female,1957-05-02,High Value,Denver,2022-06-30
2784,Gary,Flores,Female,1981-04-07,Medium Value,Atlanta,2022-07-04
2785,Nancy,King,Female,1982-05-28,Low Value,Seattle,2022-01-06
2786,Susan,Williams,Female,2000-11-06,Medium Value,Minneapolis,2024-10-30
2787,David,Morgan,Female,2000-11-23,Medium Value,Austin,2024-10-14
2788,Anthony,Campbell,Male,1957-09-22,High Value,Los Angeles,2023-12-29
2789,Kenneth,Morgan,Female,2005-02-12,Low Value,Los Angeles,2024-12-15
2790,Frank,Thomas,Male,1984-09-20,Medium Value,Denver,2025-06-29
2791,Alexander,Martinez,Female,1963-09-13,Medium Value,Denver,2024-11-28
2792,Timothy,Collins,Male,1975-10-06,Medium Value,Los Angeles,2022-07-18
2793,Stephen,Garcia,Male,1999-01-07,High Value,Atlanta,2023-06-13
2794,Anna,Thompson,Male,1972-03-04,Low Value,Minneapolis,2024-01-28
2795,Michael,Wilson,Male,1964-02-17,High Value,Denver,2023-01-31
2796,Rebecca,Lopez,Female,1965-04-03,Low Value,Denver,2023-12-31
2797,Carol,Lewis,Male,1955-04-02,Medium Value,Seattle,2024-07-10
2798,Michael,Evans,Male,1976-10-18,Low Value,Seattle,2023-10-03
2799,Donald,Flores,Female,1973-05-04,Low Value,Atlanta,2023-01-12
2800,Brandon,Wright,Female,1974-03-02,Medium Value,Austin,2022-06-18
2801,John,Turner,Male,1959-12-24,Low Value,Austin,2024-02-19
2802,Carolyn,Ortiz,Male,1993-03-06,Medium Value,Miami,2022-09-10
2803,Karen,Hernandez,Male,1993-08-12,Medium Value,Miami,2024-02-20
2804,Charles,Brown,Female,1986-04-21,Medium Value,Seattle,2022-06-26
2805,Sarah,Rivera,Male,1984-03-25,Medium Value,Dallas,2024-07-22
2806,Patricia,Garcia,Male,1994-11-15,Medium Value,Seattle,2025-06-14
2807,Brenda,Reyes,Male,1960-03-20,High Value,Denver,2023-11-17
2808,Kevin,Rogers,Male,2004-11-01,Low Value,Minneapolis,2024-11-22
2809,Andrew,Brown,Male,1964-03-09,Medium Value,Chicago,2024-01-05
2810,Cynthia,Phillips,Female,1997-10-11,Low Value,Chicago,2022-02-17
2811,Laura,Gomez,Female,1997-05-07,High Value,Chicago,2024-03-07
2812,Sarah,Lewis,Female,1985-09-16,Medium Value,Atlanta,2024-11-11
2813,Jason,Walker,Female,1957-04-13,Low Value,Miami,2024-05-03
2814,Nicole,Williams,Male,1958-02-26,Low Value,Minneapolis,2025-02-12
2815,Nicole,Scott,Female,1995-08-03,Low Value,San Francisco,2023-03-15
2816,Steven,Gutierrez,Male,1990-06-24,Medium Value,Los Angeles,2025-03-12
2817,Kimberly,Collins,Male,2004-10-24,Low Value,Chicago,2023-04-23
2818,Nicole,Rivera,Male,1958-12-14,Medium Value,Boston,2022-04-26
2819,Thomas,Gomez,Male,1984-01-26,Medium Value,Atlanta,2024-11-11
2820,Kevin,Carter,Female,1997-11-05,Low Value,San Francisco,2024-01-23
2821,Christopher,Ortiz,Male,1963-12-18,Low Value,Chicago,2022-08-15
2822,Anthony,Garcia,Female,1980-09-17,Medium Value,Denver,2023-09-03
2823,Edward,Murphy,Female,1985-01-20,Medium Value,Austin,2025-02-03
2824,Pamela,Adams,Female,2006-10-16,High Value,Denver,2023-04-19
2825,Carol,Hall,Female,1996-12-11,Low Value,San Francisco,2024-10-27
2826,Emily,Lopez,Female,1996-02-23,Medium Value,Miami,2024-12-14
2827,Jason,Cruz,Male,1973-02-27,Low Value,Minneapolis,2025-06-17
2828,Mark,Wright,Female,1992-07-12,High Value,Denver,2024-01-04
2829,Brandon,Phillips,Male,1981-09-20,Medium Value,Austin,2022-01-17
2830,Brian,Cook,Male,2005-03-02,Medium Value,New York,2023-01-28
2831,Pamela,Stewart,Female,1994-11-05,Low Value,Dallas,2022-10-24
2832,Michelle,Perez,Male,1983-07-14,High Value,Atlanta,2024-11-30
2833,David,Cook,Male,1955-05-01,Medium Value,Los Angeles,2023-09-07
2834,Mark,Cruz,Female,2000-04-12,Medium Value,Atlanta,2024-09-22
2835,Paul,Turner,Female,1954-06-08,High Value,San Francisco,2024-03-15
2836,Paul,Phillips,Female,1993-12-05,High Value,Boston,2023-11-13
2837,Samantha,Rodriguez,Female,1959-10-23,Low Value,Dallas,2023-12-16
2838,Nicholas,Campbell,Male,2000-01-06,Low Value,New York,2024-01-02
2839,Brenda,Young,Male,1954-11-16,Medium Value,Boston,2023-10-18
2840,Stephanie,White,Male,1979-05-07,Medium Value,San Francisco,2024-09-05
2841,James,Edwards,Female,1988-10-25,Low Value,Chicago,2023-12-05
2842,Anna,Cook,Male,1957-08-16,Medium Value,Denver,2022-11-10
2843,Richard,Flores,Female,1991-03-11,Low Value,Los Angeles,2024-05-29
2844,Eric,Young,Male,1986-11-11,Medium Value,Miami,2023-07-12
2845,Kenneth,Jones,Female,1983-01-12,Medium Value,Denver,2025-06-08
2846,Katherine,Flores,Male,1967-07-18,Low Value,Boston,2022-07-28
2847,Charles,Smith,Male,2006-10-09,Low Value,San Francisco,2022-04-21
2848,Joshua,Anderson,Male,1975-04-12,Medium Value,San Francisco,2022-09-13
2849,Jessica,Nelson,Male,1994-05-15,Low Value,Boston,2023-08-13
2850,Gregory,King,Male,1997-09-16,High Value,Dallas,2024-01-19
2851,Steven,Wilson,Female,1967-06-09,Low Value,Miami,2024-09-26
2852,Christine,Mitchell,Female,1982-04-20,Medium Value,Miami,2023-05-02
2853,Brian,Williams,Female,2006-11-24,Low Value,San Francisco,2023-12-06
2854,George,Cook,Female,1959-11-14,High Value,Austin,2024-12-23
2855,Matthew,Evans,Male,1963-04-07,Low Value,Minneapolis,2023-09-11
2856,Susan,Allen,Female,1978-10-15,Low Value,Miami,2023-06-06
2857,Frank,Young,Female,1971-02-18,Low Value,Denver,2025-03-17
2858,Kathleen,Torres,Male,1976-12-25,High Value,Austin,2024-08-03
2859,Richard,Williams,Female,1957-08-12,Low Value,San Francisco,2022-03-22
2860,Stephanie,Collins,Male,1989-11-09,High Value,San Francisco,2025-01-17
2861,Kenneth,Gonzalez,Female,1978-12-05,Low Value,New York,2024-01-18
2862,Jeffrey,Phillips,Female,1996-04-12,Low Value,Los Angeles,2024-09-23
2863,Shirley,Evans,Female,1955-08-02,High Value,Boston,2024-12-29
2864,Margaret,Robinson,Male,2004-06-27,Low Value,New York,2025-06-07
2865,Anna,Reyes,Male,1972-03-16,Medium Value,Miami,2025-06-12
2866,Kenneth,Morris,Male,1998-12-19,Medium Value,Austin,2022-05-09
2867,Betty,Johnson,Male,1995-01-15,Low Value,Miami,2024-01-16
2868,Brenda,Martin,Female,1977-01-17,Low Value,Dallas,2023-12-03
2869,Donald,Stewart,Female,2004-10-09,Low Value,Minneapolis,2022-05-20
2870,Jason,Wilson,Female,1958-03-22,Low Value,Dallas,2022-12-07
2871,Carol,Lee,Male,2004-07-03,Medium Value,New York,2025-01-24
2872,Samantha,Flores,Female,1978-06-15,Low Value,Seattle,2023-07-13
2873,Lisa,Mitchell,Male,1996-06-09,Low Value,Seattle,2022-08-13
2874,David,Ramirez,Female,1977-08-07,Low Value,Atlanta,2023-11-24
2875,Frank,Ramirez,Male,1981-12-14,Medium Value,Atlanta,2022-07-24
2876,David,King,Female,1977-11-05,High Value,Dallas,2022-06-02
2877,Ashley,Adams,Male,1970-01-04,Medium Value,New York,2022-12-13
2878,Betty,Smith,Male,1985-08-25,Low Value,Austin,2024-08-17
2879,Sharon,Morris,Male,1980-02-18,Low Value,Los Angeles,2024-02-12
2880,Amy,Turner,Male,1994-08-23,Low Value,New York,2023-01-15
2881,Andrew,Cooper,Male,1986-09-13,High Value,Atlanta,2023-09-06
2882,Jennifer,Lewis,Male,2005-11-06,Low Value,Austin,2023-11-04
2883,Dorothy,Hill,Female,1959-10-20,Medium Value,New York,2023-10-24
2884,Anna,Williams,Male,1977-05-26,High Value,San Francisco,2025-03-02
2885,Sandra,Hill,Male,1961-06-27,Low Value,Miami,2025-05-05
2886,Deborah,Gonzalez,Male,1965-07-18,Medium Value,Dallas,2024-08-09
2887,Jessica,Nelson,Male,1968-02-20,Low Value,Los Angeles,2024-03-26
2888,Nancy,Phillips,Female,2003-01-05,High Value,Dallas,2025-03-16
2889,George,Scott,Female,1985-01-05,Medium Value,San Francisco,2024-01-24
2890,Matthew,Hernandez,Female,1953-07-12,Medium Value,Boston,2023-10-31
2891,Steven,Carter,Female,1989-04-25,Low Value,Minneapolis,2022-09-08
2892,Joshua,Miller,Male,2004-02-05,Medium Value,Atlanta,2022-06-27
2893,Larry,Johnson,Female,1967-06-26,Medium Value,San Francisco,2024-10-06
2894,Carolyn,Brown,Female,1965-01-12,Medium Value,Austin,2022-04-27
2895,Steven,Carter,Male,1953-06-03,Medium Value,Austin,2023-04-20
2896,Anthony,Walker,Female,1981-07-18,High Value,Seattle,2025-02-15
2897,Dorothy,Parker,Female,1956-01-13,Medium Value,Seattle,2023-10-27
2898,Alexander,Robinson,Female,2006-02-21,Low Value,Boston,2022-04-02
2899,Cynthia,Nelson,Female,2001-08-09,High Value,Denver,2022-01-01
2900,Nicole,Hill,Male,1997-08-24,Low Value,Los Angeles,2025-01-13
2901,Amanda,Nguyen,Male,1963-08-02,Medium Value,Boston,2025-04-10
2902,Amy,Evans,Female,2006-02-04,High Value,New York,2025-03-25
2903,George,Nguyen,Female,1996-12-12,Medium Value,Austin,2022-11-03
2904,Nancy,Roberts,Male,1996-10-07,Medium Value,Seattle,2023-07-04
2905,Justin,Johnson,Male,1991-09-09,Medium Value,Miami,2023-12-16
2906,Timothy,White,Female,1994-12-28,High Value,Austin,2024-11-29
2907,Robert,Cruz,Female,1981-08-15,Medium Value,San Francisco,2022-03-25
2908,Charles,Carter,Female,1967-08-15,Medium Value,San Francisco,2024-06-28
2909,Jeffrey,Walker,Male,1975-02-05,Medium Value,Atlanta,2022-12-20
2910,Emma,Perez,Female,1971-04-06,Medium Value,Los Angeles,2023-05-11
2911,Steven,Scott,Male,1977-01-26,Low Value,Austin,2022-02-26
2912,Larry,King,Female,1998-04-22,Medium Value,Chicago,2023-12-06
2913,Jonathan,Gomez,Female,1973-03-20,High Value,Seattle,2024-11-01
2914,Robert,Carter,Male,1969-05-17,Medium Value,Atlanta,2024-12-24
2915,Susan,Anderson,Male,1990-11-25,Low Value,Atlanta,2023-06-09
2916,Charles,Ortiz,Female,2004-01-11,Low Value,Los Angeles,2024-04-20
2917,George,Nelson,Male,2004-01-16,Low Value,Atlanta,2024-05-18
2918,Emma,Gomez,Female,1954-11-06,Medium Value,Chicago,2025-04-23
2919,Elizabeth,Morris,Male,1955-02-20,Low Value,Minneapolis,2025-02-21
2920,Nicole,Taylor,Male,1987-08-19,Low Value,Atlanta,2022-11-23
2921,Carolyn,Martinez,Male,1969-03-26,Medium Value,Seattle,2024-04-17
2922,Debra,Gomez,Female,1972-05-04,High Value,Austin,2023-02-03
2923,Jacob,Smith,Male,1954-06-03,High Value,Minneapolis,2024-12-15
2924,Karen,Williams,Male,1962-11-06,Low Value,Minneapolis,2022-01-08
2925,Joshua,Campbell,Female,1970-02-13,Medium Value,Seattle,2025-06-22
2926,Linda,Wright,Male,1978-07-05,Medium Value,Boston,2022-02-06
2927,Rachel,Edwards,Female,1969-05-06,Medium Value,Chicago,2024-03-26
2928,Donna,Cooper,Female,2004-04-07,Medium Value,Chicago,2024-02-02
2929,Frank,Ramirez,Male,1978-09-23,High Value,Miami,2022-04-11
2930,Cynthia,Martin,Female,1967-03-13,High Value,Boston,2024-12-24
2931,James,Gonzalez,Female,1976-01-24,Medium Value,New York,2024-10-13
2932,Debra,Taylor,Female,1954-10-05,High Value,Denver,2022-09-25
2933,Stephen,Rivera,Male,1961-04-08,High Value,Minneapolis,2025-03-03
2934,Pamela,Sanchez,Female,2001-08-19,Medium Value,Denver,2025-04-30
2935,Carol,Thomas,Female,1957-07-27,Low Value,Los Angeles,2024-06-27
2936,Dorothy,Nelson,Male,2006-08-10,Low Value,Minneapolis,2023-09-27
2937,Donald,Evans,Female,1963-07-05,Low Value,Denver,2024-11-25
2938,Daniel,Hill,Male,1994-10-26,Low Value,Boston,2023-04-28
2939,Amy,Perez,Female,2001-05-10,Low Value,Los Angeles,2023-02-09
2940,Samantha,Reyes,Female,1986-08-06,Low Value,San Francisco,2024-02-10
2941,Michelle,Lewis,Female,1986-11-21,Low Value,Chicago,2025-06-10
2942,Paul,Morgan,Male,1994-01-21,High Value,Seattle,2024-08-22
2943,Benjamin,Brown,Male,1999-01-19,High Value,Seattle,2022-05-15
2944,Amy,Turner,Male,1961-05-06,Medium Value,Austin,2022-10-11
2945,Robert,Lewis,Male,1979-10-08,Medium Value,Chicago,2022-06-23
2946,Richard,Nelson,Male,1962-08-08,Low Value,New York,2022-08-21
2947,Ronald,Flores,Male,1957-05-16,Medium Value,Denver,2022-01-27
2948,Thomas,Lewis,Female,1966-06-20,Low Value,Atlanta,2023-07-13
2949,Pamela,Morgan,Male,1993-04-27,Low Value,Miami,2025-06-16
2950,Amy,Hernandez,Female,1975-04-28,High Value,San Francisco,2022-12-12
2951,Joshua,Reyes,Male,1999-04-13,High Value,Denver,2023-02-20
2952,Katherine,Davis,Male,1980-05-27,Medium Value,Boston,2023-10-01
2953,Ashley,Adams,Female,1973-05-22,Low Value,Chicago,2023-08-05
2954,Samantha,Murphy,Female,1991-03-24,Low Value,Minneapolis,2024-06-05
2955,Pamela,Lewis,Female,1992-04-10,Low Value,Los Angeles,2024-03-30
2956,Debra,White,Male,2003-12-12,Medium Value,Dallas,2025-02-16
2957,Ashley,Rogers,Male,1959-04-08,Low Value,Chicago,2023-04-22
2958,Michael,White,Male,1967-07-10,Low Value,New York,2022-11-09
2959,John,Morgan,Female,1976-04-23,High Value,Boston,2023-05-11
2960,Rebecca,Miller,Male,1961-04-27,Medium Value,Dallas,2022-02-28
2961,Carol,Morgan,Female,1984-01-26,Low Value,San Francisco,2023-07-01
2962,Karen,Martin,Female,1994-11-22,Low Value,Seattle,2024-03-16
2963,Deborah,Mitchell,Male,1958-03-11,Medium Value,Los Angeles,2022-03-14
2964,Nicole,Lopez,Male,1968-12-12,Medium Value,Chicago,2023-04-03
2965,William,Stewart,Female,1960-06-23,Low Value,Boston,2023-10-06
2966,Laura,Robinson,Female,1964-09-21,High Value,Miami,2023-07-23
2967,Jessica,Evans,Female,1961-02-22,Low Value,Miami,2024-01-17
2968,Kenneth,Taylor,Male,1953-01-15,Low Value,Austin,2023-10-03
2969,Anna,Roberts,Female,1985-06-22,Medium Value,Miami,2024-07-01
2970,Rachel,Ramirez,Male,1997-07-01,High Value,Atlanta,2025-04-29
2971,Sharon,Gonzalez,Female,1956-12-07,High Value,San Francisco,2024-11-17
2972,Robert,Scott,Male,2004-07-22,Medium Value,New York,2023-05-13
2973,Jonathan,Rivera,Female,1958-09-27,Medium Value,Miami,2024-05-11
2974,Benjamin,Jones,Female,1995-10-13,Low Value,Denver,2025-02-14
2975,Daniel,Ortiz,Female,1955-01-16,Low Value,Dallas,2022-11-17
2976,Alexander,Nguyen,Male,1981-03-21,Medium Value,Los Angeles,2023-12-22
2977,Patricia,Morgan,Male,1967-01-25,Low Value,Austin,2024-12-01
2978,Susan,Allen,Female,1975-05-20,Medium Value,Atlanta,2024-08-03
2979,Kimberly,Jones,Female,1980-07-17,Low Value,Atlanta,2024-07-09
2980,Gary,Gonzalez,Female,1958-07-10,Medium Value,Denver,2023-12-21
2981,Anthony,Hill,Female,1968-02-17,Low Value,Chicago,2024-06-17
2982,Robert,Moore,Male,1975-09-27,Medium Value,Denver,2023-03-15
2983,Amy,Walker,Female,1954-11-07,Medium Value,New York,2025-02-15
2984,Sharon,Wilson,Male,1976-05-18,Low Value,Boston,2022-01-26
2985,Sarah,Mitchell,Male,2005-05-11,High Value,Denver,2022-04-29
2986,Nicholas,Jones,Male,1995-10-19,Low Value,Atlanta,2025-03-09
2987,Donald,Gutierrez,Female,1985-08-05,Medium Value,Seattle,2024-03-13
2988,Ashley,Ortiz,Female,1967-11-02,High Value,Chicago,2022-06-12
2989,Samantha,Lewis,Female,1954-08-23,Medium Value,Minneapolis,2024-06-15
2990,Kenneth,Wright,Female,1979-07-05,Low Value,Atlanta,2023-02-03
2991,Christopher,Jackson,Female,1974-03-15,Low Value,Denver,2022-04-25
2992,Thomas,Lewis,Male,1971-01-12,Low Value,Austin,2024-07-13
2993,Lisa,Campbell,Male,1958-11-12,Medium Value,Atlanta,2022-03-31
2994,Nicholas,Johnson,Male,1974-02-14,Medium Value,Austin,2025-01-15
2995,Justin,Taylor,Male,1984-09-18,Low Value,Seattle,2024-09-22
2996,Matthew,Turner,Female,1958-06-05,Medium Value,Boston,2023-10-24
2997,Joshua,Hill,Female,1962-01-05,Low Value,Dallas,2023-06-16
2998,Matthew,Martinez,Female,1968-08-08,High Value,Boston,2024-01-22
2999,Jonathan,Jones,Male,1997-03-13,Medium Value,Miami,2025-04-17
3000,Anna,Young,Male,1995-10-14,Medium Value,Chicago,2022-02-20
3001,Nicholas,Thomas,Male,2006-02-27,Low Value,San Francisco,2025-06-14
3002,Gregory,Jackson,Female,1972-12-16,Medium Value,Austin,2023-03-09
3003,Kimberly,Hernandez,Male,1970-02-07,Medium Value,New York,2022-08-16
3004,Michelle,Johnson,Male,1974-02-23,Medium Value,Minneapolis,2023-10-07
3005,Michelle,Flores,Male,1981-01-17,Medium Value,Denver,2025-03-18
3006,Ryan,Gonzalez,Female,1971-11-27,Medium Value,Atlanta,2023-03-12
3007,Melissa,Roberts,Female,1970-06-16,Low Value,Dallas,2022-11-09
3008,Scott,Wright,Female,2003-01-15,Medium Value,Minneapolis,2023-04-01
3009,Kimberly,King,Female,1992-11-19,Low Value,San Francisco,2024-12-11
3010,Ashley,Wilson,Male,1998-04-13,Low Value,Minneapolis,2025-06-13
3011,Joshua,Martinez,Female,1953-07-01,High Value,Los Angeles,2024-07-12
3012,Brian,Morales,Male,1978-04-03,Low Value,Miami,2022-06-16
3013,Samuel,Nelson,Female,1971-07-26,High Value,New York,2023-04-08
3014,John,Davis,Female,1970-08-10,Medium Value,Atlanta,2025-05-12
3015,Angela,Allen,Female,1986-02-15,Low Value,Chicago,2023-05-20
3016,Ryan,Reyes,Male,1953-02-15,Low Value,Boston,2023-03-31
3017,Scott,Sanchez,Female,2004-04-27,Medium Value,Chicago,2022-07-31
3018,Susan,Diaz,Female,2006-01-02,Low Value,Seattle,2022-12-15
3019,Barbara,Rivera,Female,1974-10-14,Medium Value,Boston,2023-04-21
3020,Gregory,Evans,Female,1997-06-12,Medium Value,Dallas,2022-08-12
3021,Sandra,Campbell,Male,1968-01-25,Medium Value,Chicago,2025-04-14
3022,Brian,Ramirez,Female,1999-07-23,Low Value,New York,2025-06-10
3023,Susan,Collins,Male,1966-10-28,Low Value,Seattle,2022-11-13
3024,Betty,Hall,Male,1986-07-28,Low Value,Denver,2023-05-14
3025,Gregory,Roberts,Female,1988-08-22,Medium Value,New York,2022-06-10
3026,Pamela,Sanchez,Female,2003-02-25,Low Value,Boston,2024-03-10
3027,George,Campbell,Male,1988-11-04,Low Value,Boston,2023-10-17
3028,Stephanie,Moore,Male,1974-01-13,Low Value,Minneapolis,2025-02-15
3029,Kimberly,Gomez,Female,1972-07-07,Medium Value,San Francisco,2025-05-05
3030,Gregory,Adams,Female,1976-08-01,Medium Value,Los Angeles,2023-05-02
3031,Emma,Gomez,Male,1978-12-19,Medium Value,Dallas,2022-09-16
3032,Kevin,Brown,Male,1992-03-13,High Value,Chicago,2022-06-14
3033,Debra,Davis,Male,1958-06-14,Medium Value,New York,2025-04-13
3034,Samantha,Rogers,Female,1958-03-03,High Value,Los Angeles,2025-02-12
3035,Shirley,Hill,Male,1995-07-27,Low Value,San Francisco,2025-02-22
3036,Alexander,Ramirez,Male,1957-01-09,Medium Value,Miami,2022-09-13
3037,Benjamin,Young,Female,1993-07-28,Low Value,Denver,2024-05-08
3038,Shirley,Moore,Male,1961-01-14,Low Value,Los Angeles,2024-12-13
3039,Jessica,Morris,Female,1977-02-21,Low Value,Miami,2023-04-03
3040,Kimberly,Anderson,Female,1997-11-14,Medium Value,San Francisco,2024-11-03
3041,Edward,Reyes,Male,1980-05-01,High Value,Los Angeles,2025-03-28
3042,Gregory,Thompson,Male,1974-03-26,High Value,Atlanta,2024-04-03
3043,Timothy,Walker,Male,1982-10-09,Low Value,San Francisco,2025-03-08
3044,Kenneth,White,Male,1992-07-25,Medium Value,Seattle,2024-12-01
3045,Emma,Parker,Female,1985-02-28,High Value,New York,2023-04-01
3046,Anna,Gutierrez,Male,1954-06-18,Medium Value,Boston,2023-11-15
3047,Katherine,Roberts,Male,1997-03-25,Medium Value,Boston,2025-06-02
3048,Frank,Martin,Male,1954-12-24,Low Value,Seattle,2023-04-28
3049,Ronald,Gomez,Male,1999-01-07,Medium Value,Dallas,2024-11-07
3050,Daniel,Green,Male,1975-11-20,Medium Value,San Francisco,2024-09-29
3051,Pamela,Sanchez,Female,1991-06-16,Medium Value,San Francisco,2023-12-11
3052,Steven,Edwards,Male,1970-11-03,High Value,New York,2023-03-20
3053,Mary,Ramirez,Female,1998-09-14,Low Value,Dallas,2024-03-15
3054,Susan,Wilson,Female,1963-06-18,Low Value,Seattle,2022-11-25
3055,Emma,Garcia,Male,1976-07-08,Low Value,Chicago,2024-11-06
3056,Benjamin,Allen,Male,1993-09-05,Medium Value,Atlanta,2022-12-17
3057,Rachel,Gutierrez,Female,1986-04-03,Low Value,Dallas,2023-04-16
3058,Emma,Hall,Female,1962-03-01,High Value,Boston,2022-05-12
3059,Sarah,Cooper,Female,1983-05-27,High Value,Miami,2022-11-25
3060,Benjamin,Gomez,Male,1973-02-06,Low Value,San Francisco,2023-11-02
3061,John,Campbell,Male,1958-01-17,Low Value,New York,2025-01-06
3062,Jason,Thompson,Male,1966-12-02,Medium Value,Chicago,2022-01-22
3063,Carol,Jones,Male,1962-12-21,Medium Value,Atlanta,2023-01-25
3064,Betty,Collins,Female,1974-04-19,Low Value,New York,2025-03-19
3065,Anna,Anderson,Male,1979-12-13,High Value,Los Angeles,2024-05-23
3066,Alexander,Flores,Female,1953-04-07,Medium Value,Chicago,2023-07-25
3067,Stephanie,Gonzalez,Male,1980-07-09,Medium Value,San Francisco,2022-03-04
3068,Stephen,Brown,Female,1959-06-24,High Value,Miami,2024-04-13
3069,Frank,Perez,Female,1986-01-19,Medium Value,Dallas,2022-09-01
3070,Christine,Evans,Male,1992-10-23,High Value,Austin,2023-02-04
3071,Deborah,Lee,Female,1997-04-23,High Value,Dallas,2025-02-05
3072,Ryan,Cruz,Male,1993-05-08,Low Value,Denver,2022-04-28
3073,Kathleen,Phillips,Female,1964-06-24,Medium Value,Miami,2024-01-16
3074,Kevin,Lee,Male,2005-06-11,Low Value,Atlanta,2023-01-07
3075,Rebecca,Garcia,Male,1967-02-15,Medium Value,Seattle,2022-02-08
3076,Jonathan,Cook,Female,1953-12-25,Medium Value,San Francisco,2025-01-18
3077,Thomas,Thompson,Female,1991-04-12,Medium Value,Minneapolis,2023-08-28
3078,Jennifer,Adams,Male,2000-06-19,Medium Value,Austin,2024-06-30
3079,Susan,Harris,Male,2003-08-19,Medium Value,Atlanta,2023-09-18
3080,Jeffrey,Allen,Male,1973-11-04,Low Value,New York,2022-01-02
3081,Shirley,Reyes,Female,1955-02-12,Low Value,Miami,2022-12-10
3082,Timothy,Gutierrez,Male,1991-07-02,Low Value,Chicago,2023-02-05
3083,Thomas,Cook,Male,1993-10-17,Low Value,San Francisco,2023-04-11
3084,Emily,Roberts,Female,1959-12-04,Medium Value,Minneapolis,2025-03-17
3085,Dorothy,Wilson,Male,1993-06-23,Low Value,Austin,2023-03-28
3086,Charles,Rogers,Female,1976-12-21,Low Value,Atlanta,2024-11-14
3087,Donald,Reyes,Female,1978-12-08,Low Value,Chicago,2025-03-10
3088,Kathleen,Torres,Male,1992-10-20,Low Value,Minneapolis,2023-09-01
3089,Michelle,Scott,Female,1960-01-15,Medium Value,Austin,2022-12-15
3090,Andrew,Robinson,Female,1972-08-27,Low Value,Denver,2022-08-12
3091,Ashley,Baker,Female,1990-11-17,Low Value,Los Angeles,2024-11-22
3092,Dorothy,Diaz,Male,1976-09-28,Medium Value,Denver,2023-04-02
3093,Debra,Martinez,Female,1977-08-17,Low Value,Seattle,2023-03-23
3094,Frank,Clark,Female,1956-08-21,High Value,Miami,2024-08-12
3095,Kenneth,Brown,Male,1994-11-01,Medium Value,Boston,2023-03-23
3096,Betty,Cook,Male,1973-05-01,Low Value,Los Angeles,2024-04-17
3097,Stephen,Nelson,Male,1996-01-24,Medium Value,Dallas,2022-10-11
3098,Kenneth,Sanchez,Female,1963-08-08,Low Value,Denver,2023-11-09
3099,Karen,King,Female,1991-12-02,High Value,Los Angeles,2022-09-20
3100,Donna,Diaz,Male,2003-10-11,Medium Value,Chicago,2024-01-02
3101,Jennifer,Martin,Female,1955-01-14,Medium Value,New York,2022-05-31
3102,George,Scott,Female,2004-08-26,High Value,Austin,2022-11-24
3103,Katherine,Jackson,Male,1983-11-24,Low Value,Chicago,2023-10-28
3104,Karen,Perez,Male,1962-09-21,Low Value,Los Angeles,2022-02-24
3105,Brenda,Rivera,Female,1968-11-01,Medium Value,Seattle,2023-10-26
3106,Michael,Taylor,Female,1979-04-23,Medium Value,Denver,2024-10-20
3107,Margaret,Robinson,Female,1994-03-16,Low Value,Austin,2023-01-28
3108,Alexander,Evans,Female,1955-01-17,Low Value,Dallas,2023-05-16
3109,Jason,Williams,Male,1964-11-06,High Value,Dallas,2024-06-28
3110,Rebecca,Wilson,Male,1982-10-02,Low Value,Austin,2024-08-04
3111,Alexander,Wilson,Female,1964-01-02,Medium Value,Los Angeles,2023-03-04
3112,Laura,Stewart,Female,1963-02-13,Low Value,Dallas,2025-02-02
3113,Nicole,Martinez,Male,2000-10-06,Low Value,San Francisco,2025-06-02
3114,Mark,Brown,Female,1983-02-06,Low Value,Dallas,2022-03-28
3115,Charles,Rogers,Male,1967-11-15,Low Value,Boston,2023-01-08
3116,Samantha,Adams,Female,1984-12-18,Low Value,Atlanta,2022-12-08
3117,Rebecca,Harris,Male,1962-03-23,Medium Value,Miami,2022-02-22
3118,Sharon,Miller,Male,1971-05-14,Medium Value,Minneapolis,2024-10-27
3119,Gary,Evans,Female,1953-10-14,Low Value,Minneapolis,2024-05-23
3120,Karen,Allen,Female,2005-06-06,Medium Value,Denver,2024-07-16
3121,Kathleen,Morgan,Female,1969-01-15,Low Value,Chicago,2025-05-26
3122,Ryan,Miller,Female,1980-02-05,Medium Value,San Francisco,2025-05-27
3123,Karen,Phillips,Female,1986-01-26,High Value,San Francisco,2022-10-28
3124,Samuel,Carter,Male,1969-02-15,High Value,Chicago,2023-02-06
3125,Robert,Nelson,Female,1977-12-23,Medium Value,Austin,2022-01-22
3126,Timothy,Flores,Female,1983-10-27,Low Value,Denver,2022-10-23
3127,Daniel,King,Male,1961-09-22,Medium Value,Denver,2024-02-04
3128,John,Hernandez,Female,1989-10-03,Medium Value,San Francisco,2023-06-20
3129,Carolyn,Thomas,Male,1983-01-23,Low Value,Atlanta,2024-03-30
3130,Nancy,Garcia,Female,1983-08-21,Low Value,New York,2022-04-23
3131,Mark,Lewis,Female,1980-09-19,Low Value,Denver,2025-05-07
3132,Edward,Hernandez,Female,1995-01-11,High Value,New York,2025-03-14
3133,Michael,Wilson,Female,1984-09-24,High Value,Denver,2022-12-28
3134,Debra,Torres,Female,1989-08-06,Low Value,Miami,2023-04-16
3135,David,Johnson,Male,1996-03-20,Medium Value,Boston,2025-05-20
3136,Katherine,Robinson,Female,1991-07-11,Low Value,San Francisco,2024-07-13
3137,Brian,Martin,Male,1977-11-22,Low Value,Miami,2023-06-13
3138,David,Phillips,Female,1971-02-12,Medium Value,Minneapolis,2023-08-21
3139,Barbara,Harris,Female,1968-08-25,Low Value,San Francisco,2024-06-28
3140,Pamela,Edwards,Female,1977-09-04,Low Value,Minneapolis,2024-02-11
3141,Amanda,Murphy,Female,2002-02-26,Medium Value,Boston,2022-04-06
3142,Eric,Rogers,Female,1958-05-09,Low Value,San Francisco,2024-11-21
3143,Nicholas,Phillips,Female,1963-05-24,Low Value,Chicago,2024-06-28
3144,Anthony,White,Female,1969-06-25,Medium Value,Los Angeles,2024-06-22
3145,Barbara,Davis,Male,1997-09-12,Low Value,Minneapolis,2024-12-30
3146,Scott,Lewis,Female,2005-03-03,Medium Value,Los Angeles,2025-03-27
3147,Michael,Collins,Male,1999-12-07,Medium Value,Miami,2024-12-25
3148,Charles,Turner,Male,1969-03-12,Low Value,San Francisco,2024-10-11
3149,Kevin,Nguyen,Female,1987-03-27,Medium Value,San Francisco,2024-09-18
3150,Brandon,Jackson,Male,1957-05-16,Medium Value,Miami,2025-01-10
3151,Donna,Thompson,Male,1990-04-15,Medium Value,New York,2025-01-26
3152,David,King,Male,1980-02-15,Medium Value,Dallas,2025-01-01
3153,Samantha,White,Male,1980-08-28,Low Value,Austin,2024-10-28
3154,Jacob,Nelson,Female,1971-05-11,Medium Value,Atlanta,2024-07-14
3155,Emily,Smith,Male,1960-10-05,Low Value,Minneapolis,2023-03-13
3156,Frank,Nelson,Male,1991-07-06,Medium Value,Minneapolis,2022-05-12
3157,Timothy,Young,Female,1986-10-01,High Value,New York,2023-07-25
3158,Amy,Young,Female,1980-12-26,Medium Value,Miami,2022-09-01
3159,Edward,Phillips,Female,1961-12-05,Low Value,Minneapolis,2022-05-08
3160,Gregory,Turner,Male,1974-10-09,High Value,Atlanta,2023-10-10
3161,Thomas,Taylor,Male,1981-11-10,Medium Value,Los Angeles,2023-03-13
3162,Christine,Morales,Male,1957-09-14,Low Value,Miami,2023-08-06
3163,Sharon,Harris,Female,1957-02-05,High Value,Miami,2025-01-18
3164,Brenda,Morales,Male,1987-01-13,High Value,Austin,2023-09-04
3165,Angela,Phillips,Female,1977-04-12,Medium Value,Austin,2023-08-31
3166,Benjamin,Gutierrez,Male,1964-06-05,Low Value,New York,2024-12-07
3167,Kenneth,Wright,Male,1977-10-23,Medium Value,San Francisco,2023-09-28
3168,Frank,Morgan,Male,1971-08-02,High Value,Denver,2023-05-12
3169,Brandon,Cooper,Male,1988-08-03,Low Value,Minneapolis,2022-12-10
3170,Anthony,Parker,Male,1977-09-14,High Value,Seattle,2024-06-25
3171,Sarah,Diaz,Female,1987-12-22,Medium Value,Denver,2022-10-22
3172,Ashley,Martin,Male,1953-09-16,Medium Value,Boston,2023-07-05
3173,Edward,White,Male,1995-09-08,Medium Value,Los Angeles,2023-12-12
3174,Amy,Young,Female,1974-07-06,Low Value,Los Angeles,2022-09-22
3175,Kathleen,Jones,Female,1956-05-11,Medium Value,Los Angeles,2024-01-01
3176,Thomas,Reyes,Male,1967-12-21,Low Value,Miami,2022-12-15
3177,John,Flores,Female,1998-03-26,High Value,Seattle,2022-11-09
3178,Eric,Lewis,Female,1990-08-15,High Value,Miami,2022-08-02
3179,George,Turner,Male,1993-05-13,Medium Value,Miami,2024-12-16
3180,Timothy,Johnson,Female,1972-05-17,Low Value,Miami,2023-06-26
3181,Anthony,White,Male,1998-03-20,Low Value,New York,2022-11-30
3182,Jonathan,Reyes,Female,1997-08-01,Low Value,Chicago,2024-05-16
3183,Kenneth,Scott,Female,1963-07-09,Medium Value,Chicago,2022-02-19
3184,Linda,Hernandez,Male,1961-12-02,Low Value,Los Angeles,2023-05-17
3185,Donald,Cook,Male,1984-02-28,High Value,Austin,2023-04-04
3186,Carol,Martinez,Male,1955-09-22,Low Value,Chicago,2024-01-20
3187,Betty,Adams,Female,1978-08-01,Low Value,Dallas,2024-07-10
3188,Elizabeth,Green,Female,1977-06-20,Low Value,Austin,2024-01-24
3189,Melissa,Murphy,Female,1974-10-11,Medium Value,San Francisco,2024-01-24
3190,Frank,Roberts,Male,1961-10-23,High Value,Miami,2022-08-23
3191,Elizabeth,Lewis,Female,1992-06-06,Medium Value,Minneapolis,2024-01-22
3192,Debra,Ortiz,Female,1994-09-06,Medium Value,New York,2023-10-04
3193,Barbara,Hill,Male,2006-06-16,Low Value,Seattle,2023-10-17
3194,Debra,Moore,Male,1983-11-13,Low Value,San Francisco,2024-08-06
3195,Joshua,Davis,Male,1965-12-12,Low Value,Miami,2022-12-19
3196,Andrew,Torres,Male,1953-12-23,Medium Value,Dallas,2024-06-12
3197,Pamela,Allen,Male,1958-03-26,High Value,Minneapolis,2025-02-03
3198,Melissa,Morris,Male,1989-06-19,High Value,San Francisco,2022-02-25
3199,Barbara,Moore,Female,2004-11-08,Medium Value,Dallas,2024-04-12
3200,Joseph,Clark,Male,2004-05-24,Low Value,Minneapolis,2023-06-21
3201,William,Sanchez,Female,1966-10-25,Low Value,Miami,2022-12-27
3202,Barbara,White,Female,1984-04-10,High Value,Dallas,2022-08-27
3203,Carolyn,Clark,Male,1985-02-08,High Value,Chicago,2025-04-27
3204,Samantha,Ortiz,Male,1991-01-18,Low Value,Atlanta,2022-05-24
3205,George,Lee,Female,1965-02-27,High Value,San Francisco,2025-03-25
3206,William,Ramirez,Male,1965-06-13,Low Value,Atlanta,2023-02-28
3207,Laura,Phillips,Male,1984-01-10,Low Value,Minneapolis,2022-05-22
3208,Frank,Lopez,Male,1992-02-17,Medium Value,Boston,2023-10-20
3209,Anthony,Lee,Male,1954-04-09,Medium Value,Seattle,2024-05-30
3210,Eric,Stewart,Female,2002-07-12,Low Value,Chicago,2024-10-12
3211,Melissa,Collins,Male,1962-04-03,Low Value,Austin,2023-03-04
3212,Gregory,Murphy,Male,1994-09-24,High Value,New York,2022-04-23
3213,Patricia,Harris,Female,2001-10-20,Low Value,Austin,2023-02-26
3214,John,Johnson,Female,1975-10-20,Medium Value,Seattle,2025-05-08
3215,Rachel,Young,Female,1998-03-25,Medium Value,Los Angeles,2024-08-02
3216,Eric,Johnson,Female,2003-01-19,Low Value,Boston,2022-05-15
3217,Betty,Young,Female,1964-04-10,Low Value,Los Angeles,2024-04-11
3218,Donna,Torres,Female,1997-09-23,Medium Value,Atlanta,2025-06-30
3219,Kevin,Smith,Female,2006-10-16,High Value,Dallas,2023-10-28
3220,Rachel,Mitchell,Male,1988-06-24,Medium Value,Seattle,2022-08-19
3221,Patricia,Ramirez,Female,1972-09-28,Low Value,Dallas,2023-04-27
3222,Stephen,Morales,Male,1965-07-19,Medium Value,Miami,2023-05-08
3223,Edward,Allen,Male,1981-06-17,Medium Value,Seattle,2023-07-15
3224,Richard,Gomez,Female,1967-08-25,High Value,New York,2024-03-30
3225,Nancy,Cruz,Female,1983-07-02,Medium Value,New York,2024-11-17
3226,Paul,Allen,Male,2004-02-12,High Value,Boston,2022-08-19
3227,William,Martinez,Female,1979-09-13,High Value,New York,2024-03-02
3228,Elizabeth,Lopez,Female,1986-10-06,Low Value,Austin,2022-02-15
3229,Timothy,Hall,Female,1969-03-24,Medium Value,Austin,2023-05-21
3230,Kathleen,Edwards,Male,1958-05-26,Medium Value,Chicago,2023-07-13
3231,Larry,Rivera,Female,1996-07-26,High Value,Austin,2023-04-18
3232,Scott,Evans,Male,1994-03-05,Low Value,Boston,2023-03-28
3233,Paul,Taylor,Female,1997-02-21,Low Value,Minneapolis,2024-06-30
3234,Shirley,Robinson,Female,1987-06-22,Low Value,Chicago,2023-10-28
3235,Justin,Harris,Male,1969-01-25,Low Value,Minneapolis,2022-06-24
3236,Robert,Cooper,Female,1960-02-07,Low Value,Austin,2023-06-16
3237,Donald,Scott,Male,2005-09-21,Medium Value,Seattle,2023-01-22
3238,Robert,Johnson,Female,1997-07-06,Low Value,Boston,2023-11-09
3239,Michelle,White,Male,1991-06-09,Low Value,Seattle,2024-03-03
3240,David,Stewart,Male,2006-12-23,Low Value,Denver,2022-09-25
3241,Mary,Anderson,Male,1979-12-23,Low Value,New York,2024-07-04
3242,Carolyn,Green,Female,1990-03-08,Low Value,Denver,2024-04-18
3243,Jason,Scott,Male,1999-09-20,Low Value,Boston,2022-04-05
3244,Brenda,Wilson,Female,1961-11-23,Medium Value,San Francisco,2023-11-23
3245,Jennifer,Wright,Male,2002-10-10,Medium Value,Atlanta,2023-08-14
3246,Kenneth,Hall,Male,2002-03-26,Medium Value,Atlanta,2023-03-13
3247,Melissa,Phillips,Female,1995-08-19,High Value,Atlanta,2023-03-03
3248,Timothy,Scott,Female,1993-08-23,High Value,Boston,2022-06-19
3249,Shirley,Reyes,Male,1955-11-17,Medium Value,San Francisco,2022-01-05
3250,Sharon,Thomas,Male,1957-05-13,Medium Value,Seattle,2022-06-17
3251,Linda,Collins,Male,1976-05-06,Low Value,Minneapolis,2024-09-29
3252,Lisa,Walker,Female,1984-12-22,Low Value,Boston,2025-02-19
3253,Ryan,Smith,Female,1956-08-18,Low Value,Atlanta,2022-10-29
3254,Christopher,Lopez,Male,2001-11-24,Low Value,Atlanta,2025-02-01
3255,Amy,Davis,Female,1992-07-22,Medium Value,Austin,2022-02-09
3256,Stephen,Ramirez,Male,2006-10-21,Medium Value,Denver,2024-04-19
3257,Susan,Smith,Male,2006-01-07,Low Value,Miami,2024-08-25
3258,Cynthia,Garcia,Male,2004-04-16,Low Value,Atlanta,2024-12-16
3259,Laura,Lewis,Female,1963-01-16,High Value,Minneapolis,2024-11-20
3260,Alexander,Parker,Male,1984-12-10,Medium Value,Atlanta,2024-04-18
3261,Brian,Davis,Female,1983-05-22,Low Value,Seattle,2024-03-19
3262,Ronald,Campbell,Female,1996-05-03,Medium Value,San Francisco,2024-10-25
3263,Kathleen,Morris,Female,1989-06-01,Medium Value,Chicago,2023-11-15
3264,Lisa,Parker,Male,1964-07-20,High Value,Los Angeles,2022-09-14
3265,Brian,Perez,Female,1976-08-08,High Value,Los Angeles,2022-03-09
3266,Jennifer,Carter,Female,1967-06-03,Medium Value,Austin,2022-10-28
3267,Amy,Mitchell,Female,1960-03-11,Medium Value,Minneapolis,2024-09-14
3268,Linda,Rivera,Male,2006-04-13,Low Value,Minneapolis,2024-04-15
3269,Kathleen,Parker,Male,1967-04-09,High Value,Dallas,2023-12-28
3270,Dorothy,Moore,Male,2003-04-16,High Value,Miami,2023-11-22
3271,Sandra,Robinson,Male,1998-08-27,Low Value,Minneapolis,2022-04-19
3272,Charles,Clark,Female,1969-01-07,Medium Value,Minneapolis,2023-07-02
3273,Rachel,Thomas,Male,1993-11-18,Medium Value,Atlanta,2023-07-30
3274,Thomas,Campbell,Male,1994-08-18,Low Value,Miami,2023-07-06
3275,Rachel,Anderson,Female,1983-07-19,Medium Value,Miami,2022-02-03
3276,Donna,Mitchell,Female,1998-06-10,Low Value,Seattle,2022-10-23
3277,Dorothy,Lee,Male,1980-05-01,Medium Value,Denver,2022-10-25
3278,Eric,Ortiz,Female,1976-10-07,Low Value,Seattle,2022-09-29
3279,Mark,Collins,Male,1992-10-15,Low Value,Miami,2023-03-22
3280,John,Walker,Female,1963-02-20,Medium Value,Atlanta,2025-04-06
3281,George,Hernandez,Female,1996-11-24,High Value,Chicago,2022-01-24
3282,Katherine,Jones,Female,1978-11-15,Low Value,Los Angeles,2024-10-09
3283,Larry,Morgan,Female,1980-04-05,Medium Value,Atlanta,2025-06-14
3284,Shirley,Nelson,Male,1964-05-05,Medium Value,Boston,2022-11-09
3285,Donald,Cruz,Female,1971-04-19,Low Value,Miami,2023-04-12
3286,Scott,Torres,Female,1953-04-18,Medium Value,San Francisco,2023-08-09
3287,Betty,Martinez,Female,1983-01-17,Medium Value,Boston,2022-04-20
3288,Gregory,Jackson,Male,2000-08-07,Low Value,Austin,2023-03-30
3289,Stephanie,Reyes,Female,1966-12-23,High Value,Dallas,2023-02-23
3290,Larry,Ramirez,Female,1991-02-14,Medium Value,Miami,2022-07-16
3291,Joshua,Gutierrez,Male,1980-07-24,High Value,Minneapolis,2024-06-24
3292,Edward,Flores,Male,1972-08-25,Low Value,Atlanta,2023-02-09
3293,Benjamin,Scott,Female,1958-08-14,Low Value,Chicago,2025-06-16
3294,Richard,Turner,Female,1971-12-22,Medium Value,Miami,2025-02-19
3295,Ashley,Wright,Female,1979-07-19,Medium Value,Seattle,2024-10-08
3296,Emma,Cruz,Male,2002-09-02,Low Value,Minneapolis,2023-10-29
3297,Gregory,Nelson,Male,1977-07-12,Medium Value,New York,2024-06-25
3298,Jeffrey,Lopez,Female,1990-09-25,Medium Value,Atlanta,2024-06-30
3299,Jennifer,Phillips,Female,1985-06-20,Medium Value,Los Angeles,2024-03-20
3300,Donald,Garcia,Male,1985-10-21,Low Value,San Francisco,2024-03-09
3301,Kimberly,Lewis,Male,1972-04-12,Medium Value,Seattle,2025-05-03
3302,Susan,Rivera,Male,1977-01-27,Medium Value,Los Angeles,2022-05-11
3303,Kevin,Flores,Male,1979-10-10,Medium Value,Austin,2023-09-06
3304,Rebecca,King,Female,1981-05-15,Low Value,Austin,2025-04-08
3305,Jason,Hernandez,Male,1964-03-04,High Value,Denver,2023-05-02
3306,Carolyn,Green,Female,1975-09-26,Low Value,Austin,2022-05-24
3307,Jennifer,Hill,Male,1960-06-17,Medium Value,San Francisco,2023-03-20
3308,Gregory,Phillips,Female,1953-02-27,Medium Value,Los Angeles,2023-10-09
3309,Nancy,Baker,Male,2003-08-07,High Value,Atlanta,2022-03-05
3310,Dorothy,Gonzalez,Female,1987-02-12,High Value,Atlanta,2022-07-05
3311,Matthew,Phillips,Male,1993-12-12,Low Value,Chicago,2023-11-20
3312,Pamela,Evans,Male,1987-08-03,Medium Value,Atlanta,2024-10-05
3313,Samuel,Flores,Male,1992-03-20,Low Value,Los Angeles,2025-02-17
3314,John,Morales,Female,1997-02-20,High Value,Austin,2025-04-25
3315,Matthew,Scott,Male,1989-06-06,High Value,Dallas,2023-06-28
3316,Amy,Martinez,Male,1983-08-12,Medium Value,Atlanta,2024-02-29
3317,Stephanie,Phillips,Male,1959-02-23,Low Value,Dallas,2022-09-26
3318,Stephanie,Mitchell,Male,1957-07-11,Low Value,Boston,2022-12-11
3319,Samuel,Rodriguez,Male,1987-02-04,Low Value,Miami,2023-04-17
3320,Betty,Davis,Male,1964-06-12,Low Value,San Francisco,2024-11-06
3321,Linda,Diaz,Male,2003-03-08,Low Value,New York,2023-11-30
3322,John,Roberts,Male,1993-02-19,Low Value,Austin,2022-04-10
3323,Christopher,Lopez,Female,1957-03-25,Low Value,Chicago,2024-05-14
3324,Susan,Johnson,Female,1969-05-24,Low Value,Austin,2025-01-13
3325,Susan,Allen,Female,1955-09-27,Medium Value,Los Angeles,2025-02-28
3326,Patricia,Phillips,Female,1953-10-22,Medium Value,Minneapolis,2024-10-24
3327,Kimberly,Baker,Female,1978-07-20,Medium Value,Atlanta,2025-06-20
3328,Pamela,Garcia,Female,1984-05-05,Low Value,San Francisco,2022-06-10
3329,Donna,Rivera,Male,1982-11-15,High Value,Austin,2023-01-26
3330,Ryan,Phillips,Female,2001-07-20,Low Value,New York,2023-12-09
3331,Kathleen,Moore,Female,1986-11-13,Medium Value,New York,2023-08-25
3332,Justin,Johnson,Female,1961-11-13,Low Value,Dallas,2024-07-02
3333,Stephanie,Moore,Female,2002-12-18,Medium Value,Austin,2023-01-24
3334,Rebecca,Evans,Female,1983-11-02,Medium Value,New York,2024-02-15
3335,Rachel,Nguyen,Female,1955-03-03,Low Value,Denver,2024-10-15
3336,Carol,Jackson,Male,1970-03-07,High Value,Denver,2024-03-10
3337,Eric,Flores,Female,1991-07-03,High Value,Boston,2024-01-12
3338,Mary,Campbell,Male,1999-04-11,Low Value,Los Angeles,2023-01-21
3339,Edward,Williams,Female,1974-10-27,Medium Value,San Francisco,2022-11-02
3340,James,Hernandez,Male,1962-10-09,Low Value,Seattle,2023-04-09
3341,Carolyn,Martinez,Female,1970-01-26,Low Value,Atlanta,2024-09-21
3342,Rachel,Reyes,Male,2006-08-19,High Value,Atlanta,2023-09-15
3343,Jason,Ortiz,Male,1962-04-03,Medium Value,Los Angeles,2025-03-04
3344,Nicholas,Wilson,Male,1994-01-02,Medium Value,Miami,2022-11-05
3345,Brian,Reyes,Female,1986-10-25,Low Value,Austin,2023-11-12
3346,Brian,Taylor,Female,1979-04-25,Medium Value,Minneapolis,2024-12-06
3347,Benjamin,Martin,Female,1973-05-10,Medium Value,Minneapolis,2023-10-22
3348,Shirley,White,Female,1988-01-11,Low Value,Chicago,2023-05-31
3349,Angela,Stewart,Male,1963-01-09,Medium Value,Boston,2024-06-10
3350,Jonathan,Taylor,Male,1987-09-16,Medium Value,Seattle,2024-10-22
3351,Linda,Stewart,Male,1973-04-03,Low Value,Miami,2023-03-17
3352,Anna,Harris,Female,1959-06-25,High Value,Minneapolis,2022-09-20
3353,Donna,Hernandez,Female,1969-05-08,Low Value,Chicago,2022-09-07
3354,Andrew,Rivera,Female,1962-10-26,Medium Value,San Francisco,2023-09-19
3355,Anthony,Ramirez,Female,1957-10-26,Low Value,San Francisco,2022-07-18
3356,Sandra,Robinson,Female,2005-04-09,Low Value,San Francisco,2022-12-04
3357,Patricia,Lopez,Female,1954-01-24,Low Value,Los Angeles,2023-09-12
3358,George,Cooper,Female,1997-06-27,Low Value,Atlanta,2022-05-21
3359,Jacob,Rogers,Male,1978-01-23,High Value,Dallas,2025-03-18
3360,Margaret,Collins,Female,1980-04-17,Medium Value,Dallas,2023-08-14
3361,Margaret,Thomas,Male,1963-03-06,Low Value,Los Angeles,2023-10-21
3362,Mary,Nguyen,Female,1981-04-22,Low Value,New York,2024-12-11
3363,Michelle,Collins,Female,1983-12-28,Medium Value,Boston,2024-07-29
3364,Melissa,Phillips,Female,1953-01-22,Medium Value,Boston,2022-10-13
3365,Jessica,White,Male,2003-11-21,High Value,Atlanta,2025-04-04
3366,Jonathan,Perez,Female,1983-09-26,Low Value,Seattle,2022-10-01
3367,Scott,Clark,Male,1965-01-10,Low Value,Minneapolis,2025-04-15
3368,Gregory,Jones,Male,1978-07-22,High Value,Austin,2023-07-14
3369,Lisa,Sanchez,Male,1969-11-09,Low Value,Los Angeles,2024-12-03
3370,Joseph,Gutierrez,Male,1995-05-28,Medium Value,Austin,2022-11-12
3371,Stephanie,Walker,Male,1982-09-22,Medium Value,New York,2022-02-08
3372,Timothy,Allen,Male,1993-09-04,Low Value,New York,2023-11-24
3373,Pamela,King,Female,1963-02-20,Medium Value,Los Angeles,2023-02-09
3374,Matthew,Gomez,Female,1974-10-16,Medium Value,Dallas,2024-08-02
3375,George,Clark,Female,1976-09-14,Medium Value,New York,2023-09-25
3376,Justin,Hall,Male,1967-09-01,Low Value,Atlanta,2023-09-02
3377,Matthew,Sanchez,Male,1991-10-01,Low Value,Miami,2024-04-11
3378,Richard,Martinez,Male,1958-04-20,Medium Value,New York,2024-12-12
3379,Betty,Evans,Male,1969-08-20,Low Value,Dallas,2023-06-20
3380,James,Ortiz,Male,1978-02-26,Low Value,Austin,2023-05-28
3381,Michelle,Lopez,Male,1974-08-08,Low Value,Atlanta,2022-02-24
3382,Dorothy,Robinson,Female,1977-08-06,Medium Value,Chicago,2024-03-18
3383,Ryan,White,Male,1980-05-08,High Value,Miami,2024-01-16
3384,Christopher,Wright,Female,1976-10-16,Low Value,New York,2024-01-16
3385,Christopher,Morales,Male,1982-01-04,Low Value,New York,2023-09-24
3386,Alexander,Murphy,Female,1966-11-26,Low Value,Dallas,2024-04-27
3387,Angela,Baker,Female,1979-09-18,Medium Value,Minneapolis,2025-02-01
3388,Alexander,Stewart,Female,1965-06-17,Low Value,Austin,2024-09-07
3389,Margaret,Harris,Female,1979-05-09,High Value,Boston,2024-02-23
3390,Gregory,Diaz,Female,2004-06-20,Low Value,Austin,2023-06-25
3391,Stephanie,King,Female,2005-10-21,Low Value,Seattle,2022-06-10
3392,Emily,Cruz,Male,1969-06-21,Low Value,Chicago,2022-09-23
3393,Jeffrey,Murphy,Male,1963-10-21,Medium Value,Chicago,2023-07-13
3394,Kenneth,Robinson,Female,1994-10-09,Low Value,Denver,2023-05-01
3395,Stephen,Jones,Female,2002-08-17,Medium Value,Chicago,2024-12-25
3396,Rebecca,Harris,Female,1964-12-20,Medium Value,New York,2025-05-15
3397,Carolyn,Scott,Male,2004-01-16,Medium Value,Los Angeles,2022-04-24
3398,Melissa,Smith,Male,1999-07-07,Low Value,Dallas,2023-06-12
3399,Charles,Evans,Male,1976-09-08,Medium Value,Atlanta,2025-04-05
3400,Ronald,Reyes,Female,1970-11-14,Low Value,Seattle,2024-03-18
3401,Margaret,Moore,Male,1984-04-27,Low Value,San Francisco,2023-06-26
3402,Pamela,Torres,Male,2005-02-02,High Value,New York,2024-09-28
3403,Rachel,Adams,Male,1960-07-10,Medium Value,Atlanta,2024-08-03
3404,Eric,Sanchez,Male,1968-01-14,Medium Value,New York,2023-03-17
3405,Paul,Stewart,Female,1986-10-07,High Value,Denver,2023-12-06
3406,Edward,Jones,Male,1964-08-01,Medium Value,Minneapolis,2024-12-17
3407,Linda,Morris,Female,1958-11-28,Medium Value,Minneapolis,2022-09-03
3408,Rebecca,Gonzalez,Male,1966-10-04,Medium Value,Dallas,2024-08-03
3409,Alexander,Wilson,Female,1997-12-07,Medium Value,Los Angeles,2024-10-22
3410,Gary,Rodriguez,Male,2001-01-21,Low Value,Austin,2024-01-15
3411,Paul,Garcia,Female,1984-01-15,Medium Value,Atlanta,2025-01-06
3412,Angela,Sanchez,Female,2004-01-08,Medium Value,Seattle,2023-12-21
3413,Gregory,Torres,Female,1997-11-01,Low Value,Seattle,2025-06-24
3414,Brandon,Johnson,Male,1965-02-28,Medium Value,Boston,2024-11-02
3415,Steven,Young,Female,2000-02-14,Low Value,Boston,2023-10-29
3416,Kimberly,Wright,Female,1955-09-18,Medium Value,Miami,2023-10-09
3417,Betty,White,Male,1993-01-15,Low Value,Miami,2024-06-11
3418,Karen,Diaz,Female,1992-10-25,High Value,Chicago,2024-01-11
3419,Thomas,Phillips,Male,1977-04-08,Low Value,Chicago,2022-12-05
3420,Melissa,King,Female,1953-04-01,Medium Value,Boston,2025-04-29
3421,Lisa,Reyes,Male,1966-03-01,High Value,New York,2025-06-01
3422,James,Williams,Female,1971-03-07,Low Value,New York,2024-12-24
3423,Eric,Taylor,Female,2004-01-10,Low Value,Atlanta,2022-03-08
3424,Brian,Hill,Male,1986-05-23,Medium Value,Boston,2024-11-23
3425,Scott,Edwards,Female,1966-10-26,Low Value,Atlanta,2022-11-04
3426,Donald,Ortiz,Female,2006-02-12,Medium Value,New York,2024-09-22
3427,Laura,Scott,Male,1961-10-12,Medium Value,New York,2023-01-14
3428,Rachel,Turner,Female,2002-09-26,Low Value,Atlanta,2022-06-12
3429,Ashley,Miller,Male,1985-02-19,Low Value,Austin,2025-06-24
3430,Stephanie,Wilson,Female,1996-06-01,Low Value,Minneapolis,2024-11-15
3431,Carol,Brown,Male,1985-10-05,Medium Value,Miami,2024-04-13
3432,Patricia,Cruz,Female,1979-10-12,Low Value,Denver,2025-05-16
3433,Deborah,Nelson,Male,1985-09-03,Medium Value,Chicago,2022-10-02
3434,Joshua,Edwards,Female,2002-08-21,Low Value,Boston,2023-07-11
3435,Andrew,Thomas,Female,1961-04-17,High Value,Boston,2023-08-14
3436,Amy,Stewart,Male,1992-01-01,High Value,Boston,2023-08-07
3437,Stephen,Flores,Female,1989-12-24,Medium Value,Austin,2023-06-28
3438,Laura,Diaz,Male,1961-04-22,Medium Value,San Francisco,2024-05-13
3439,Kevin,Campbell,Male,1990-04-11,Low Value,Chicago,2024-07-11
3440,Timothy,Hill,Male,1960-03-25,Medium Value,Dallas,2024-09-15
3441,Andrew,Mitchell,Male,1960-12-21,Medium Value,Los Angeles,2024-10-13
3442,Linda,Baker,Male,1971-06-11,Medium Value,Atlanta,2023-08-17
3443,George,Parker,Female,2004-03-04,Low Value,Austin,2023-03-16
3444,Carolyn,Turner,Female,1979-09-02,Low Value,Atlanta,2025-06-08
3445,Patricia,Cook,Male,1979-12-02,Medium Value,Seattle,2024-08-28
3446,Brenda,Adams,Female,2002-03-03,Low Value,Miami,2024-07-24
3447,Jennifer,Young,Female,1957-11-22,High Value,Austin,2025-03-25
3448,Samuel,Brown,Female,1958-01-12,Low Value,Denver,2025-02-04
3449,Deborah,Clark,Male,1964-01-06,Medium Value,Austin,2022-03-09
3450,Margaret,Parker,Male,1968-08-19,Medium Value,Chicago,2022-01-05
3451,Eric,Perez,Female,1994-02-18,Low Value,Atlanta,2024-12-17
3452,Eric,Gonzalez,Female,2001-07-25,Medium Value,Boston,2023-05-24
3453,Mary,Cooper,Male,1967-05-17,High Value,Minneapolis,2023-08-26
3454,Donna,Morris,Female,1970-03-24,Medium Value,Austin,2022-03-03
3455,Rachel,Perez,Male,2001-08-20,Medium Value,Austin,2024-06-24
3456,Rachel,Stewart,Male,1981-05-09,Medium Value,San Francisco,2023-09-30
3457,Michelle,Allen,Male,1977-10-07,Low Value,San Francisco,2023-11-17
3458,Laura,Phillips,Female,1972-11-05,Low Value,Los Angeles,2022-01-21
3459,Brenda,Carter,Male,1970-10-13,Medium Value,Austin,2024-11-29
3460,Sarah,Jackson,Male,1968-11-25,Low Value,Miami,2022-10-07
3461,Lisa,Miller,Male,1967-08-07,Medium Value,Los Angeles,2025-02-16
3462,Alexander,Rodriguez,Female,1966-09-14,Low Value,Boston,2024-12-02
3463,Michael,King,Male,2003-06-11,Medium Value,San Francisco,2023-10-29
3464,Christine,Mitchell,Female,2005-08-17,Medium Value,Austin,2022-01-05
3465,Thomas,Gomez,Male,1993-12-16,Medium Value,Miami,2023-06-08
3466,Mark,Perez,Female,1982-01-12,High Value,Austin,2024-06-08
3467,Daniel,Garcia,Female,1956-05-05,Low Value,New York,2024-11-10
3468,Deborah,Moore,Male,1956-04-11,Low Value,New York,2022-07-09
3469,Amanda,Evans,Male,1976-11-04,Medium Value,Los Angeles,2025-01-25
3470,Matthew,White,Female,2006-03-23,Medium Value,San Francisco,2024-09-01
3471,Lisa,Morales,Male,1995-10-23,High Value,Minneapolis,2023-07-26
3472,James,Phillips,Male,1955-12-26,Low Value,Atlanta,2022-06-08
3473,George,Martin,Male,1961-10-03,Medium Value,Atlanta,2024-07-29
3474,Justin,Evans,Female,1976-10-20,Medium Value,Chicago,2022-09-29
3475,Brandon,Diaz,Female,1959-02-26,Medium Value,Seattle,2024-10-28
3476,Benjamin,Morris,Male,1983-12-24,Medium Value,Minneapolis,2023-03-29
3477,Sarah,Wilson,Male,1978-09-19,Medium Value,Boston,2023-02-16
3478,Donald,Martin,Female,1955-05-08,Low Value,New York,2024-06-27
3479,Edward,Diaz,Male,1979-06-13,High Value,Chicago,2023-02-17
3480,Amanda,Rogers,Female,1954-07-25,Medium Value,Dallas,2023-10-30
3481,Sarah,Miller,Female,1996-04-13,Low Value,Miami,2022-04-28
3482,James,Smith,Male,1975-12-28,Low Value,Miami,2025-01-31
3483,Kenneth,Reyes,Male,1957-02-06,Low Value,New York,2022-07-07
3484,Lisa,Walker,Male,1976-04-19,Low Value,Los Angeles,2023-04-19
3485,Shirley,Torres,Female,1999-10-23,Low Value,Denver,2024-05-07
3486,Justin,Nguyen,Female,1965-03-28,Low Value,New York,2023-04-11
3487,Rachel,King,Female,1979-12-17,Low Value,Denver,2023-11-09
3488,Robert,Hill,Male,1957-11-03,Low Value,Denver,2025-01-19
3489,Michael,Lewis,Male,1965-05-13,Low Value,Denver,2023-04-05
3490,James,Green,Male,1983-12-25,Low Value,Denver,2023-02-01
3491,Pamela,Cooper,Male,1971-02-13,Medium Value,Seattle,2024-07-08
3492,Dorothy,Johnson,Male,2006-12-09,High Value,Boston,2023-01-12
3493,Stephen,Lewis,Male,1966-11-27,Low Value,San Francisco,2022-07-09
3494,Timothy,Ortiz,Female,1959-08-13,Medium Value,San Francisco,2022-03-17
3495,Frank,Walker,Male,1954-12-03,Low Value,Chicago,2024-01-14
3496,Anna,Harris,Female,1968-12-21,Medium Value,New York,2023-03-10
3497,Patricia,Gutierrez,Female,1991-12-27,Low Value,Seattle,2022-03-30
3498,Melissa,Martin,Female,2000-06-19,Low Value,Los Angeles,2024-01-25
3499,Deborah,Smith,Female,1989-05-13,Low Value,Dallas,2024-08-18
3500,Charles,White,Female,1981-02-19,Low Value,Miami,2024-04-21
3501,William,Thomas,Female,1988-07-17,Low Value,Chicago,2022-02-24
3502,Laura,Smith,Male,1990-11-03,Medium Value,San Francisco,2025-03-16
3503,Michael,Miller,Female,1965-03-16,Medium Value,Minneapolis,2022-12-11
3504,Dorothy,Morales,Female,1984-01-03,Low Value,Seattle,2024-08-08
3505,Richard,Wilson,Male,1989-06-14,Low Value,Miami,2025-05-13
3506,Gary,Edwards,Male,1965-11-11,Medium Value,San Francisco,2025-02-26
3507,Karen,Jones,Male,1975-02-07,Medium Value,Denver,2025-03-11
3508,Shirley,Thompson,Female,1975-01-02,Medium Value,Boston,2024-05-19
3509,Katherine,Stewart,Female,1965-06-18,Medium Value,New York,2022-08-20
3510,Andrew,Murphy,Female,1981-10-08,Low Value,Denver,2025-06-11
3511,Christine,Flores,Female,1966-09-08,Medium Value,Denver,2025-03-31
3512,Brian,Jackson,Male,2002-01-27,Low Value,New York,2022-05-07
3513,Katherine,Thomas,Female,1962-07-26,High Value,Boston,2022-07-02
3514,Anthony,Mitchell,Male,1968-11-02,Low Value,Los Angeles,2023-05-18
3515,Jennifer,Adams,Male,1994-07-17,Medium Value,Dallas,2024-09-04
3516,Daniel,Diaz,Female,1997-03-02,Medium Value,Dallas,2023-07-21
3517,Amy,Cook,Female,1960-02-06,High Value,Atlanta,2025-04-25
3518,Deborah,Thomas,Female,1981-04-19,Low Value,Dallas,2022-10-09
3519,Angela,Parker,Female,1974-01-26,Medium Value,Los Angeles,2023-07-22
3520,Deborah,Davis,Female,1973-06-16,Low Value,Minneapolis,2024-09-15
3521,Joshua,Clark,Female,1957-03-22,Medium Value,Seattle,2023-10-16
3522,William,Nelson,Male,1984-06-02,High Value,San Francisco,2024-07-29
3523,Matthew,Carter,Male,1990-12-28,Medium Value,Denver,2023-12-23
3524,Betty,Sanchez,Female,1989-02-14,Medium Value,Atlanta,2024-08-01
3525,Carol,Williams,Female,1978-10-25,Medium Value,Seattle,2025-04-01
3526,Linda,Rodriguez,Male,1954-05-05,Low Value,Boston,2025-04-29
3527,Emily,Martin,Female,1960-01-04,Low Value,Atlanta,2024-10-31
3528,Brandon,Anderson,Female,1966-03-25,Medium Value,Miami,2024-01-28
3529,Shirley,Flores,Male,2003-09-21,High Value,New York,2023-10-28
3530,Joshua,Collins,Male,1976-07-02,High Value,Miami,2024-04-23
3531,Stephanie,White,Male,1972-06-11,Medium Value,Seattle,2022-11-30
3532,Sandra,Baker,Male,1998-05-26,Low Value,Austin,2022-12-14
3533,James,Morales,Female,2006-02-25,Medium Value,Boston,2023-08-28
3534,Samantha,Baker,Male,2006-05-16,High Value,Miami,2022-04-14
3535,Pamela,Ortiz,Male,1957-01-15,Low Value,San Francisco,2024-01-03
3536,Elizabeth,King,Male,1993-12-03,High Value,Minneapolis,2022-12-16
3537,Amanda,Phillips,Female,1957-07-17,Low Value,Chicago,2023-11-23
3538,Shirley,Nelson,Male,1970-02-07,Low Value,Los Angeles,2024-06-09
3539,Sarah,Gutierrez,Male,1974-10-26,Medium Value,New York,2024-06-01
3540,Jeffrey,Gonzalez,Male,1995-06-24,Medium Value,Boston,2025-03-04
3541,Nicole,Thompson,Female,1963-02-27,Low Value,San Francisco,2022-07-30
3542,Nicholas,Anderson,Female,1971-02-10,Low Value,Chicago,2023-03-20
3543,Pamela,Harris,Female,1990-02-10,Medium Value,Dallas,2022-11-12
3544,Patricia,Wilson,Male,1981-05-02,High Value,Dallas,2024-11-02
3545,Samantha,Cook,Female,1985-09-13,Medium Value,Austin,2023-09-01
3546,Dorothy,White,Male,2004-10-04,Low Value,Los Angeles,2024-07-25
3547,Sharon,Flores,Male,1970-12-21,High Value,San Francisco,2023-10-04
3548,Brenda,Brown,Male,1959-02-07,Medium Value,Chicago,2022-10-09
3549,Donald,Nguyen,Male,1964-09-09,Low Value,Minneapolis,2022-09-14
3550,Ronald,Thompson,Female,1978-08-27,Low Value,New York,2022-11-20
3551,Steven,Lee,Male,1968-09-14,Low Value,Boston,2024-07-06
3552,Samantha,Sanchez,Male,1994-11-22,Medium Value,Miami,2025-01-01
3553,Ronald,Stewart,Female,1972-01-18,Low Value,Minneapolis,2024-10-19
3554,Cynthia,Baker,Male,1964-05-27,High Value,Minneapolis,2023-05-09
3555,Elizabeth,Williams,Female,1997-11-27,Low Value,San Francisco,2024-10-06
3556,Sarah,Hall,Female,1970-03-14,Medium Value,Denver,2022-05-13
3557,Nicole,Thompson,Male,1984-07-25,Low Value,Minneapolis,2023-04-25
3558,Mark,Wilson,Male,2004-09-06,Medium Value,Atlanta,2024-02-20
3559,Ryan,Diaz,Male,1986-01-16,Low Value,Minneapolis,2023-07-16
3560,Ryan,Robinson,Female,1958-09-20,Medium Value,San Francisco,2023-04-27
3561,Rachel,White,Female,1996-02-21,Medium Value,Los Angeles,2023-10-02
3562,James,Stewart,Female,1994-01-16,Medium Value,Boston,2025-02-17
3563,Larry,Torres,Female,1995-10-20,Low Value,San Francisco,2024-03-29
3564,Nicholas,Turner,Female,1998-07-05,Medium Value,New York,2022-01-24
3565,Elizabeth,Allen,Female,1988-05-24,Medium Value,Denver,2022-12-17
3566,Amanda,Gonzalez,Female,1965-04-23,Low Value,Chicago,2025-06-08
3567,Anthony,Rivera,Female,1960-12-23,High Value,New York,2024-04-21
3568,Jason,Robinson,Male,1978-06-24,High Value,San Francisco,2023-11-18
3569,Donald,Murphy,Female,1962-03-08,High Value,Seattle,2024-09-24
3570,Jennifer,Sanchez,Female,2005-11-06,Low Value,Los Angeles,2025-01-21
3571,William,Ortiz,Female,2005-10-21,Medium Value,Minneapolis,2023-04-17
3572,Rachel,Green,Female,1961-02-03,Medium Value,Dallas,2023-10-12
3573,Margaret,Martinez,Female,1958-05-20,Medium Value,Los Angeles,2022-08-04
3574,Christopher,Walker,Female,1956-07-24,Low Value,Denver,2025-04-05
3575,Patricia,Walker,Male,2005-09-04,Low Value,Atlanta,2023-05-14
3576,Barbara,Jones,Female,1955-03-03,High Value,Atlanta,2022-06-05
3577,Cynthia,Garcia,Male,1961-09-09,High Value,Austin,2025-01-31
3578,Lisa,Rodriguez,Male,1971-10-20,Medium Value,San Francisco,2022-01-23
3579,Emily,Harris,Male,1994-05-22,Medium Value,Boston,2023-02-24
3580,Edward,Campbell,Male,1957-01-26,Medium Value,Chicago,2024-03-20
3581,Joseph,Sanchez,Female,1960-04-11,Medium Value,Denver,2024-07-21
3582,Charles,Taylor,Female,1996-04-20,Medium Value,Denver,2024-08-08
3583,Elizabeth,Gutierrez,Female,2004-10-25,Low Value,Atlanta,2025-02-09
3584,Gary,Diaz,Female,1983-12-15,Low Value,Denver,2023-03-22
3585,Thomas,Ramirez,Male,1991-09-03,Low Value,Atlanta,2023-04-03
3586,Jennifer,Scott,Male,1985-08-08,Medium Value,Chicago,2022-08-28
3587,Angela,Hernandez,Female,1994-12-26,Low Value,Boston,2023-04-03
3588,Kathleen,Phillips,Male,2002-05-24,High Value,Miami,2022-08-08
3589,Angela,Nelson,Female,1992-04-19,Low Value,New York,2025-01-09
3590,Sarah,Jones,Female,1976-05-27,Low Value,Seattle,2023-04-28
3591,Steven,Brown,Female,1979-04-17,Low Value,Denver,2024-07-23
3592,Katherine,Martinez,Female,2002-06-07,Medium Value,Boston,2023-07-26
3593,Melissa,Hall,Female,1999-06-25,Low Value,Los Angeles,2023-07-01
3594,Cynthia,Gutierrez,Male,1998-10-22,Medium Value,Austin,2024-10-27
3595,Samuel,Moore,Male,2004-02-25,Low Value,Chicago,2024-07-21
3596,Emily,Williams,Male,2002-10-10,Low Value,Boston,2022-05-20
3597,Rebecca,Wilson,Female,1997-08-12,Medium Value,Miami,2022-02-01
3598,Frank,Flores,Male,1988-07-14,High Value,Boston,2024-05-06
3599,Thomas,Nguyen,Female,1972-08-02,Medium Value,Minneapolis,2025-01-28
3600,Jessica,Cook,Male,1982-08-25,Medium Value,Chicago,2022-11-18
3601,Gregory,Nguyen,Female,1967-01-15,High Value,Los Angeles,2024-02-10
3602,Gregory,Allen,Female,1991-11-02,Low Value,Los Angeles,2022-04-27
3603,Dorothy,Cruz,Male,1992-10-24,Low Value,Atlanta,2025-03-20
3604,Andrew,Reyes,Male,1954-05-28,High Value,Atlanta,2023-01-28
3605,Ashley,Moore,Female,1968-02-27,Low Value,Seattle,2024-02-16
3606,Nancy,Reyes,Male,1976-10-03,High Value,Boston,2023-05-19
3607,Paul,Sanchez,Female,1999-03-12,Low Value,Austin,2024-08-18
3608,Anthony,Carter,Female,1961-06-03,Low Value,Miami,2023-02-25
3609,Susan,Rodriguez,Female,1960-10-27,Low Value,Chicago,2022-02-26
3610,Rebecca,Clark,Male,1956-01-12,High Value,Dallas,2023-09-26
3611,Jeffrey,Young,Female,2000-06-27,Medium Value,Los Angeles,2022-10-06
3612,Edward,Wilson,Male,1996-06-22,Medium Value,San Francisco,2025-06-05
3613,Carolyn,Hernandez,Female,1987-05-28,Medium Value,Denver,2024-06-17
3614,Jonathan,Martin,Female,1978-09-05,Low Value,Minneapolis,2024-01-26
3615,Robert,White,Female,2004-04-05,Medium Value,Los Angeles,2024-01-29
3616,Frank,Clark,Male,1995-12-21,Low Value,Denver,2022-12-18
3617,Kathleen,Green,Male,1955-08-23,Medium Value,Miami,2025-04-14
3618,Margaret,Campbell,Female,1969-05-05,Medium Value,Denver,2024-08-27
3619,Emily,Roberts,Female,1969-10-08,Medium Value,Chicago,2023-08-02
3620,Stephanie,Morgan,Male,1985-03-13,Medium Value,Seattle,2022-09-15
3621,George,Clark,Female,1984-08-19,Low Value,Los Angeles,2025-02-25
3622,Christine,Carter,Female,1954-10-04,High Value,Dallas,2023-06-05
3623,Steven,Rivera,Female,1999-04-20,High Value,Austin,2024-06-08
3624,Charles,Allen,Male,1982-01-15,High Value,San Francisco,2022-10-06
3625,Amy,Nguyen,Male,1965-02-22,Low Value,Austin,2023-03-22
3626,Rachel,Hill,Male,1968-11-21,Medium Value,San Francisco,2024-12-23
3627,Ryan,Rivera,Male,1962-11-08,High Value,Austin,2024-10-19
3628,Kimberly,Baker,Female,2004-05-20,Low Value,Minneapolis,2023-12-27
3629,Nicholas,Anderson,Female,1964-08-24,Low Value,Los Angeles,2024-10-06
3630,Jeffrey,Wilson,Male,1986-04-05,Low Value,Dallas,2023-07-28
3631,Ronald,Taylor,Male,1983-07-04,Medium Value,Boston,2023-07-09
3632,Jennifer,Scott,Female,1999-07-11,Medium Value,Miami,2022-06-15
3633,Jessica,Williams,Male,1975-01-05,Low Value,Minneapolis,2022-09-26
3634,Amy,Nguyen,Male,1996-11-11,Medium Value,San Francisco,2024-12-13
3635,Sharon,Morales,Female,1983-05-06,Low Value,Los Angeles,2023-10-14
3636,Katherine,Collins,Male,1965-12-26,Low Value,Dallas,2024-12-01
3637,David,Hall,Male,1960-01-01,Medium Value,Dallas,2024-09-29
3638,Matthew,Allen,Female,1997-09-13,Low Value,San Francisco,2024-02-23
3639,Margaret,Murphy,Female,1957-06-12,Medium Value,Boston,2022-02-23
3640,William,Collins,Male,1967-01-22,Low Value,San Francisco,2022-04-16
3641,Dorothy,Edwards,Male,2006-04-04,Low Value,Dallas,2023-01-30
3642,Michelle,Gutierrez,Male,1974-01-25,Low Value,Dallas,2024-07-18
3643,Shirley,Martin,Male,1979-09-23,High Value,Chicago,2022-05-01
3644,David,Lee,Female,2001-02-17,Low Value,San Francisco,2023-07-26
3645,Larry,Evans,Female,2002-01-05,Medium Value,Los Angeles,2023-11-03
3646,Brian,Anderson,Female,1982-06-15,High Value,San Francisco,2022-12-09
3647,Laura,Smith,Male,1991-05-03,Medium Value,Boston,2022-12-13
3648,Mark,Brown,Male,1956-08-17,Medium Value,Miami,2024-10-07
3649,Carol,Baker,Female,1996-09-11,Medium Value,Chicago,2025-03-23
3650,Donna,Cruz,Male,1964-04-13,Low Value,Austin,2024-03-16
3651,Amanda,Wilson,Female,1987-02-10,High Value,Minneapolis,2023-09-24
3652,Gregory,Adams,Female,1955-11-23,Low Value,Seattle,2022-10-27
3653,Gregory,Harris,Female,1971-10-28,Low Value,Los Angeles,2023-08-10
3654,Cynthia,Allen,Female,1955-08-18,Medium Value,Miami,2024-05-09
3655,Jonathan,Green,Female,1981-05-20,Low Value,New York,2022-06-26
3656,Ryan,Martin,Female,1980-05-03,Medium Value,Atlanta,2023-04-29
3657,Margaret,Collins,Female,1983-01-03,Medium Value,Dallas,2023-03-12
3658,Melissa,Gutierrez,Female,1962-05-08,Medium Value,Boston,2023-07-08
3659,Benjamin,Sanchez,Female,1977-06-03,Low Value,Atlanta,2024-02-04
3660,Carolyn,Moore,Female,2001-01-27,Low Value,Los Angeles,2022-11-22
3661,Kathleen,Thomas,Female,1962-06-13,Low Value,Boston,2022-05-29
3662,Stephen,Baker,Male,1982-11-17,Medium Value,San Francisco,2025-04-17
3663,Lisa,Baker,Female,2002-07-13,High Value,Chicago,2025-01-10
3664,Gary,Morgan,Female,1966-07-21,High Value,San Francisco,2023-02-25
3665,Elizabeth,Young,Female,2005-11-13,Low Value,Denver,2022-09-14
3666,Brandon,Cruz,Female,1999-08-27,Low Value,Chicago,2022-03-31
3667,Timothy,Gonzalez,Female,2006-05-26,Medium Value,Los Angeles,2024-06-30
3668,Nicole,Hernandez,Female,1999-11-16,Low Value,Seattle,2023-08-05
3669,Gregory,Carter,Male,1968-09-23,Medium Value,Boston,2022-06-12
3670,Joshua,Smith,Female,2000-06-09,Low Value,Denver,2024-06-14
3671,Emma,Murphy,Female,1972-02-09,Medium Value,Dallas,2024-01-11
3672,Susan,Cook,Female,1985-08-06,Medium Value,Austin,2023-06-13
3673,Sarah,Clark,Male,1998-04-19,Low Value,San Francisco,2024-12-09
3674,Jessica,Green,Male,1989-01-01,Low Value,Boston,2022-09-09
3675,Donna,Wright,Male,1985-05-25,Medium Value,Denver,2024-09-16
3676,Joseph,Reyes,Female,1994-12-13,High Value,Austin,2023-10-09
3677,Pamela,Hernandez,Male,1959-07-22,Medium Value,Minneapolis,2024-06-20
3678,Rebecca,Mitchell,Female,2005-08-24,Medium Value,Austin,2023-05-31
3679,Thomas,Johnson,Female,1985-11-24,Low Value,Denver,2022-10-14
3680,Lisa,Martinez,Female,1984-06-02,Medium Value,Seattle,2025-01-05
3681,Charles,Reyes,Female,1976-05-24,High Value,Seattle,2022-01-11
3682,Frank,Garcia,Female,1979-10-06,Low Value,San Francisco,2024-08-15
3683,Rachel,Scott,Female,1955-01-13,High Value,Boston,2024-04-29
3684,Ashley,Lee,Male,2004-02-09,High Value,Los Angeles,2022-07-02
3685,Donald,Williams,Male,1958-02-04,Medium Value,Atlanta,2022-02-13
3686,Amanda,Gutierrez,Female,1984-06-12,Low Value,Dallas,2023-12-30
3687,Elizabeth,Scott,Female,1965-07-20,Low Value,Boston,2023-12-11
3688,Kenneth,Martinez,Male,1981-10-18,Low Value,Los Angeles,2024-07-23
3689,Kevin,Hall,Male,1978-07-20,Low Value,Austin,2023-05-22
3690,Jonathan,Parker,Female,1995-05-03,Low Value,Boston,2022-10-16
3691,Frank,Thomas,Male,1991-10-24,Low Value,San Francisco,2024-06-04
3692,Katherine,Stewart,Female,1979-12-06,Medium Value,San Francisco,2025-01-04
3693,Joseph,Morales,Female,1990-08-07,Medium Value,Austin,2025-05-26
3694,Thomas,Murphy,Male,2005-02-20,Low Value,Chicago,2025-06-24
3695,Mary,Harris,Male,1987-11-15,High Value,Dallas,2022-09-21
3696,Katherine,Martinez,Female,1989-01-21,Low Value,Seattle,2024-02-23
3697,Sharon,White,Female,1962-01-04,Medium Value,Austin,2024-04-15
3698,Alexander,Rivera,Male,1955-09-05,Medium Value,Seattle,2022-09-27
3699,Emily,Johnson,Male,1968-01-21,Medium Value,Boston,2025-05-04
3700,Alexander,Scott,Male,1963-01-05,Medium Value,Seattle,2023-01-24
3701,Emily,Mitchell,Female,1953-12-20,Low Value,Los Angeles,2023-05-21
3702,Patricia,Moore,Female,1969-05-01,Low Value,Seattle,2023-02-19
3703,Dorothy,Morris,Male,1959-11-18,Medium Value,Dallas,2023-11-04
3704,Gary,Stewart,Male,1993-11-08,Medium Value,Boston,2023-12-04
3705,Thomas,Cruz,Female,1975-08-08,Medium Value,Denver,2025-02-15
3706,Lisa,Roberts,Male,1979-07-04,Low Value,Denver,2023-05-21
3707,Anna,Wright,Male,1964-08-23,Low Value,Chicago,2022-05-22
3708,Anthony,Allen,Male,2006-04-21,Medium Value,Los Angeles,2024-06-13
3709,Nicholas,White,Female,1971-08-16,Medium Value,Los Angeles,2025-03-03
3710,Mark,Edwards,Male,1960-12-20,High Value,New York,2024-06-23
3711,Kenneth,Reyes,Female,1995-02-10,High Value,Dallas,2022-07-03
3712,Robert,Gomez,Male,1994-12-22,Medium Value,Denver,2022-04-04
3713,Matthew,Gomez,Female,1969-04-13,Medium Value,Seattle,2023-03-07
3714,Nicole,Lopez,Female,1969-03-06,Low Value,Minneapolis,2022-01-16
3715,Nancy,Cruz,Male,1978-12-17,Medium Value,Los Angeles,2024-08-03
3716,Emma,Green,Female,1995-08-04,Low Value,Chicago,2023-03-24
3717,Jennifer,Johnson,Male,1955-10-02,Low Value,Chicago,2023-03-10
3718,Samuel,Stewart,Female,1981-06-10,Medium Value,Austin,2024-04-26
3719,Dorothy,Brown,Female,1968-05-09,Low Value,Austin,2023-03-28
3720,Melissa,Evans,Female,1986-05-27,Medium Value,New York,2024-04-21
3721,Kenneth,Murphy,Female,1966-06-25,Low Value,New York,2024-11-20
3722,Ronald,Roberts,Female,1975-12-27,Medium Value,San Francisco,2025-04-02
3723,Jennifer,Robinson,Male,1998-04-15,Medium Value,Minneapolis,2023-01-09
3724,Eric,Allen,Female,1993-03-03,Medium Value,Chicago,2023-01-12
3725,Kimberly,Baker,Male,1975-08-19,Medium Value,Miami,2023-02-10
3726,Ronald,Evans,Female,1955-05-03,High Value,Seattle,2024-05-29
3727,Jennifer,Cooper,Female,1957-04-26,High Value,Boston,2025-04-24
3728,George,Martin,Male,1972-11-07,High Value,San Francisco,2025-05-28
3729,Larry,Gomez,Female,1961-09-09,Medium Value,Chicago,2024-06-04
3730,Betty,Miller,Female,1987-08-18,Low Value,Los Angeles,2023-08-26
3731,Michael,Cruz,Male,1985-03-10,Medium Value,Seattle,2024-03-14
3732,Laura,Smith,Male,1996-10-21,Medium Value,Seattle,2024-04-16
3733,John,Ortiz,Female,1973-06-19,Medium Value,Dallas,2024-05-24
3734,Timothy,Carter,Male,1989-03-07,Medium Value,Dallas,2022-11-22
3735,Edward,Cooper,Female,2005-12-20,High Value,Minneapolis,2022-04-23
3736,Matthew,Walker,Male,1969-11-09,Medium Value,Austin,2022-08-04
3737,Scott,Roberts,Female,1958-09-02,Low Value,Austin,2024-03-21
3738,Eric,Gutierrez,Female,1983-10-06,Low Value,Seattle,2025-05-22
3739,Ashley,Campbell,Male,1958-09-14,Low Value,San Francisco,2024-05-04
3740,Paul,Miller,Female,1988-09-08,Low Value,Minneapolis,2022-07-27
3741,Ronald,Harris,Male,1970-08-14,High Value,San Francisco,2022-10-04
3742,Kathleen,Murphy,Male,1991-04-21,Medium Value,San Francisco,2022-01-05
3743,Christopher,Brown,Male,1957-07-07,Medium Value,New York,2024-01-22
3744,Donald,Gonzalez,Male,1976-03-07,Low Value,New York,2023-05-12
3745,Alexander,Rodriguez,Male,1971-01-19,High Value,Atlanta,2022-12-10
3746,Stephen,Diaz,Male,1983-03-02,Medium Value,New York,2023-12-14
3747,Richard,Collins,Male,1984-11-11,Low Value,Austin,2022-01-29
3748,Christine,Hernandez,Male,1982-07-28,Low Value,Denver,2023-03-12
3749,Michelle,Ortiz,Female,1968-05-07,Low Value,Atlanta,2024-09-12
3750,Andrew,Murphy,Female,1972-07-20,High Value,New York,2022-04-30
3751,Mary,Moore,Female,1983-03-18,Low Value,Dallas,2023-06-06
3752,Emma,Sanchez,Male,1971-11-23,Low Value,San Francisco,2023-01-02
3753,Debra,Johnson,Female,1954-06-28,Low Value,San Francisco,2023-03-16
3754,Sarah,Hall,Male,1964-12-15,High Value,Austin,2022-10-30
3755,Barbara,Lewis,Male,1960-02-14,Medium Value,Boston,2023-08-18
3756,Nancy,Roberts,Male,1984-11-01,Low Value,New York,2022-06-20
3757,Laura,Reyes,Male,2003-12-18,Low Value,Austin,2025-05-09
3758,Matthew,Cook,Female,1978-05-25,Medium Value,Dallas,2023-04-24
3759,Brandon,Hill,Male,1958-08-22,Medium Value,Denver,2022-02-17
3760,Betty,Martinez,Female,1991-09-09,High Value,New York,2023-12-03
3761,James,Ortiz,Female,1969-09-11,Medium Value,Dallas,2024-04-25
3762,Kathleen,Cook,Male,1969-07-15,Medium Value,San Francisco,2022-01-15
3763,Christine,Edwards,Male,1978-05-22,Low Value,Seattle,2023-11-27
3764,James,Hernandez,Female,1984-03-15,Medium Value,Dallas,2025-05-03
3765,Stephen,White,Male,1989-01-04,Medium Value,Minneapolis,2023-04-29
3766,Christopher,Rodriguez,Male,2005-04-09,Medium Value,Chicago,2023-02-05
3767,Samantha,Garcia,Male,1976-01-06,High Value,Seattle,2023-10-07
3768,Jacob,Martinez,Female,1999-02-15,Low Value,Chicago,2023-07-11
3769,Larry,Parker,Female,1985-09-13,Low Value,Los Angeles,2022-07-03
3770,Linda,Edwards,Female,2000-11-20,Medium Value,Chicago,2023-09-02
3771,Emma,Gutierrez,Male,1960-10-02,High Value,New York,2023-07-16
3772,Kathleen,Phillips,Female,1982-08-14,Medium Value,New York,2023-11-24
3773,Richard,Morris,Male,1955-10-05,Medium Value,New York,2023-09-20
3774,Dorothy,Garcia,Female,1961-03-22,Medium Value,Los Angeles,2023-05-31
3775,Michelle,Edwards,Male,1985-03-15,Low Value,Boston,2023-10-23
3776,Samantha,Rivera,Male,1993-10-21,Medium Value,Minneapolis,2023-07-03
3777,George,Cook,Male,1984-03-15,Low Value,Dallas,2023-01-25
3778,Rachel,Williams,Female,1963-12-09,Low Value,Chicago,2025-06-08
3779,Betty,Ortiz,Female,1972-07-10,Medium Value,Atlanta,2022-10-05
3780,Kenneth,Gomez,Male,2003-11-12,Low Value,Dallas,2025-05-19
3781,Gregory,Collins,Female,1978-03-26,Medium Value,Dallas,2023-11-14
3782,Michelle,Smith,Male,1977-11-06,Low Value,Chicago,2024-04-21
3783,Joseph,King,Male,1997-03-03,Medium Value,Denver,2023-02-06
3784,Daniel,Turner,Female,1966-07-06,Medium Value,Atlanta,2023-01-08
3785,Robert,Torres,Female,1970-05-12,Low Value,Denver,2022-08-29
3786,Anthony,Wright,Female,1971-03-03,High Value,New York,2023-11-27
3787,Larry,Nelson,Female,1983-11-10,Low Value,Dallas,2022-06-15
3788,Daniel,Hill,Female,1977-04-17,Low Value,New York,2022-06-02
3789,Paul,Morales,Female,1994-10-06,Low Value,Seattle,2023-08-14
3790,Daniel,Allen,Female,1981-12-07,Medium Value,Denver,2025-06-27
3791,Samuel,Thomas,Female,1976-04-28,High Value,Chicago,2023-10-10
3792,Shirley,Lewis,Male,1970-08-19,Low Value,Dallas,2023-04-26
3793,Kimberly,Adams,Male,2000-04-03,Low Value,Chicago,2022-07-07
3794,Donald,Morris,Female,1987-11-22,Low Value,Austin,2023-09-24
3795,Paul,Turner,Male,1953-07-14,Low Value,Minneapolis,2024-03-08
3796,Ashley,Edwards,Female,1972-10-04,Low Value,Dallas,2022-05-11
3797,Stephanie,Baker,Male,1953-07-03,Medium Value,Seattle,2023-12-18
3798,Kenneth,Smith,Male,1961-12-07,Medium Value,New York,2022-01-04
3799,Amy,Perez,Male,1988-10-18,Low Value,Austin,2024-11-13
3800,Daniel,Davis,Male,1988-07-03,Low Value,Seattle,2025-06-17
3801,Dorothy,Gomez,Male,2001-07-20,Low Value,San Francisco,2024-07-16
3802,Linda,Rodriguez,Male,1971-02-09,High Value,Seattle,2024-03-14
3803,Nancy,Young,Female,1998-09-14,Low Value,New York,2023-12-26
3804,Scott,Wright,Female,1982-06-22,Low Value,Boston,2023-03-13
3805,Nicole,Robinson,Male,1954-06-11,Medium Value,Boston,2024-08-18
3806,Stephanie,Cruz,Male,1980-01-16,Low Value,Seattle,2022-07-24
3807,Alexander,Morgan,Female,1959-06-01,Low Value,Seattle,2023-04-16
3808,Laura,Brown,Female,1961-09-12,Low Value,Atlanta,2025-06-21
3809,Samantha,Turner,Male,1966-06-10,Medium Value,Miami,2024-03-15
3810,Nancy,Lopez,Male,1956-02-17,High Value,Seattle,2022-12-05
3811,Susan,Ortiz,Female,1954-03-28,Medium Value,Seattle,2023-08-24
3812,Carol,Phillips,Male,1976-04-11,Low Value,Dallas,2023-05-16
3813,Robert,Edwards,Female,1999-07-22,Low Value,Denver,2023-10-23
3814,Brenda,Rivera,Female,1999-12-05,High Value,Denver,2022-12-16
3815,Sharon,Collins,Female,2003-10-28,High Value,Miami,2024-10-04
3816,Amy,Thompson,Male,1992-05-19,Low Value,Miami,2024-05-26
3817,Kathleen,Allen,Female,1996-10-19,High Value,San Francisco,2022-05-04
3818,Paul,Jones,Female,1981-01-02,Medium Value,Atlanta,2022-07-03
3819,Andrew,Jackson,Male,1979-10-24,Medium Value,Denver,2023-10-18
3820,William,Sanchez,Female,1996-10-28,Medium Value,Boston,2023-05-23
3821,Elizabeth,Flores,Female,1961-12-14,High Value,Minneapolis,2023-07-10
3822,Ronald,Young,Male,1966-05-14,High Value,New York,2025-05-11
3823,Charles,Gutierrez,Female,1964-11-13,Low Value,Denver,2023-01-22
3824,Andrew,Wilson,Male,1998-10-03,High Value,Boston,2024-02-27
3825,Linda,Cook,Male,2005-06-10,High Value,Seattle,2023-09-10
3826,Michael,White,Female,1996-01-21,Low Value,San Francisco,2022-06-28
3827,Christopher,Rodriguez,Male,1955-10-08,Medium Value,Austin,2024-04-26
3828,Ryan,Walker,Female,1979-06-25,Medium Value,Boston,2024-01-02
3829,Anthony,Allen,Male,1985-02-20,Low Value,Denver,2023-05-28
3830,Susan,Miller,Male,1961-07-20,Medium Value,Los Angeles,2024-01-31
3831,Matthew,Young,Male,1965-11-03,Medium Value,Los Angeles,2022-05-24
3832,Amanda,Brown,Female,1982-01-05,Medium Value,Austin,2024-06-04
3833,Stephanie,Cruz,Male,1971-12-04,Low Value,Denver,2022-09-10
3834,Laura,Lee,Female,1959-07-10,Low Value,Atlanta,2023-06-07
3835,Ashley,Miller,Female,1964-10-10,Medium Value,Chicago,2023-11-02
3836,Nancy,Jones,Female,1963-04-24,Medium Value,Denver,2023-02-27
3837,Deborah,Cooper,Male,1964-09-09,Low Value,Atlanta,2025-02-19
3838,Anna,Rivera,Female,1958-07-22,Medium Value,Minneapolis,2025-04-07
3839,Kenneth,Gomez,Female,1995-05-10,Medium Value,Austin,2023-10-21
3840,Patricia,King,Male,1957-06-06,Low Value,Seattle,2024-12-13
3841,Steven,Murphy,Female,1953-02-17,Medium Value,San Francisco,2024-09-26
3842,Jessica,Hill,Male,1977-08-02,Low Value,Minneapolis,2023-04-13
3843,Jennifer,Taylor,Female,1985-12-01,Low Value,Chicago,2023-09-27
3844,Katherine,Murphy,Male,1968-05-23,High Value,Austin,2023-05-24
3845,Mary,Morales,Female,1990-10-05,Low Value,Miami,2024-02-29
3846,Daniel,Morales,Female,1975-05-21,Low Value,Dallas,2023-02-17
3847,Gary,Cook,Female,1974-02-12,High Value,Miami,2024-03-12
3848,Melissa,Reyes,Female,1960-12-11,Low Value,Denver,2024-05-02
3849,Jennifer,Walker,Female,1979-12-08,Medium Value,Austin,2022-01-29
3850,Jessica,Evans,Female,1960-02-08,Medium Value,Los Angeles,2024-04-30
3851,Deborah,Martinez,Female,1985-03-12,Low Value,Austin,2022-05-18
3852,Samuel,Diaz,Male,1989-08-28,Low Value,Minneapolis,2025-02-16
3853,Justin,Morales,Female,1988-05-17,Medium Value,Boston,2024-11-05
3854,David,Diaz,Male,1967-01-12,Medium Value,Dallas,2022-04-15
3855,Lisa,Hall,Male,2005-10-24,Medium Value,New York,2022-09-30
3856,Amy,Torres,Male,1978-10-23,High Value,Chicago,2024-03-10
3857,Pamela,Cook,Male,1980-04-15,Low Value,Miami,2024-12-09
3858,James,Turner,Female,2003-03-06,High Value,Los Angeles,2023-01-22
3859,Gary,Collins,Female,1976-07-20,Medium Value,Minneapolis,2025-05-30
3860,Joshua,Johnson,Male,2006-12-02,Low Value,Los Angeles,2022-11-23
3861,Michelle,Ortiz,Male,1964-12-15,Low Value,Seattle,2024-02-20
3862,Rachel,Robinson,Male,2003-06-27,High Value,Austin,2025-02-14
3863,Ashley,Cooper,Male,1953-11-27,Low Value,Austin,2025-04-08
3864,Sarah,Rodriguez,Female,1988-06-07,Low Value,Miami,2022-05-12
3865,Nicholas,Hernandez,Male,1982-08-26,High Value,San Francisco,2023-03-05
3866,Sandra,Gomez,Female,1994-12-20,Medium Value,Seattle,2024-11-04
3867,Carol,Rogers,Female,1970-06-01,Medium Value,Los Angeles,2024-10-03
3868,Patricia,Lewis,Female,1984-06-07,Low Value,Denver,2023-02-10
3869,Karen,Allen,Male,2000-06-05,Medium Value,Minneapolis,2023-11-07
3870,Michael,Young,Female,1956-06-13,Medium Value,Atlanta,2022-05-07
3871,Kevin,Martin,Female,1971-10-10,Low Value,Atlanta,2024-10-22
3872,Nicholas,Cook,Male,1963-01-23,Medium Value,New York,2023-07-21
3873,Paul,Lopez,Female,1968-07-24,Medium Value,New York,2023-12-22
3874,Angela,Perez,Male,1961-12-26,High Value,Austin,2025-03-08
3875,Thomas,Flores,Male,1988-05-19,Medium Value,Seattle,2023-06-09
3876,Edward,Gomez,Female,1957-12-08,Medium Value,Atlanta,2024-06-13
3877,Justin,Lopez,Male,1997-06-20,Low Value,Denver,2024-06-27
3878,Larry,Campbell,Male,2001-10-25,Medium Value,Los Angeles,2022-02-01
3879,Barbara,Martin,Female,1993-08-01,Medium Value,Austin,2025-02-24
3880,Robert,Ortiz,Female,1984-09-02,High Value,Boston,2022-10-14
3881,Katherine,Ramirez,Male,1988-09-04,High Value,New York,2025-03-29
3882,Jason,Lewis,Female,1981-03-01,Low Value,Los Angeles,2023-04-03
3883,Timothy,Campbell,Male,1979-08-01,Low Value,Boston,2025-04-01
3884,Gregory,Adams,Female,1984-05-27,Medium Value,Los Angeles,2024-09-28
3885,Cynthia,Sanchez,Female,1991-04-03,Medium Value,Austin,2025-05-07
3886,Paul,Diaz,Female,1988-11-18,Low Value,Boston,2023-05-09
3887,Eric,Cook,Female,1980-09-04,Low Value,Chicago,2023-11-08
3888,Jason,Turner,Male,1961-06-09,Low Value,Boston,2022-04-10
3889,Michelle,Johnson,Male,1958-05-13,Low Value,New York,2025-05-30
3890,Jennifer,Brown,Male,1957-10-22,Low Value,Chicago,2022-03-13
3891,Steven,Gomez,Female,1981-12-08,Medium Value,Miami,2024-10-13
3892,Pamela,Jones,Male,1988-10-09,Medium Value,New York,2025-03-22
3893,Kathleen,Rodriguez,Female,1986-04-05,Medium Value,New York,2022-01-28
3894,Christine,Thompson,Female,1975-11-03,High Value,New York,2025-04-08
3895,Scott,Hill,Female,2000-01-19,High Value,Seattle,2025-03-28
3896,Larry,Edwards,Female,1992-10-24,High Value,San Francisco,2023-04-13
3897,Alexander,Turner,Female,1982-07-28,High Value,Austin,2024-03-04
3898,Elizabeth,Sanchez,Female,2002-05-01,Medium Value,Miami,2025-06-07
3899,Jonathan,Reyes,Male,1971-05-22,Low Value,Minneapolis,2022-02-13
3900,Donald,Lee,Female,1997-10-22,Low Value,Los Angeles,2024-07-05
3901,Ashley,Rogers,Female,1963-01-16,Medium Value,New York,2023-09-25
3902,Mark,Lewis,Male,2005-02-03,Medium Value,Boston,2022-04-26
3903,Cynthia,Murphy,Female,1957-10-05,Low Value,Minneapolis,2025-02-18
3904,Sandra,Davis,Male,1962-09-15,Low Value,Denver,2023-07-07
3905,Donald,Johnson,Male,1966-07-01,Medium Value,Austin,2024-12-21
3906,Paul,Stewart,Male,1995-03-13,Medium Value,Denver,2024-08-11
3907,Pamela,Turner,Female,1983-05-23,High Value,Denver,2023-09-26
3908,Melissa,Cruz,Male,1999-05-26,Low Value,Seattle,2024-11-27
3909,Sarah,Turner,Female,1994-10-19,Low Value,Chicago,2024-12-02
3910,Joseph,Green,Male,2000-07-16,Low Value,Los Angeles,2025-01-17
3911,Jason,Torres,Female,2000-07-16,Low Value,Chicago,2022-05-04
3912,Anna,Cooper,Male,1965-09-24,Low Value,Los Angeles,2025-04-08
3913,Daniel,Morales,Male,1973-09-14,Medium Value,Chicago,2023-09-05
3914,Betty,Walker,Female,1966-09-19,Medium Value,Dallas,2024-01-07
3915,Michael,Baker,Female,1957-06-28,Low Value,Denver,2024-12-22
3916,Matthew,Morgan,Female,1987-01-27,Medium Value,Miami,2022-12-07
3917,Dorothy,Lopez,Male,1977-02-22,Low Value,Atlanta,2024-03-09
3918,Justin,Reyes,Female,2000-05-16,Low Value,Austin,2023-01-04
3919,Patricia,Clark,Female,1996-09-12,Low Value,Miami,2024-08-19
3920,Edward,Ortiz,Male,1959-10-28,Low Value,Los Angeles,2025-06-04
3921,Barbara,Thompson,Female,1997-04-05,Low Value,Atlanta,2022-01-02
3922,Lisa,Hall,Female,1968-11-19,Low Value,Seattle,2022-07-14
3923,Deborah,Scott,Female,1957-09-20,Medium Value,Dallas,2024-12-21
3924,Kimberly,Smith,Male,1956-04-12,Medium Value,Austin,2023-02-20
3925,Laura,Stewart,Male,1965-06-22,Low Value,Seattle,2022-01-19
3926,George,Cruz,Female,1959-07-27,Medium Value,Atlanta,2024-06-13
3927,George,Davis,Male,1986-07-06,Medium Value,Atlanta,2025-01-03
3928,Joshua,Cruz,Male,1977-01-22,Medium Value,Miami,2025-01-07
3929,George,Cooper,Male,1981-03-17,Low Value,San Francisco,2023-08-16
3930,Ronald,Clark,Male,1957-07-07,High Value,Los Angeles,2025-02-08
3931,Christopher,Gomez,Female,1962-09-25,Medium Value,Chicago,2023-03-01
3932,Angela,Torres,Male,2003-11-16,Medium Value,Seattle,2022-07-04
3933,Christine,Lewis,Female,1996-01-08,High Value,New York,2022-07-20
3934,Laura,Thompson,Female,2001-03-17,Medium Value,Seattle,2023-10-14
3935,Jonathan,Nelson,Male,1982-10-28,High Value,Austin,2025-03-23
3936,Katherine,Smith,Male,1985-05-17,High Value,Austin,2024-02-23
3937,Gregory,Davis,Male,1964-07-01,Medium Value,Seattle,2022-02-06
3938,Betty,Rogers,Female,2006-11-20,Low Value,New York,2024-02-17
3939,Emily,Martinez,Female,1954-07-13,Medium Value,Miami,2025-01-19
3940,Charles,Martinez,Male,1980-06-02,Low Value,Dallas,2023-07-15
3941,Brian,Wright,Male,2000-05-28,Medium Value,Chicago,2022-05-19
3942,Nancy,Gutierrez,Female,1976-01-06,Low Value,Los Angeles,2022-02-22
3943,Jason,Parker,Male,1981-02-09,Medium Value,Atlanta,2023-04-01
3944,David,Allen,Female,1982-10-25,Medium Value,Denver,2022-05-16
3945,Donna,Thompson,Male,1963-01-27,Medium Value,Dallas,2025-01-29
3946,Michael,Rogers,Male,1990-11-12,High Value,Dallas,2024-06-21
3947,Christopher,Turner,Male,1991-07-06,Low Value,Denver,2023-11-02
3948,Sarah,Scott,Male,2000-10-03,Low Value,Los Angeles,2023-08-28
3949,George,Garcia,Male,2000-03-16,Low Value,Seattle,2022-11-08
3950,Nicholas,Torres,Male,1971-01-25,Low Value,Miami,2024-09-13
3951,Scott,Wright,Male,1962-12-18,Low Value,Denver,2022-02-09
3952,Katherine,Allen,Female,2005-02-10,Medium Value,Atlanta,2023-05-19
3953,Angela,Green,Male,2004-01-11,Low Value,Chicago,2023-07-12
3954,Gregory,Wilson,Female,1974-10-01,High Value,Denver,2022-09-14
3955,Susan,Davis,Male,1992-01-16,Medium Value,Seattle,2024-08-21
3956,Frank,Martinez,Male,1983-02-16,Low Value,Seattle,2022-01-21
3957,Ronald,Ortiz,Female,1996-09-23,Low Value,Seattle,2024-12-21
3958,Anthony,Morris,Female,1971-05-20,Medium Value,Austin,2022-01-11
3959,Linda,Nguyen,Female,2003-08-09,High Value,New York,2025-02-17
3960,Eric,Clark,Female,1985-11-05,Low Value,Denver,2022-09-29
3961,James,Flores,Female,1966-10-08,High Value,Denver,2022-02-07
3962,Amy,Cruz,Female,1976-03-23,Medium Value,Austin,2023-08-17
3963,Debra,Gonzalez,Male,1980-04-13,Medium Value,Boston,2024-07-30
3964,Ashley,Baker,Male,1968-08-13,High Value,Seattle,2024-11-21
3965,Anthony,Rivera,Male,1968-10-12,Low Value,Dallas,2024-03-24
3966,Matthew,White,Female,1991-09-27,Low Value,Boston,2023-08-18
3967,Steven,Morales,Male,2006-12-10,Low Value,Boston,2023-07-12
3968,Dorothy,Jones,Female,1970-10-20,Medium Value,Chicago,2024-05-04
3969,George,Roberts,Female,1974-10-16,Medium Value,Boston,2024-02-28
3970,Rachel,Allen,Male,1954-06-16,Low Value,Los Angeles,2024-04-02
3971,Michael,Gutierrez,Male,2000-01-10,Low Value,New York,2024-10-14
3972,Margaret,Jones,Female,1983-12-06,Low Value,New York,2024-10-26
3973,William,Diaz,Female,1989-10-04,Medium Value,Austin,2024-08-05
3974,William,Thomas,Female,1955-05-18,Medium Value,Denver,2025-02-12
3975,Charles,Roberts,Male,1973-08-23,Medium Value,Dallas,2022-05-17
3976,Nancy,Morales,Male,2001-09-20,Low Value,Miami,2024-11-08
3977,Pamela,Rodriguez,Female,1992-07-01,Medium Value,Miami,2022-07-24
3978,Deborah,Harris,Female,1982-12-08,Low Value,Chicago,2023-07-24
3979,Jessica,Ortiz,Male,1973-06-19,Low Value,Austin,2022-02-14
3980,Steven,Gonzalez,Female,1970-12-10,High Value,Chicago,2023-07-11
3981,Jennifer,Martin,Female,1968-02-02,Medium Value,Minneapolis,2022-03-24
3982,Christopher,Evans,Female,1986-12-06,Low Value,Dallas,2024-10-27
3983,Karen,Collins,Female,1966-12-09,Low Value,Seattle,2024-09-21
3984,Deborah,Anderson,Male,2004-11-20,Low Value,Boston,2024-04-21
3985,Emily,Edwards,Female,1999-06-17,Low Value,Boston,2023-05-14
3986,Linda,Adams,Male,1965-10-24,High Value,Minneapolis,2025-04-23
3987,Ryan,Thomas,Female,1988-06-07,Medium Value,Minneapolis,2022-08-07
3988,Steven,Davis,Male,1963-06-13,High Value,Chicago,2022-09-05
3989,Kathleen,Reyes,Female,1975-03-16,Medium Value,Chicago,2022-11-15
3990,Susan,Cruz,Female,1980-04-24,High Value,Denver,2023-08-29
3991,Larry,Brown,Male,1997-05-07,Medium Value,Atlanta,2022-07-26
3992,Ronald,Moore,Female,1963-08-02,Low Value,Dallas,2023-10-01
3993,Pamela,Rodriguez,Male,1973-09-10,Medium Value,Austin,2024-09-15
3994,Stephanie,Reyes,Female,1985-03-21,Low Value,Chicago,2024-06-11
3995,Kenneth,Hall,Male,1955-11-27,Medium Value,Dallas,2022-05-13
3996,Mark,Lopez,Female,1961-03-26,High Value,Miami,2024-06-03
3997,Andrew,Smith,Female,1973-04-24,High Value,Miami,2022-11-18
3998,Larry,Scott,Female,1967-06-08,High Value,Minneapolis,2024-10-22
3999,Stephen,Johnson,Female,1976-09-03,Low Value,Los Angeles,2024-11-29
4000,Lisa,Anderson,Male,1967-07-25,Low Value,Boston,2025-02-21
4001,Sarah,Evans,Female,1960-06-04,Medium Value,Chicago,2023-12-14
4002,George,Lee,Male,1992-06-02,Medium Value,Atlanta,2024-10-06
4003,Thomas,Harris,Male,1974-11-19,Low Value,San Francisco,2025-01-23
4004,Brenda,Gomez,Female,1991-03-28,Medium Value,Austin,2024-06-01
4005,Kevin,Hall,Male,1957-06-03,Low Value,Boston,2025-04-17
4006,Elizabeth,Sanchez,Female,1983-09-09,Medium Value,San Francisco,2022-05-18
4007,Paul,Allen,Male,2004-06-17,High Value,Miami,2022-05-16
4008,Joseph,Sanchez,Male,1970-07-25,Medium Value,New York,2024-02-11
4009,Kevin,Young,Female,1962-03-05,Low Value,Miami,2024-07-09
4010,James,Wilson,Male,1970-09-23,High Value,New York,2024-06-25
4011,Jennifer,Allen,Female,1968-08-25,Medium Value,Seattle,2022-09-02
4012,Gary,Young,Male,1953-12-01,Low Value,Atlanta,2023-10-25
4013,Kevin,Rogers,Male,1955-09-04,High Value,Seattle,2023-03-20
4014,Robert,Anderson,Female,1997-12-02,Medium Value,Denver,2023-03-30
4015,Nicole,Jones,Female,1993-03-04,Low Value,Los Angeles,2022-07-19
4016,Sharon,Williams,Female,1961-11-03,Low Value,Dallas,2023-08-19
4017,Kimberly,Jackson,Female,1985-02-05,Low Value,Minneapolis,2023-12-12
4018,Christopher,Miller,Female,1982-05-20,Low Value,Atlanta,2023-06-24
4019,Scott,Martinez,Female,1964-07-01,High Value,San Francisco,2023-05-17
4020,Laura,Mitchell,Female,1979-11-12,Low Value,Boston,2022-09-03
4021,Angela,Gonzalez,Female,1966-01-10,Low Value,San Francisco,2022-04-28
4022,Donna,Gonzalez,Female,1978-05-12,Medium Value,Chicago,2022-10-23
4023,Matthew,Taylor,Female,2002-03-28,High Value,Los Angeles,2022-10-30
4024,Stephanie,Allen,Female,1959-03-14,Low Value,New York,2025-03-10
4025,Gary,Allen,Female,1973-09-13,Medium Value,New York,2022-01-28
4026,Pamela,Young,Male,1972-01-17,Medium Value,Los Angeles,2023-07-26
4027,Angela,Ortiz,Female,1975-10-18,High Value,Atlanta,2022-12-19
4028,Timothy,Sanchez,Female,1964-06-22,Medium Value,San Francisco,2022-10-18
4029,Sarah,Walker,Male,1979-09-08,Low Value,New York,2024-08-20
4030,Jonathan,Clark,Male,1992-12-20,Low Value,Minneapolis,2023-12-07
4031,Brenda,Jones,Female,1963-03-17,High Value,Chicago,2024-07-19
4032,Sharon,Taylor,Male,1989-05-12,High Value,Chicago,2024-03-02
4033,Ryan,Lewis,Female,2002-06-22,Medium Value,Los Angeles,2023-08-01
4034,Margaret,White,Male,1968-12-23,Low Value,New York,2024-06-02
4035,Pamela,Miller,Female,1980-07-21,Low Value,Boston,2023-06-11
4036,Michael,Gonzalez,Male,1958-11-28,Medium Value,Chicago,2025-02-03
4037,Brenda,Thompson,Female,1978-01-26,Low Value,New York,2024-07-04
4038,Samuel,Lewis,Female,1965-12-10,High Value,Dallas,2023-03-10
4039,Sarah,King,Male,1961-06-25,Medium Value,Boston,2023-01-07
4040,Alexander,Baker,Female,1956-03-04,Low Value,Miami,2024-12-12
4041,Andrew,Ortiz,Male,1972-07-02,Low Value,Los Angeles,2023-01-24
4042,Jonathan,Morales,Female,1987-09-28,High Value,Seattle,2022-02-02
4043,Dorothy,Nelson,Female,1997-11-23,Low Value,San Francisco,2023-05-21
4044,Cynthia,Stewart,Female,1956-07-19,Low Value,Minneapolis,2023-05-16
4045,Donald,Taylor,Female,1994-11-02,Low Value,Dallas,2023-10-12
4046,Debra,Stewart,Female,1990-05-14,Low Value,Minneapolis,2024-07-15
4047,Margaret,Turner,Female,2000-02-28,Low Value,Los Angeles,2023-10-29
4048,Justin,Moore,Female,1998-02-04,Medium Value,Minneapolis,2024-06-16
4049,Benjamin,Miller,Female,1958-10-09,Medium Value,Boston,2024-09-25
4050,Nicholas,Carter,Male,2006-06-10,Low Value,San Francisco,2024-10-07
4051,Stephen,Martin,Female,2004-03-01,Medium Value,Chicago,2022-09-10
4052,Daniel,Cook,Female,2005-07-22,Medium Value,Austin,2024-03-20
4053,Carol,Baker,Female,1959-05-28,Low Value,San Francisco,2022-03-29
4054,Benjamin,Johnson,Male,1995-09-01,Low Value,Chicago,2023-12-25
4055,Paul,Lee,Male,1995-03-16,Low Value,Miami,2023-08-24
4056,Jason,Hall,Female,1998-11-05,Medium Value,San Francisco,2024-11-23
4057,Joseph,Collins,Female,1960-10-15,Low Value,Dallas,2022-05-11
4058,Anthony,Walker,Female,1973-04-14,Medium Value,Boston,2024-07-05
4059,Steven,Taylor,Male,1977-06-18,Medium Value,Boston,2023-02-28
4060,Scott,Lopez,Female,1969-01-16,High Value,Boston,2023-01-09
4061,David,Jones,Female,1983-05-13,Low Value,Austin,2024-04-24
4062,Jacob,Martin,Female,2003-12-03,High Value,Boston,2022-12-15
4063,Jason,Cook,Female,1995-04-26,High Value,Minneapolis,2022-11-11
4064,Charles,Campbell,Female,1973-09-15,Low Value,Minneapolis,2024-02-17
4065,Jacob,Lopez,Male,2000-01-22,High Value,Boston,2023-04-04
4066,Stephanie,Wright,Female,1999-07-24,Low Value,Miami,2022-05-28
4067,Brandon,Clark,Female,1995-07-22,High Value,Los Angeles,2025-03-19
4068,Kevin,Gomez,Female,1997-05-09,Medium Value,Los Angeles,2022-03-20
4069,Ronald,Phillips,Female,1966-01-02,Medium Value,Miami,2024-03-09
4070,Melissa,Martinez,Male,1977-05-02,Medium Value,Boston,2022-04-24
4071,Barbara,Clark,Male,2000-11-12,Low Value,Los Angeles,2024-09-02
4072,Anna,Turner,Male,1976-03-16,Low Value,Miami,2025-05-04
4073,Jeffrey,Collins,Female,1983-12-02,Medium Value,Denver,2024-11-24
4074,Jacob,Lopez,Male,1964-12-19,Medium Value,San Francisco,2025-05-16
4075,Amy,Johnson,Male,1956-11-05,Medium Value,San Francisco,2022-08-03
4076,Jacob,King,Male,1979-01-06,Medium Value,New York,2025-01-21
4077,Kathleen,Morris,Female,1958-12-05,Low Value,Minneapolis,2022-05-19
4078,William,Rivera,Female,2003-07-25,Medium Value,New York,2024-01-17
4079,Mark,Mitchell,Male,1976-03-23,Medium Value,Atlanta,2024-10-01
4080,Matthew,Smith,Female,2003-11-05,Medium Value,Dallas,2022-12-30
4081,Melissa,Jackson,Male,1987-08-17,Medium Value,San Francisco,2024-02-07
4082,Joshua,Morales,Female,1963-07-17,Medium Value,Miami,2024-10-18
4083,Carol,Jones,Female,1982-11-05,Medium Value,Atlanta,2022-01-21
4084,Rachel,Miller,Female,1986-09-02,Medium Value,Atlanta,2024-04-05
4085,Patricia,Baker,Female,1987-02-21,Medium Value,Chicago,2022-01-22
4086,Gary,Morales,Female,2004-05-09,Medium Value,Boston,2025-04-19
4087,Timothy,Harris,Female,2006-07-26,Medium Value,Miami,2023-11-08
4088,Jeffrey,Cruz,Female,1970-12-19,Low Value,Austin,2023-02-11
4089,Karen,Parker,Male,1963-09-04,Low Value,San Francisco,2023-12-08
4090,Anthony,Murphy,Female,1968-05-11,Medium Value,Chicago,2022-12-04
4091,Katherine,Smith,Female,1969-08-05,High Value,Austin,2024-09-06
4092,Christopher,Martinez,Female,1970-06-19,Medium Value,Boston,2024-04-19
4093,Justin,Anderson,Female,1991-09-03,Low Value,Boston,2024-09-19
4094,George,Clark,Female,1992-08-21,Medium Value,Atlanta,2024-12-09
4095,Christine,Campbell,Female,1981-02-08,Low Value,New York,2025-06-07
4096,Scott,Roberts,Female,1957-07-08,Medium Value,San Francisco,2023-11-26
4097,Emily,Walker,Female,1981-11-06,High Value,New York,2024-11-05
4098,Stephanie,Martinez,Female,2003-10-03,Low Value,Atlanta,2024-11-29
4099,Thomas,White,Male,2005-10-02,Low Value,Miami,2022-05-03
4100,Brian,Anderson,Female,1981-04-13,Medium Value,Denver,2023-08-06
4101,Pamela,Lewis,Male,1970-05-06,Medium Value,Seattle,2024-08-19
4102,Ashley,Davis,Male,2002-07-11,Medium Value,Los Angeles,2023-02-03
4103,Kenneth,Cooper,Female,1954-10-13,Medium Value,Dallas,2022-09-03
4104,Brenda,Morales,Female,2001-11-11,Medium Value,Miami,2025-02-04
4105,Matthew,Reyes,Female,1980-04-02,Low Value,San Francisco,2024-07-22
4106,Laura,Roberts,Male,1979-01-19,Low Value,Boston,2024-10-18
4107,Mary,Davis,Female,1996-11-10,Low Value,Seattle,2022-04-05
4108,Christopher,Brown,Female,1996-02-01,Low Value,Boston,2023-01-08
4109,Charles,Edwards,Female,1986-03-12,Medium Value,Seattle,2022-02-02
4110,Brian,Diaz,Male,1984-02-03,Medium Value,Boston,2023-02-21
4111,Nancy,Scott,Female,2004-11-11,High Value,Atlanta,2025-04-23
4112,Debra,Jones,Female,1985-11-17,High Value,Seattle,2023-11-06
4113,George,Sanchez,Male,2000-07-11,Low Value,San Francisco,2022-10-18
4114,Robert,Collins,Female,2000-12-01,High Value,Denver,2023-01-24
4115,Cynthia,White,Female,1957-03-18,Medium Value,New York,2025-01-26
4116,Lisa,Morris,Male,1986-06-08,Medium Value,Boston,2025-02-14
4117,Michelle,Hernandez,Male,1967-08-04,Medium Value,Boston,2024-05-22
4118,Shirley,Ramirez,Female,1955-07-18,Low Value,Seattle,2024-10-24
4119,Jason,Cruz,Male,1963-04-18,Medium Value,Austin,2024-04-27
4120,Deborah,Hall,Female,1989-06-15,Low Value,Los Angeles,2023-11-01
4121,Katherine,Cruz,Female,1983-11-05,Low Value,Denver,2023-08-25
4122,Patricia,Cooper,Male,1973-06-17,High Value,Boston,2023-12-03
4123,Jacob,Martin,Female,1955-09-01,Medium Value,Dallas,2022-08-22
4124,Linda,Reyes,Female,2000-05-19,High Value,Los Angeles,2024-02-16
4125,Rachel,Anderson,Female,1958-06-21,Low Value,Denver,2024-06-13
4126,Emily,Cruz,Male,1995-11-12,High Value,Chicago,2023-10-01
4127,Thomas,Morris,Male,1954-07-28,Low Value,San Francisco,2022-03-18
4128,Samantha,Walker,Female,1974-07-21,Low Value,Denver,2024-11-02
4129,Christine,Gomez,Male,1966-09-07,Medium Value,Austin,2022-10-14
4130,Angela,Gonzalez,Female,1984-01-17,Medium Value,Minneapolis,2023-12-17
4131,Samuel,White,Female,1969-05-21,Low Value,Miami,2025-06-08
4132,Carolyn,Young,Female,1995-10-02,Low Value,Chicago,2023-06-17
4133,Paul,Cooper,Male,2004-12-14,Low Value,Boston,2023-10-10
4134,Joseph,Cruz,Female,1956-10-19,Low Value,Atlanta,2023-03-08
4135,Ronald,Evans,Male,1987-09-04,Low Value,Los Angeles,2023-04-16
4136,Anna,Wilson,Female,1996-03-18,Medium Value,New York,2022-07-27
4137,Stephanie,Martin,Female,1976-08-08,High Value,New York,2023-12-17
4138,Rebecca,Cook,Female,1981-07-06,Low Value,Dallas,2025-04-11
4139,Gary,Scott,Female,1976-01-18,Low Value,Chicago,2024-11-01
4140,Sandra,Lewis,Female,1958-06-25,High Value,Boston,2024-05-18
4141,David,King,Female,2006-05-15,Low Value,New York,2023-11-13
4142,Deborah,White,Male,1980-05-10,Low Value,Denver,2024-10-21
4143,Scott,Torres,Female,1999-06-09,Low Value,New York,2025-03-20
4144,Dorothy,Garcia,Male,1969-10-17,Low Value,Boston,2022-10-04
4145,Jeffrey,Young,Male,1991-07-11,High Value,Minneapolis,2022-12-22
4146,Gary,Torres,Male,1995-11-04,Medium Value,Seattle,2023-07-08
4147,Matthew,Rivera,Male,1965-05-05,Medium Value,Denver,2024-02-29
4148,Karen,Lopez,Female,1966-09-09,Low Value,New York,2024-01-08
4149,Paul,Taylor,Female,1993-06-25,Low Value,Dallas,2023-11-26
4150,Angela,Scott,Male,1994-09-06,High Value,Minneapolis,2022-11-17
4151,Anthony,Flores,Male,1955-12-22,Low Value,Dallas,2023-03-10
4152,Karen,Evans,Male,1983-03-15,Medium Value,Los Angeles,2024-04-18
4153,Jeffrey,Nguyen,Female,1980-10-11,Low Value,Atlanta,2022-09-11
4154,Jonathan,Edwards,Female,1993-12-15,Medium Value,Seattle,2022-11-06
4155,Elizabeth,Sanchez,Male,1979-08-12,Low Value,Miami,2022-11-18
4156,Edward,Cook,Female,1969-12-27,Low Value,San Francisco,2022-01-10
4157,Christine,Diaz,Female,1981-11-17,Low Value,Los Angeles,2022-03-07
4158,Susan,Morris,Male,1981-10-01,Medium Value,Denver,2022-03-26
4159,Matthew,Sanchez,Male,1959-11-11,Low Value,Miami,2022-07-16
4160,Emily,Cooper,Female,2005-01-06,Medium Value,Los Angeles,2025-01-06
4161,Nicholas,Ortiz,Male,2006-12-24,Low Value,San Francisco,2024-01-19
4162,Emily,Walker,Female,1989-08-18,Medium Value,New York,2023-05-19
4163,Justin,Hernandez,Female,1954-11-13,High Value,Austin,2024-05-10
4164,Melissa,Davis,Female,1971-07-02,Medium Value,Dallas,2022-12-24
4165,Stephen,Taylor,Female,1962-06-04,Low Value,Miami,2022-10-27
4166,Ashley,Baker,Male,1955-07-05,High Value,New York,2023-08-16
4167,Brandon,Murphy,Female,1994-01-13,Low Value,Dallas,2024-12-08
4168,Samuel,Rivera,Female,1964-07-17,Medium Value,Austin,2024-02-06
4169,Stephen,Lopez,Female,2001-07-18,Low Value,Miami,2022-08-21
4170,Jacob,Sanchez,Male,1956-09-22,High Value,Boston,2023-07-29
4171,Samantha,Johnson,Male,1991-03-01,Medium Value,Chicago,2024-03-12
4172,James,Thompson,Female,1994-05-16,Medium Value,Seattle,2023-10-31
4173,William,Robinson,Male,1963-08-08,High Value,Atlanta,2023-11-08
4174,Daniel,Moore,Male,1989-08-22,High Value,Miami,2023-11-03
4175,Stephen,Nguyen,Male,1984-06-10,Low Value,Los Angeles,2024-11-02
4176,Scott,Wright,Female,1982-09-02,Medium Value,Chicago,2025-03-21
4177,Margaret,Phillips,Female,1979-10-27,Medium Value,Atlanta,2023-12-19
4178,Samuel,Williams,Female,1970-06-18,Medium Value,Los Angeles,2024-01-10
4179,Dorothy,Jones,Female,1992-10-02,Medium Value,Minneapolis,2024-06-27
4180,Sandra,Campbell,Male,1990-12-17,Medium Value,Chicago,2023-03-06
4181,Alexander,Turner,Female,1990-07-09,High Value,Chicago,2022-06-20
4182,Anthony,Adams,Male,1964-01-28,High Value,Austin,2022-12-23
4183,Elizabeth,Roberts,Male,2000-05-05,Medium Value,Austin,2023-04-10
4184,Michael,Martin,Female,1965-02-01,Medium Value,New York,2024-07-08
4185,Kenneth,Reyes,Female,2000-05-02,Low Value,Denver,2025-05-21
4186,Stephen,Martinez,Male,1991-12-01,Low Value,Chicago,2023-11-13
4187,Katherine,Rivera,Male,1963-07-08,Medium Value,Denver,2022-06-28
4188,Lisa,King,Female,1960-04-21,High Value,Chicago,2023-01-16
4189,Amy,Gonzalez,Female,1956-07-14,Low Value,Denver,2022-02-14
4190,George,Edwards,Male,1981-08-10,Low Value,New York,2025-04-02
4191,Amanda,Harris,Female,1962-03-23,Low Value,Boston,2025-06-19
4192,Christopher,Gomez,Female,1960-06-17,Low Value,Boston,2024-12-06
4193,Rebecca,Young,Male,1959-08-04,Low Value,Denver,2022-08-21
4194,Joseph,Lee,Female,1971-12-26,Medium Value,Atlanta,2024-01-17
4195,Margaret,Martinez,Female,1996-04-15,Low Value,New York,2024-08-20
4196,Barbara,Smith,Female,1996-07-13,Medium Value,San Francisco,2023-10-13
4197,James,Harris,Female,1969-01-04,Low Value,Miami,2022-07-05
4198,Dorothy,Brown,Male,1977-02-07,Low Value,Miami,2022-08-21
4199,Jonathan,Lewis,Male,1958-11-17,Low Value,Miami,2022-06-29
4200,Kenneth,Stewart,Male,1990-07-12,Medium Value,Austin,2022-03-04
4201,Donna,Taylor,Female,2002-07-24,Low Value,Chicago,2024-06-15
4202,Elizabeth,Thomas,Female,1979-05-07,Low Value,Seattle,2022-12-20
4203,Jessica,Allen,Male,1983-06-10,Medium Value,Miami,2024-06-12
4204,Thomas,Robinson,Male,2006-01-21,Low Value,Austin,2023-08-25
4205,Jason,Rogers,Male,1969-07-02,Medium Value,Los Angeles,2025-05-08
4206,Brandon,Martin,Female,1968-05-23,Medium Value,Austin,2022-10-28
4207,Jason,Allen,Female,1973-04-25,High Value,Los Angeles,2024-06-06
4208,Mary,Parker,Female,1955-06-21,High Value,Seattle,2023-03-13
4209,Mark,Nguyen,Male,1994-07-24,Low Value,Los Angeles,2022-01-25
4210,Katherine,Morris,Male,1987-07-19,Low Value,Miami,2024-07-16
4211,Mary,Scott,Male,1959-12-22,Low Value,Denver,2023-07-24
4212,Donald,Walker,Female,1970-12-08,Low Value,Denver,2025-05-31
4213,Robert,Gonzalez,Female,1995-07-17,High Value,Denver,2024-01-14
4214,Kenneth,Miller,Female,1969-01-26,Medium Value,San Francisco,2022-02-07
4215,Samantha,Gomez,Female,1988-10-23,Medium Value,Boston,2022-02-06
4216,Carol,Rivera,Male,1955-10-12,Low Value,Boston,2022-11-10
4217,Karen,Roberts,Female,1978-09-02,Low Value,Austin,2025-05-26
4218,Elizabeth,Diaz,Female,1993-02-03,Medium Value,San Francisco,2023-07-06
4219,Daniel,Morales,Female,1985-11-20,Medium Value,Chicago,2024-12-27
4220,Ronald,Cook,Male,2004-04-03,High Value,New York,2022-08-30
4221,Stephen,Martin,Male,2002-03-07,Low Value,Los Angeles,2023-01-15
4222,Brian,Smith,Male,2005-12-23,Medium Value,Los Angeles,2023-12-06
4223,Jason,Thompson,Male,1997-08-23,Low Value,New York,2023-06-19
4224,Kathleen,Murphy,Male,1965-03-07,Low Value,Denver,2023-04-22
4225,Richard,Flores,Male,1999-03-01,Medium Value,San Francisco,2022-03-13
4226,Kimberly,Anderson,Female,1976-11-17,High Value,Boston,2025-06-16
4227,Larry,Moore,Female,1995-06-08,Low Value,Miami,2022-01-05
4228,Frank,Morales,Female,1984-10-26,Low Value,Minneapolis,2024-03-20
4229,Anthony,Collins,Female,1990-06-15,Medium Value,Dallas,2022-07-23
4230,Thomas,Martin,Male,1958-04-11,High Value,New York,2022-05-31
4231,Patricia,Stewart,Male,1974-04-12,High Value,Miami,2023-06-17
4232,Susan,Perez,Female,1966-03-27,High Value,Minneapolis,2023-04-13
4233,Ashley,Ortiz,Female,2001-06-23,High Value,Boston,2025-03-24
4234,Ashley,Morris,Male,1953-09-12,Low Value,Atlanta,2024-11-29
4235,Mark,Anderson,Male,1980-12-18,High Value,Dallas,2022-04-21
4236,Cynthia,Rodriguez,Male,1976-02-20,High Value,Los Angeles,2024-07-08
4237,Emma,Smith,Male,1965-08-21,Low Value,Seattle,2024-06-15
4238,Richard,Lewis,Male,2003-04-15,Low Value,Chicago,2025-03-23
4239,Kenneth,Flores,Female,1954-08-28,Low Value,Boston,2022-02-01
4240,Carol,Cook,Female,1986-03-28,Low Value,Los Angeles,2025-02-04
4241,Debra,Thompson,Male,1989-11-24,Medium Value,Los Angeles,2023-10-22
4242,Gary,Morris,Female,1990-09-25,Low Value,Dallas,2024-11-21
4243,William,Mitchell,Female,1980-05-04,Low Value,Denver,2023-04-26
4244,Timothy,Evans,Male,1979-11-16,Low Value,Chicago,2024-04-02
4245,Richard,Rodriguez,Male,1998-07-23,Low Value,New York,2025-04-23
4246,Scott,Young,Male,1984-04-24,Low Value,New York,2023-06-08
4247,Samantha,Martinez,Female,1982-01-25,Medium Value,Los Angeles,2023-03-09
4248,Michael,Johnson,Male,1971-06-17,High Value,Dallas,2022-10-22
4249,Cynthia,Hill,Female,1961-05-14,Medium Value,Atlanta,2024-09-06
4250,Linda,Diaz,Female,1974-03-19,Low Value,Miami,2023-11-18
4251,Samantha,Thomas,Female,1961-01-27,Low Value,Boston,2022-03-12
4252,Sandra,Green,Male,1997-12-11,Low Value,Chicago,2025-01-05
4253,Emma,King,Female,1970-06-14,Low Value,Denver,2024-07-03
4254,Cynthia,King,Male,1971-03-02,Medium Value,Denver,2024-01-11
4255,Frank,Adams,Female,1979-08-26,High Value,Seattle,2022-12-23
4256,Kenneth,Young,Female,1955-01-03,Low Value,Los Angeles,2022-06-10
4257,Stephanie,Morris,Male,1954-10-03,Low Value,Seattle,2023-07-11
4258,James,Miller,Female,1953-01-10,High Value,Chicago,2024-04-24
4259,Stephanie,Ortiz,Female,2003-04-10,Low Value,Minneapolis,2024-06-21
4260,Andrew,Jackson,Male,1971-07-14,Medium Value,Dallas,2024-05-14
4261,Carolyn,Stewart,Male,1991-06-24,High Value,New York,2024-11-04
4262,Stephanie,Rivera,Male,1964-11-22,High Value,Denver,2022-08-29
4263,Michelle,Walker,Male,1959-06-01,Low Value,Boston,2022-05-25
4264,Rachel,Scott,Female,1983-08-28,Low Value,Minneapolis,2023-01-22
4265,Benjamin,Garcia,Male,1997-04-25,Low Value,Dallas,2022-09-07
4266,Christopher,Campbell,Male,1972-07-04,Medium Value,Austin,2023-08-23
4267,George,Cook,Female,1991-03-09,Medium Value,Miami,2025-01-15
4268,Barbara,Walker,Male,1981-11-05,Low Value,Seattle,2023-07-26
4269,Justin,Collins,Male,2000-12-11,High Value,San Francisco,2023-06-30
4270,John,Smith,Female,1989-11-10,Medium Value,Austin,2025-01-19
4271,Samuel,Nguyen,Male,1988-12-27,Medium Value,Atlanta,2022-02-07
4272,Amy,Gomez,Male,1995-11-22,Medium Value,Boston,2023-06-06
4273,Cynthia,Ortiz,Male,1955-06-08,Low Value,Seattle,2023-12-20
4274,Jessica,Diaz,Female,1961-09-19,Medium Value,Boston,2024-06-10
4275,Linda,Hernandez,Female,1990-02-20,Low Value,Los Angeles,2022-12-02
4276,Pamela,Clark,Female,1960-08-14,Medium Value,San Francisco,2022-02-01
4277,Kenneth,Anderson,Female,1954-11-12,Medium Value,Miami,2023-03-12
4278,Gary,Garcia,Female,1995-05-28,Low Value,Seattle,2024-09-04
4279,Paul,Jones,Male,1975-08-28,Low Value,Boston,2022-04-24
4280,Carolyn,Hernandez,Male,1976-06-10,Low Value,Seattle,2022-03-15
4281,Ryan,Adams,Female,1961-06-13,Medium Value,Miami,2023-06-14
4282,Melissa,Baker,Female,1999-06-23,Low Value,Miami,2024-03-10
4283,Anthony,Walker,Female,2005-06-23,Low Value,Seattle,2022-01-07
4284,Larry,Baker,Male,1966-01-22,High Value,Boston,2024-08-20
4285,Jacob,Roberts,Male,1989-06-22,Low Value,Atlanta,2024-10-16
4286,Christopher,Diaz,Female,2005-07-01,Medium Value,Los Angeles,2024-05-17
4287,Dorothy,Parker,Male,1996-05-09,High Value,Atlanta,2025-05-13
4288,Betty,Campbell,Female,1955-01-16,Low Value,San Francisco,2022-07-30
4289,Dorothy,Ortiz,Female,1969-03-09,High Value,Boston,2023-08-13
4290,Stephanie,Harris,Male,1996-07-19,High Value,Denver,2024-08-22
4291,Brian,Jones,Male,1959-07-20,Medium Value,New York,2025-06-09
4292,Anthony,Miller,Male,1983-11-02,Medium Value,Chicago,2023-02-07
4293,Justin,Williams,Female,1962-04-25,Medium Value,Boston,2022-12-31
4294,Emily,Torres,Male,1959-09-01,Low Value,New York,2025-03-28
4295,Jessica,Thompson,Male,1989-05-14,High Value,Seattle,2022-05-20
4296,Scott,Gonzalez,Female,1969-07-12,Medium Value,San Francisco,2022-06-18
4297,Sandra,Davis,Male,1976-10-13,Low Value,Austin,2025-04-02
4298,Matthew,Clark,Female,1999-08-12,Low Value,Miami,2023-08-11
4299,Stephanie,Young,Female,1983-12-16,Medium Value,Los Angeles,2025-01-31
4300,Mary,Thompson,Male,1981-08-26,Low Value,Dallas,2022-06-12
4301,Rebecca,Lee,Male,1975-01-27,Medium Value,Denver,2022-11-20
4302,Emily,Flores,Male,1996-12-17,Low Value,Los Angeles,2022-10-22
4303,Gary,Walker,Female,1999-09-22,Medium Value,Atlanta,2023-07-04
4304,Shirley,Parker,Male,1981-03-17,Medium Value,Boston,2024-10-16
4305,Michael,Nguyen,Male,1954-08-13,Low Value,Minneapolis,2022-12-05
4306,Kenneth,White,Female,2006-12-10,Low Value,New York,2024-09-22
4307,Charles,Williams,Male,1971-01-09,Low Value,New York,2022-01-17
4308,Sarah,Scott,Male,1968-12-08,High Value,Boston,2023-01-04
4309,Donna,Gomez,Male,1967-06-11,High Value,Chicago,2023-03-06
4310,Patricia,Anderson,Male,1999-06-17,Medium Value,Seattle,2024-06-26
4311,Mark,Morris,Male,1956-12-02,Low Value,Minneapolis,2022-05-15
4312,Larry,Harris,Female,1958-08-12,Low Value,Austin,2024-10-20
4313,Carolyn,Cruz,Male,1966-08-07,Low Value,Los Angeles,2024-09-12
4314,James,Gonzalez,Male,1995-05-19,Medium Value,Dallas,2022-06-07
4315,Christopher,King,Male,1953-01-14,Medium Value,New York,2024-02-20
4316,Rebecca,Miller,Female,1963-11-11,Low Value,New York,2023-07-09
4317,Emily,Stewart,Male,1958-02-27,Low Value,Atlanta,2022-03-05
4318,Amanda,Miller,Female,1958-06-24,Low Value,Los Angeles,2022-08-19
4319,Linda,Martin,Female,1983-07-20,Low Value,Los Angeles,2023-07-16
4320,Gary,Parker,Female,1979-01-28,Medium Value,Denver,2024-10-25
4321,Kenneth,Stewart,Male,1975-01-27,High Value,Seattle,2023-09-27
4322,Stephanie,King,Male,1995-12-23,Medium Value,Atlanta,2022-08-13
4323,Kimberly,Wilson,Female,2000-09-06,Low Value,Boston,2022-08-12
4324,Timothy,Davis,Male,1976-09-01,Medium Value,New York,2023-11-08
4325,Rebecca,Morales,Male,2000-09-13,Low Value,Denver,2023-06-22
4326,Emily,Moore,Female,1992-05-25,Low Value,Dallas,2024-10-08
4327,Carolyn,Hall,Male,1955-02-11,Medium Value,New York,2024-11-14
4328,Edward,Rogers,Male,1969-10-15,Medium Value,Chicago,2023-06-06
4329,Donna,Martin,Male,1953-08-13,Medium Value,Miami,2024-06-18
4330,Kimberly,Lewis,Male,1980-06-19,High Value,Boston,2023-04-08
4331,Ronald,Evans,Female,2000-02-22,Medium Value,Chicago,2022-09-06
4332,Robert,Brown,Female,2003-08-14,High Value,Chicago,2024-07-25
4333,James,Edwards,Male,1983-09-09,Medium Value,Dallas,2024-01-24
4334,Amy,Morris,Female,2004-01-14,Medium Value,Austin,2022-07-09
4335,Stephen,Robinson,Male,1972-10-28,Medium Value,New York,2022-01-22
4336,Joseph,Campbell,Male,1963-08-06,Medium Value,Minneapolis,2024-09-20
4337,Emily,Miller,Female,1986-11-19,High Value,New York,2022-04-03
4338,Andrew,Reyes,Female,1993-07-19,Low Value,Minneapolis,2025-01-09
4339,Amanda,Phillips,Male,2004-03-02,Medium Value,Atlanta,2022-07-16
4340,Karen,Rivera,Male,1984-11-02,Low Value,New York,2022-12-11
4341,Donald,Collins,Female,1956-04-12,Low Value,Denver,2025-06-29
4342,Timothy,Martinez,Female,1980-12-14,Low Value,Dallas,2024-04-11
4343,Matthew,Roberts,Female,1956-03-25,Medium Value,Denver,2024-02-09
4344,Linda,Jackson,Male,1964-06-28,Medium Value,Seattle,2025-01-30
4345,Brandon,Wright,Female,1954-10-15,Low Value,Atlanta,2024-08-06
4346,Richard,Morgan,Female,1965-11-10,Low Value,New York,2022-04-15
4347,Emma,Nguyen,Female,1985-05-08,Low Value,Minneapolis,2025-02-28
4348,Emily,Parker,Male,1956-04-23,Low Value,Denver,2024-04-28
4349,Robert,Roberts,Female,1970-10-28,Medium Value,Miami,2024-02-03
4350,Dorothy,Miller,Female,1993-06-24,Low Value,Atlanta,2022-04-29
4351,Christine,Ortiz,Female,1989-01-06,Medium Value,Boston,2024-01-25
4352,Carol,Miller,Male,1960-10-18,Low Value,Denver,2023-11-04
4353,Emma,Torres,Male,1964-08-10,Medium Value,Chicago,2024-11-11
4354,Jeffrey,Lee,Male,1975-06-08,High Value,Dallas,2022-10-14
4355,Deborah,Davis,Female,1960-04-11,Medium Value,Dallas,2022-06-15
4356,Alexander,Hall,Female,1953-12-12,Medium Value,New York,2025-06-28
4357,Barbara,Rogers,Female,1954-06-24,Low Value,New York,2022-07-28
4358,Kathleen,King,Male,1993-01-09,Low Value,Minneapolis,2022-05-19
4359,Margaret,Martin,Male,1983-07-23,High Value,San Francisco,2024-02-23
4360,Cynthia,Lewis,Female,1985-08-27,Medium Value,San Francisco,2025-03-07
4361,Anthony,Miller,Male,1977-01-12,Medium Value,Austin,2022-04-03
4362,Anthony,Morris,Male,1966-10-28,Low Value,Seattle,2022-10-08
4363,Larry,Lewis,Male,1980-07-19,Low Value,Seattle,2024-06-01
4364,Alexander,Harris,Female,1958-11-10,Low Value,Minneapolis,2025-05-05
4365,Stephen,Thomas,Female,1976-01-25,Medium Value,Atlanta,2022-08-11
4366,Christine,Wilson,Male,1987-08-20,Medium Value,Atlanta,2024-04-21
4367,Thomas,Sanchez,Male,1953-05-05,Medium Value,Los Angeles,2023-03-31
4368,Susan,Roberts,Male,1953-03-11,Low Value,Chicago,2022-11-11
4369,Michelle,Young,Male,2002-09-14,Medium Value,Austin,2023-09-13
4370,Stephanie,Garcia,Male,2000-03-15,Medium Value,Denver,2024-11-02
4371,Edward,Cook,Male,1954-06-07,Medium Value,Boston,2022-04-29
4372,Betty,Harris,Male,1955-10-15,High Value,Chicago,2025-04-04
4373,Michael,Reyes,Female,1976-02-17,Low Value,Minneapolis,2022-10-11
4374,Matthew,Phillips,Female,1982-09-22,Medium Value,Dallas,2022-05-20
4375,Mary,Johnson,Female,1977-07-28,Low Value,Atlanta,2024-12-08
4376,Nicole,Miller,Female,1972-12-28,Medium Value,Dallas,2025-01-19
4377,Jason,Cooper,Male,2002-02-22,Medium Value,Boston,2022-11-18
4378,Anna,Cruz,Female,1953-04-04,Medium Value,Chicago,2024-12-23
4379,Samantha,Cooper,Male,1975-12-09,Low Value,Seattle,2024-07-22
4380,Jonathan,Young,Female,1965-05-14,Medium Value,Denver,2024-07-26
4381,Linda,White,Female,1959-04-03,Low Value,Miami,2022-03-02
4382,Joshua,Davis,Female,1973-11-20,Medium Value,San Francisco,2023-09-14
4383,Brenda,Johnson,Female,2006-12-07,Medium Value,Boston,2023-11-16
4384,Susan,Taylor,Female,1979-12-28,Medium Value,Atlanta,2022-02-17
4385,Kenneth,Morales,Female,1987-11-04,Low Value,Los Angeles,2024-06-19
4386,Jessica,Morris,Male,1995-06-13,Medium Value,Dallas,2025-05-01
4387,Ashley,Sanchez,Female,2006-02-16,High Value,Atlanta,2023-04-08
4388,Edward,Parker,Female,1961-01-17,Low Value,Seattle,2024-06-21
4389,Steven,Johnson,Female,2001-02-11,Medium Value,Boston,2024-04-12
4390,Angela,Green,Female,2006-07-11,High Value,Miami,2023-12-05
4391,Kevin,Diaz,Female,1978-08-06,High Value,San Francisco,2025-05-28
4392,Sharon,Stewart,Male,1992-05-02,Low Value,Austin,2022-07-22
4393,Sandra,Gutierrez,Male,1963-08-23,Medium Value,Los Angeles,2025-01-05
4394,Betty,Morgan,Male,1995-10-17,High Value,Austin,2024-01-04
4395,Lisa,Evans,Female,1980-02-02,Medium Value,Los Angeles,2024-02-03
4396,Brenda,Flores,Male,1965-08-21,Low Value,New York,2025-04-02
4397,Benjamin,Campbell,Male,1953-11-13,High Value,Chicago,2022-06-08
4398,Stephanie,Jones,Female,1990-07-03,Low Value,Seattle,2022-03-16
4399,Michael,Wilson,Male,1980-07-12,Medium Value,Miami,2023-10-24
4400,Robert,Miller,Male,1959-08-17,Low Value,Seattle,2022-09-24
4401,Christine,Lee,Female,2004-01-21,Medium Value,Denver,2022-09-25
4402,Rachel,Sanchez,Female,1956-08-25,High Value,Los Angeles,2024-04-23
4403,Larry,Wilson,Female,1955-12-15,Low Value,Chicago,2024-04-07
4404,Kathleen,Lopez,Male,1966-11-09,Low Value,Chicago,2024-01-03
4405,Daniel,Jackson,Female,1982-07-26,Medium Value,Seattle,2025-03-24
4406,Amanda,Moore,Female,1980-11-22,High Value,Denver,2023-10-18
4407,Alexander,King,Female,1958-02-14,High Value,Chicago,2024-02-05
4408,Stephen,Morgan,Male,1999-08-11,Medium Value,Denver,2025-02-22
4409,Linda,King,Male,1999-02-22,Low Value,Denver,2022-12-02
4410,Sandra,Miller,Male,2004-02-13,Low Value,Seattle,2022-02-11
4411,Anna,Murphy,Male,1982-12-09,Low Value,Seattle,2023-08-12
4412,Nicole,Flores,Male,1975-11-15,Medium Value,Atlanta,2024-10-18
4413,Donna,Stewart,Male,1982-03-09,Low Value,Miami,2024-03-16
4414,Karen,Rogers,Female,1966-11-25,High Value,Seattle,2022-01-21
4415,John,Jones,Male,1991-10-15,Medium Value,Atlanta,2022-12-22
4416,William,Carter,Male,1993-05-05,High Value,New York,2022-09-17
4417,Michael,White,Female,1971-09-19,High Value,New York,2024-01-15
4418,George,Ortiz,Male,2000-05-08,Low Value,Seattle,2023-12-20
4419,Christine,Jackson,Male,2002-04-10,Low Value,Los Angeles,2023-07-18
4420,Angela,Williams,Male,1979-11-07,Low Value,New York,2023-05-06
4421,Donald,Adams,Female,1981-09-24,Low Value,Miami,2023-10-30
4422,Frank,Thomas,Male,1962-09-06,Low Value,New York,2022-05-27
4423,Richard,Rogers,Male,1958-06-09,Low Value,Seattle,2025-02-07
4424,Katherine,Collins,Female,1956-08-02,Low Value,Denver,2024-06-28
4425,Katherine,Phillips,Male,1961-07-22,Medium Value,Los Angeles,2024-04-08
4426,Thomas,Diaz,Male,1974-08-05,Low Value,Chicago,2024-10-12
4427,Jennifer,Morris,Female,1985-10-26,Low Value,Minneapolis,2023-05-10
4428,Kathleen,Nelson,Female,1963-12-21,Low Value,Los Angeles,2025-06-27
4429,Larry,Wilson,Female,2004-09-10,Medium Value,Denver,2022-08-09
4430,Nicholas,Campbell,Male,1981-12-19,Medium Value,Dallas,2024-03-29
4431,Richard,Turner,Male,2004-06-04,Low Value,Denver,2025-03-28
4432,Cynthia,Cooper,Female,2006-12-16,Medium Value,New York,2023-11-10
4433,Elizabeth,Edwards,Male,1989-04-03,Medium Value,Miami,2023-09-04
4434,William,Diaz,Female,2000-02-28,Medium Value,Boston,2022-04-14
4435,Jennifer,Perez,Male,1984-09-14,Low Value,Seattle,2025-02-27
4436,Linda,Smith,Female,1975-02-21,Low Value,Dallas,2023-04-11
4437,Matthew,Gonzalez,Female,1992-12-01,Low Value,Denver,2024-10-12
4438,Nancy,Reyes,Male,1993-10-27,High Value,Miami,2024-10-16
4439,Lisa,Thompson,Female,1978-09-22,Medium Value,San Francisco,2023-02-03
4440,Christopher,King,Female,2001-04-18,High Value,Boston,2022-02-23
4441,Richard,Flores,Male,1994-05-09,Low Value,Miami,2022-08-24
4442,Kenneth,Roberts,Female,1964-11-09,Medium Value,Miami,2023-07-24
4443,Kathleen,Edwards,Male,1995-02-28,Medium Value,Denver,2023-04-14
4444,James,Cruz,Female,1956-06-22,Low Value,New York,2022-11-16
4445,Patricia,Harris,Male,1958-11-18,Medium Value,Austin,2022-02-08
4446,Emily,Mitchell,Female,1979-07-03,Medium Value,San Francisco,2024-04-04
4447,Barbara,Nelson,Male,1956-12-09,Medium Value,Los Angeles,2022-01-04
4448,Ronald,Mitchell,Male,1974-08-13,Medium Value,Minneapolis,2024-01-29
4449,George,Collins,Female,1965-12-05,Low Value,San Francisco,2024-09-09
4450,Amanda,Smith,Male,1980-09-11,High Value,San Francisco,2022-11-08
4451,Jason,White,Female,1960-05-23,Low Value,Boston,2024-05-06
4452,Mark,Reyes,Female,1967-01-11,Low Value,Los Angeles,2023-08-30
4453,Shirley,Rodriguez,Female,1993-07-05,Medium Value,San Francisco,2025-03-24
4454,Linda,Morris,Female,1960-01-14,High Value,Austin,2025-05-21
4455,Linda,Nelson,Female,1989-01-09,High Value,New York,2025-03-21
4456,Anna,Parker,Female,1996-04-04,Medium Value,San Francisco,2023-08-07
4457,Alexander,Miller,Female,1988-08-09,Medium Value,San Francisco,2022-05-22
4458,John,Rogers,Male,1995-08-18,Medium Value,Atlanta,2024-08-18
4459,Steven,Ramirez,Male,1982-06-20,Low Value,Austin,2024-03-13
4460,Cynthia,Allen,Male,1985-03-23,High Value,Los Angeles,2022-03-15
4461,Steven,Morales,Female,2005-06-19,High Value,Denver,2023-02-03
4462,Stephanie,Edwards,Male,1962-12-22,High Value,New York,2023-11-02
4463,Emily,Williams,Male,1987-03-18,Low Value,Dallas,2024-04-10
4464,Samuel,Walker,Male,1981-02-14,High Value,Denver,2023-07-25
4465,Gregory,Wilson,Male,1976-10-14,Medium Value,Miami,2025-01-08
4466,George,Wilson,Male,1985-12-03,Medium Value,Minneapolis,2025-04-03
4467,Scott,Miller,Female,1972-07-24,Medium Value,Seattle,2023-06-21
4468,Kevin,Gonzalez,Male,1991-04-20,Low Value,Seattle,2024-10-09
4469,Samantha,Lee,Male,1980-09-20,High Value,Chicago,2024-10-22
4470,Katherine,Diaz,Male,2005-09-03,Medium Value,Seattle,2022-06-15
4471,Richard,Wilson,Female,1983-08-22,Low Value,Dallas,2023-07-24
4472,Michael,Brown,Female,1974-12-17,Low Value,Minneapolis,2025-02-09
4473,Steven,Morris,Male,1984-12-22,Low Value,San Francisco,2023-10-23
4474,Robert,Robinson,Male,1956-04-03,High Value,Denver,2024-11-30
4475,Nicole,Parker,Female,1964-03-22,Low Value,Seattle,2024-08-16
4476,Brandon,Wright,Male,1990-06-28,Low Value,Atlanta,2023-01-06
4477,David,Johnson,Male,1961-07-08,Medium Value,Los Angeles,2025-06-29
4478,Gary,Stewart,Female,1956-09-11,Medium Value,San Francisco,2022-12-05
4479,Deborah,King,Female,1965-12-09,Medium Value,Seattle,2023-01-08
4480,Jessica,Thomas,Male,1973-11-28,Medium Value,Denver,2025-05-17
4481,Susan,Clark,Female,1992-09-25,Low Value,Denver,2023-05-24
4482,George,Johnson,Female,1985-04-20,Medium Value,Boston,2024-08-05
4483,Karen,Lewis,Female,1962-05-08,Low Value,Seattle,2022-07-16
4484,Pamela,Parker,Female,1973-07-06,High Value,Atlanta,2023-02-09
4485,Sharon,King,Male,1997-06-25,Low Value,Denver,2022-04-01
4486,Brandon,Nguyen,Male,1955-08-28,Medium Value,Miami,2024-11-29
4487,Eric,Cruz,Female,2000-03-19,Low Value,Los Angeles,2024-07-14
4488,Benjamin,Campbell,Male,1985-08-24,Medium Value,Los Angeles,2024-12-08
4489,Alexander,Moore,Male,1979-03-25,Low Value,Los Angeles,2022-06-19
4490,John,Rodriguez,Female,1958-06-07,Low Value,Dallas,2024-07-09
4491,Joshua,Gonzalez,Male,2006-05-15,Low Value,Boston,2024-02-17
4492,Margaret,Morales,Female,1958-04-15,Medium Value,San Francisco,2024-08-25
4493,Ashley,Cook,Female,1964-09-19,Low Value,Atlanta,2022-06-04
4494,Gregory,Roberts,Male,2004-06-15,Low Value,Minneapolis,2023-02-04
4495,Paul,Torres,Female,1974-02-06,Medium Value,Miami,2024-02-25
4496,Emma,Clark,Male,2003-05-25,Low Value,Austin,2023-07-05
4497,Jessica,Clark,Female,1986-01-15,Medium Value,New York,2024-02-10
4498,Anna,King,Male,1974-02-02,Low Value,Austin,2024-12-19
4499,Elizabeth,Carter,Male,1962-10-17,Medium Value,Minneapolis,2023-09-19
4500,Carolyn,Murphy,Female,2003-02-25,Medium Value,Chicago,2023-01-26
4501,Christine,Turner,Female,1964-06-21,Low Value,Chicago,2024-02-25
4502,Kenneth,Perez,Male,1988-09-18,Medium Value,San Francisco,2022-01-04
4503,Patricia,Ortiz,Female,1957-02-01,High Value,Boston,2025-05-05
4504,Rebecca,Brown,Male,1968-07-17,Medium Value,Chicago,2023-11-15
4505,Kimberly,Wright,Female,1966-08-05,Low Value,New York,2022-12-22
4506,Kathleen,Turner,Female,1966-09-26,Low Value,Los Angeles,2022-05-29
4507,Joshua,Robinson,Male,1985-05-23,High Value,Los Angeles,2025-04-25
4508,Kevin,Carter,Female,1985-12-26,High Value,Seattle,2025-02-11
4509,William,Ortiz,Male,2000-08-09,High Value,Boston,2022-07-07
4510,Susan,Thomas,Male,1963-07-12,Low Value,San Francisco,2023-09-26
4511,Rachel,Ramirez,Male,1959-03-03,Medium Value,Boston,2024-07-06
4512,Ashley,Moore,Male,1984-06-17,Medium Value,Atlanta,2022-06-12
4513,Patricia,Turner,Male,1966-01-28,High Value,Seattle,2023-12-06
4514,Barbara,Wilson,Female,1953-10-12,High Value,Los Angeles,2022-03-29
4515,Ryan,White,Male,2001-06-03,Medium Value,Los Angeles,2022-12-14
4516,Elizabeth,Ramirez,Male,1995-08-02,High Value,Dallas,2025-03-04
4517,Scott,Flores,Male,1953-02-28,Medium Value,Seattle,2024-03-04
4518,Robert,Reyes,Female,1984-03-16,High Value,Dallas,2023-08-02
4519,Laura,Clark,Male,1997-11-12,Medium Value,Los Angeles,2023-02-28
4520,Lisa,Turner,Female,1961-06-03,Medium Value,Chicago,2025-03-26
4521,Ashley,Jones,Female,1976-11-03,Low Value,Minneapolis,2022-07-25
4522,Nicole,Gomez,Male,1981-04-02,Low Value,San Francisco,2022-11-03
4523,Barbara,Sanchez,Female,1974-10-21,Medium Value,Miami,2023-11-23
4524,Stephanie,Lewis,Male,1995-09-12,Medium Value,Boston,2023-03-30
4525,Carolyn,Johnson,Male,1954-09-10,Medium Value,New York,2024-02-12
4526,Laura,Gutierrez,Female,1968-11-04,Medium Value,Seattle,2022-01-12
4527,Pamela,Allen,Male,2002-11-12,Medium Value,Denver,2023-08-18
4528,Linda,Gonzalez,Male,1985-02-25,Low Value,Miami,2022-02-13
4529,Timothy,Hall,Male,1959-10-17,Low Value,Atlanta,2022-01-15
4530,Gary,Hall,Male,1955-08-11,Low Value,New York,2025-03-30
4531,Jacob,Rivera,Female,2004-01-09,High Value,Austin,2024-03-12
4532,Betty,Parker,Female,1975-07-18,Low Value,Minneapolis,2025-02-16
4533,Mary,Jackson,Male,1953-05-28,Low Value,Atlanta,2022-06-14
4534,Alexander,Baker,Female,1967-05-16,Low Value,Austin,2022-07-01
4535,Joseph,Cruz,Female,1971-06-07,Low Value,New York,2024-01-15
4536,Michael,Jackson,Male,1993-10-01,Low Value,Austin,2023-12-18
4537,Jason,Allen,Female,1961-08-23,Medium Value,Dallas,2023-02-21
4538,Larry,Gutierrez,Male,1963-05-11,Low Value,Chicago,2022-08-27
4539,Jeffrey,Garcia,Female,1962-04-14,Medium Value,Chicago,2022-08-19
4540,Nancy,Thompson,Male,1976-03-11,Low Value,Denver,2023-02-19
4541,Barbara,Edwards,Female,1979-03-06,High Value,Atlanta,2025-03-25
4542,Deborah,Wright,Female,1996-01-04,Medium Value,Austin,2024-07-08
4543,Stephen,Perez,Female,1988-02-15,Low Value,Los Angeles,2023-03-09
4544,Samantha,Wilson,Female,1954-09-06,Medium Value,San Francisco,2023-12-26
4545,Timothy,Torres,Male,1977-05-24,Low Value,Austin,2024-09-09
4546,Timothy,Perez,Female,1974-01-18,Low Value,Seattle,2022-04-29
4547,Ashley,Martin,Female,1975-08-01,Medium Value,San Francisco,2022-12-16
4548,Eric,Hall,Male,1993-06-25,Medium Value,New York,2024-12-18
4549,Charles,Johnson,Female,1968-03-22,Medium Value,Minneapolis,2024-04-18
4550,Larry,Ortiz,Male,1955-06-06,Low Value,Atlanta,2025-05-23
4551,Matthew,Johnson,Female,1980-08-08,Low Value,Chicago,2025-01-13
4552,John,Wilson,Female,2000-07-21,Medium Value,Boston,2024-04-02
4553,Justin,Thomas,Male,2000-01-11,Low Value,Chicago,2022-07-27
4554,Gary,Nguyen,Female,2001-05-12,Medium Value,Minneapolis,2024-06-12
4555,Michelle,Young,Male,1985-08-26,Medium Value,Austin,2025-02-05
4556,Deborah,Evans,Female,1984-07-20,Medium Value,Denver,2024-08-03
4557,Edward,Robinson,Male,1963-12-16,High Value,Los Angeles,2023-06-26
4558,Matthew,Hernandez,Male,1989-11-02,Medium Value,Denver,2023-10-20
4559,William,Robinson,Female,1972-04-01,Medium Value,Boston,2023-04-18
4560,Stephanie,Hernandez,Female,1994-11-24,High Value,Austin,2023-12-27
4561,Jacob,Smith,Male,1963-11-09,Low Value,Dallas,2024-05-26
4562,Dorothy,Young,Male,1987-01-03,Low Value,Los Angeles,2024-12-12
4563,Matthew,Hall,Male,1996-08-23,Low Value,New York,2025-02-24
4564,Andrew,Reyes,Male,1977-03-01,Medium Value,Boston,2024-08-02
4565,Brian,Flores,Male,1960-05-27,Low Value,Denver,2024-05-05
4566,William,Gonzalez,Male,2002-07-17,Medium Value,Atlanta,2022-12-27
4567,Mary,Cooper,Male,1994-09-20,Medium Value,Seattle,2023-02-03
4568,Jacob,Cook,Female,2000-02-13,Low Value,Denver,2022-01-21
4569,William,Rogers,Female,1996-10-02,High Value,Miami,2023-08-06
4570,Brenda,Ortiz,Male,2003-03-14,Medium Value,New York,2023-06-22
4571,Margaret,Parker,Female,2006-04-03,Medium Value,Seattle,2022-07-11
4572,Karen,Sanchez,Male,1986-12-01,Medium Value,Seattle,2023-04-15
4573,Emily,Anderson,Male,1994-02-13,Medium Value,Seattle,2023-06-07
4574,Brenda,Evans,Male,1988-02-07,Low Value,Los Angeles,2024-08-30
4575,Katherine,Morales,Male,2004-12-25,High Value,Atlanta,2022-06-03
4576,George,Cook,Male,1987-04-02,High Value,Dallas,2024-03-25
4577,Ashley,Cook,Male,1972-02-24,Low Value,Boston,2024-07-20
4578,Michelle,Johnson,Female,1983-03-14,Low Value,Minneapolis,2024-12-22
4579,Ashley,Lopez,Male,1979-08-18,High Value,New York,2024-11-11
4580,Anna,Cooper,Male,1974-11-19,Low Value,Los Angeles,2022-04-29
4581,Cynthia,Gutierrez,Male,1959-05-14,Medium Value,San Francisco,2025-04-30
4582,Nicole,Gutierrez,Female,1999-03-08,High Value,Dallas,2022-12-09
4583,Richard,Hernandez,Female,1974-07-26,Low Value,Miami,2022-11-23
4584,Kathleen,Brown,Female,1957-11-19,Medium Value,Seattle,2022-03-18
4585,Karen,Smith,Male,1969-05-15,Low Value,New York,2022-11-21
4586,Thomas,Torres,Female,1988-08-10,Medium Value,Atlanta,2023-01-16
4587,Carolyn,Rodriguez,Female,1983-04-26,Low Value,Dallas,2024-07-29
4588,Matthew,Nelson,Female,1993-02-23,Medium Value,Los Angeles,2025-03-11
4589,Jacob,Nguyen,Female,1957-12-14,Medium Value,San Francisco,2023-03-26
4590,Alexander,Young,Male,1983-12-27,Medium Value,Denver,2022-06-25
4591,Mark,Baker,Female,1983-08-16,Medium Value,Minneapolis,2024-12-10
4592,Amanda,Cook,Female,1967-07-03,Low Value,Atlanta,2024-11-16
4593,Michelle,Cooper,Female,1989-03-07,Low Value,San Francisco,2024-02-12
4594,Carol,Smith,Female,1964-06-27,Medium Value,Austin,2022-05-08
4595,Samantha,Nelson,Male,2003-10-18,Low Value,Atlanta,2024-03-26
4596,Jeffrey,Evans,Male,1966-03-19,High Value,Seattle,2024-11-06
4597,Joshua,Ramirez,Male,1984-05-03,High Value,Miami,2025-06-05
4598,Angela,Carter,Male,1973-06-28,High Value,New York,2024-04-26
4599,James,Murphy,Female,1999-12-17,Low Value,Los Angeles,2023-02-28
4600,Robert,Perez,Female,1996-08-26,Medium Value,Denver,2023-01-07
4601,Deborah,Edwards,Female,1976-06-11,Medium Value,Boston,2024-02-14
4602,Mary,Murphy,Male,1995-12-25,Low Value,Chicago,2024-03-18
4603,Amy,Clark,Female,1986-12-21,High Value,Seattle,2025-03-17
4604,Timothy,Anderson,Female,1979-11-28,Low Value,New York,2023-02-01
4605,John,Perez,Female,1971-05-23,Medium Value,Denver,2024-08-06
4606,Donna,Ramirez,Male,1967-12-27,Low Value,Austin,2024-07-13
4607,Kimberly,Gomez,Female,2003-01-13,Medium Value,Atlanta,2023-01-05
4608,Shirley,Cooper,Male,1963-11-10,Low Value,San Francisco,2024-06-10
4609,Emma,Anderson,Male,1985-08-25,Medium Value,Denver,2022-03-16
4610,Matthew,Turner,Male,1967-05-17,Medium Value,Boston,2022-08-04
4611,Larry,Walker,Male,1981-10-02,High Value,Dallas,2025-05-28
4612,Donna,Ramirez,Female,1957-11-06,Low Value,New York,2023-07-17
4613,Jeffrey,Brown,Female,1955-08-06,Medium Value,Denver,2025-02-14
4614,Timothy,Clark,Male,1979-06-15,Low Value,Atlanta,2024-06-24
4615,Susan,Miller,Female,1971-02-08,Medium Value,Austin,2024-09-16
4616,Justin,Sanchez,Female,2000-03-24,Medium Value,Dallas,2025-05-16
4617,Nicole,Turner,Male,1983-06-11,Medium Value,Boston,2022-08-31
4618,Kevin,King,Female,1995-01-06,Low Value,Atlanta,2023-07-23
4619,Timothy,Edwards,Male,1978-10-09,Medium Value,New York,2024-03-06
4620,Nicholas,Gomez,Female,1991-01-17,Medium Value,Boston,2023-04-21
4621,Jessica,Cooper,Female,1997-04-11,High Value,San Francisco,2025-06-30
4622,Donna,King,Female,1982-05-06,High Value,Boston,2022-10-10
4623,Amy,Evans,Male,1957-01-20,Medium Value,Denver,2022-12-01
4624,Ryan,Green,Male,1958-10-08,High Value,San Francisco,2023-06-02
4625,Emma,Perez,Female,1988-01-08,Medium Value,Denver,2025-05-10
4626,Brenda,Mitchell,Male,1987-08-16,High Value,Boston,2024-08-19
4627,Scott,Thompson,Male,1973-07-15,Low Value,San Francisco,2024-09-06
4628,Ashley,Lopez,Female,2001-08-25,High Value,Boston,2024-04-05
4629,Shirley,Evans,Female,1957-07-08,Low Value,Los Angeles,2024-03-14
4630,Mary,Sanchez,Male,1962-12-26,High Value,Austin,2025-06-13
4631,Rebecca,Gomez,Female,1976-05-19,Medium Value,Boston,2023-10-03
4632,Steven,Baker,Male,1971-02-05,Low Value,New York,2024-02-18
4633,Elizabeth,Thompson,Male,1986-10-08,Low Value,Seattle,2022-12-01
4634,John,Rivera,Male,1968-07-11,Medium Value,Chicago,2023-12-28
4635,Scott,Garcia,Female,1955-02-20,Low Value,Dallas,2023-01-21
4636,Joshua,Johnson,Male,1970-02-11,Medium Value,Miami,2024-11-18
4637,Dorothy,Diaz,Male,1986-07-28,Low Value,New York,2022-12-24
4638,Donald,Lewis,Male,1968-06-14,Medium Value,San Francisco,2022-11-13
4639,Carol,Edwards,Female,1978-07-03,Low Value,Austin,2022-12-25
4640,Michael,Turner,Female,1971-02-01,High Value,Los Angeles,2023-09-21
4641,Ashley,White,Female,1993-07-12,Medium Value,Dallas,2024-05-26
4642,Andrew,Diaz,Female,2000-02-05,Low Value,Miami,2023-03-28
4643,Ryan,Thompson,Female,1980-05-10,High Value,Miami,2025-05-17
4644,Angela,Anderson,Male,1972-11-07,Low Value,Denver,2023-11-27
4645,Amanda,Parker,Male,1961-09-22,Low Value,Austin,2022-01-05
4646,Ashley,Cook,Male,1971-12-15,Low Value,Denver,2023-05-17
4647,Dorothy,Wright,Male,1992-02-17,Medium Value,Minneapolis,2024-02-06
4648,Debra,King,Male,1956-06-22,Low Value,Denver,2024-05-05
4649,Rebecca,Williams,Male,1995-11-21,High Value,Austin,2023-12-16
4650,Karen,Nelson,Female,1968-01-08,Medium Value,New York,2023-07-13
4651,Paul,Taylor,Female,1988-01-23,Medium Value,Denver,2022-02-04
4652,Susan,Rivera,Male,1956-08-18,Medium Value,Boston,2023-12-02
4653,Donald,Wright,Male,1993-12-25,Medium Value,Miami,2023-01-17
4654,Charles,Brown,Female,1974-11-12,Medium Value,Minneapolis,2023-12-11
4655,Charles,Cook,Female,1972-10-16,Medium Value,Denver,2023-12-08
4656,Sandra,Young,Male,1991-10-25,Medium Value,Seattle,2022-03-02
4657,Jeffrey,Cruz,Female,1986-03-26,Low Value,Atlanta,2022-01-31
4658,Lisa,Rogers,Female,1968-10-15,Medium Value,Atlanta,2022-05-26
4659,Benjamin,Gutierrez,Female,1971-07-25,Low Value,Miami,2022-02-06
4660,Sharon,Lee,Female,1995-06-22,Medium Value,Minneapolis,2024-08-15
4661,Cynthia,Gonzalez,Male,1987-11-17,Medium Value,Boston,2024-07-14
4662,Debra,Taylor,Male,1955-08-11,Low Value,Miami,2022-04-04
4663,Dorothy,Torres,Male,1966-10-01,Medium Value,Miami,2023-06-16
4664,Matthew,Perez,Female,1955-03-10,Low Value,Miami,2023-07-05
4665,Pamela,Morris,Male,1958-09-21,Low Value,San Francisco,2022-01-01
4666,Ronald,Morales,Male,1964-10-22,High Value,Miami,2024-03-19
4667,Laura,Hernandez,Male,1993-07-14,Medium Value,Miami,2024-09-17
4668,Brian,White,Male,1981-06-14,High Value,Denver,2022-02-21
4669,Mary,Smith,Male,1957-12-13,Low Value,New York,2024-12-10
4670,Larry,Garcia,Male,1956-08-10,Low Value,New York,2024-02-24
4671,Anthony,Jones,Female,1988-07-01,High Value,Seattle,2023-04-27
4672,Thomas,Hill,Male,1977-12-09,Medium Value,Seattle,2022-03-20
4673,Laura,Collins,Male,1994-04-16,Medium Value,Boston,2025-06-20
4674,Jennifer,Davis,Male,1982-03-26,High Value,San Francisco,2023-06-11
4675,Susan,Gonzalez,Male,1982-01-24,Low Value,Denver,2023-07-10
4676,Kevin,Cooper,Female,1993-06-15,Medium Value,Denver,2022-02-13
4677,Rebecca,Reyes,Male,1999-06-21,Low Value,San Francisco,2023-07-27
4678,John,Ramirez,Male,2000-08-17,Medium Value,Seattle,2024-04-03
4679,Jonathan,Smith,Male,1971-06-27,Medium Value,Los Angeles,2023-03-11
4680,Patricia,Reyes,Male,1955-01-01,Medium Value,Dallas,2024-08-17
4681,Betty,Parker,Female,2004-05-26,High Value,Minneapolis,2024-05-19
4682,Susan,Stewart,Male,2005-03-27,Medium Value,Miami,2023-01-30
4683,Barbara,Stewart,Male,2004-03-13,Low Value,Los Angeles,2022-03-01
4684,Stephen,Johnson,Female,1987-12-17,Medium Value,Minneapolis,2022-06-11
4685,Joshua,Hill,Male,1997-04-02,Low Value,Austin,2024-08-09
4686,Sarah,Cruz,Male,1959-12-13,High Value,Atlanta,2025-03-02
4687,Sharon,Diaz,Female,1967-06-05,Medium Value,New York,2024-05-06
4688,Joseph,Martinez,Female,1953-08-25,Low Value,Chicago,2024-12-29
4689,Sharon,Flores,Female,1959-05-16,Medium Value,Los Angeles,2025-05-27
4690,Matthew,Reyes,Female,1971-03-11,Medium Value,Dallas,2024-06-28
4691,Amy,Lewis,Female,1996-10-12,Medium Value,New York,2024-03-01
4692,Gregory,Morris,Male,2000-01-04,Low Value,Seattle,2022-02-04
4693,Alexander,Cruz,Male,2003-11-26,Medium Value,New York,2022-07-19
4694,Charles,Lewis,Male,1956-11-10,Low Value,Boston,2022-11-06
4695,Carolyn,Lopez,Male,1976-11-21,Low Value,San Francisco,2023-12-07
4696,Sandra,Cook,Male,2002-05-03,High Value,Austin,2025-04-02
4697,Laura,White,Male,1988-12-25,High Value,Atlanta,2024-04-16
4698,Patricia,Morgan,Male,1956-06-03,Medium Value,Miami,2023-06-23
4699,Edward,Young,Male,1973-07-17,Low Value,Chicago,2024-12-05
4700,Andrew,Morales,Male,1962-05-23,High Value,Seattle,2024-05-19
4701,Donna,Walker,Female,1954-10-14,Medium Value,Seattle,2022-09-25
4702,Shirley,Walker,Female,1999-05-17,High Value,Boston,2022-12-19
4703,Alexander,Perez,Female,1988-12-19,Medium Value,Chicago,2023-12-15
4704,Sarah,Cruz,Female,1983-04-08,Low Value,New York,2023-01-19
4705,Ronald,Phillips,Female,1967-05-01,Low Value,Seattle,2025-06-29
4706,Kimberly,Reyes,Female,1980-06-23,Low Value,Dallas,2022-09-22
4707,Eric,Nelson,Female,2001-02-14,High Value,San Francisco,2024-09-03
4708,Deborah,Jackson,Male,1993-09-10,Medium Value,Denver,2024-07-19
4709,James,Williams,Female,1975-08-09,Medium Value,Miami,2024-12-14
4710,Michelle,Morgan,Female,1982-09-10,Medium Value,New York,2023-05-27
4711,Kathleen,Morgan,Male,2002-04-07,Low Value,Denver,2025-01-12
4712,Steven,Campbell,Male,1961-05-27,Medium Value,Atlanta,2024-03-03
4713,Ashley,Flores,Female,1959-08-14,Low Value,Minneapolis,2023-09-30
4714,Susan,Wilson,Male,1955-11-04,Low Value,Seattle,2024-08-05
4715,Benjamin,Perez,Male,2006-10-17,Medium Value,Miami,2023-10-04
4716,Alexander,Gonzalez,Male,1961-08-16,High Value,New York,2024-06-25
4717,Stephanie,Cook,Female,1974-04-27,High Value,San Francisco,2025-04-24
4718,Gary,Allen,Female,1953-09-01,Medium Value,Miami,2025-01-06
4719,Rebecca,King,Male,2005-02-20,Low Value,San Francisco,2023-10-30
4720,Frank,Young,Male,1982-07-09,High Value,Denver,2024-05-01
4721,Shirley,Johnson,Male,1963-04-18,Medium Value,Austin,2023-01-01
4722,Stephen,Johnson,Male,1976-10-18,Low Value,Chicago,2022-09-04
4723,James,Young,Male,1953-01-11,Medium Value,Los Angeles,2022-11-11
4724,Benjamin,Lee,Female,2003-12-21,High Value,Miami,2023-01-26
4725,Jason,Perez,Male,1963-04-28,Medium Value,Minneapolis,2024-02-15
4726,George,Wright,Male,1957-06-28,High Value,Minneapolis,2025-03-30
4727,Alexander,Taylor,Male,1982-12-05,Low Value,San Francisco,2025-05-02
4728,Gregory,Evans,Male,1966-06-18,Medium Value,Los Angeles,2022-12-10
4729,Samuel,Wright,Female,1992-06-12,High Value,San Francisco,2025-06-02
4730,Donald,Campbell,Male,1976-09-17,Medium Value,Denver,2022-11-01
4731,Rebecca,Ramirez,Female,1994-09-27,High Value,San Francisco,2024-06-09
4732,Carol,Morales,Female,1976-04-01,Low Value,Minneapolis,2025-04-17
4733,Alexander,Hill,Male,1957-07-15,Medium Value,San Francisco,2022-11-18
4734,Emily,Nelson,Male,1969-09-03,Medium Value,New York,2025-06-15
4735,Angela,Scott,Male,1974-09-10,Low Value,Atlanta,2023-07-08
4736,Pamela,Thompson,Male,1979-03-18,Low Value,Atlanta,2023-12-11
4737,Gregory,White,Female,1954-01-18,Low Value,Miami,2023-12-30
4738,Andrew,Clark,Female,2001-11-22,Medium Value,Denver,2022-10-28
4739,Brian,Mitchell,Female,1993-07-17,Low Value,Chicago,2025-01-25
4740,James,Wilson,Male,1974-12-21,High Value,Atlanta,2023-03-09
4741,Donna,Torres,Male,2003-08-22,High Value,Chicago,2023-12-08
4742,Christine,Edwards,Female,1961-05-23,Low Value,Seattle,2022-04-14
4743,Frank,Morales,Female,1963-05-18,Medium Value,Boston,2024-07-27
4744,Rachel,Morgan,Male,1966-06-15,Low Value,Dallas,2025-05-20
4745,Robert,Turner,Male,1968-05-21,Medium Value,Boston,2022-06-14
4746,Jennifer,Martin,Male,1963-04-01,Low Value,Denver,2025-02-28
4747,Margaret,Parker,Male,1988-11-25,Low Value,Dallas,2024-09-10
4748,Melissa,Hall,Female,1961-06-17,Medium Value,Austin,2024-02-26
4749,Stephanie,Wright,Female,1985-08-17,Low Value,Dallas,2023-09-27
4750,Mark,Garcia,Male,1956-01-06,Medium Value,Denver,2024-04-09
4751,Donald,Torres,Male,1981-10-17,High Value,Denver,2023-06-28
4752,Andrew,Collins,Female,1953-05-27,Low Value,New York,2023-09-30
4753,Margaret,Sanchez,Female,1983-01-14,Low Value,San Francisco,2022-08-05
4754,Samuel,Thomas,Female,1965-09-21,Low Value,Boston,2024-01-16
4755,Christopher,Thompson,Female,1989-09-04,Medium Value,Miami,2022-11-07
4756,Dorothy,Lopez,Female,1958-09-01,Low Value,New York,2024-02-12
4757,Matthew,Carter,Female,1956-05-18,Low Value,San Francisco,2025-04-29
4758,Richard,King,Female,1967-11-14,Low Value,San Francisco,2024-08-21
4759,Amy,Roberts,Female,1997-09-18,Medium Value,San Francisco,2024-11-01
4760,Carolyn,Ortiz,Male,1995-08-26,Medium Value,Boston,2023-10-10
4761,Matthew,Hernandez,Female,2003-10-14,Medium Value,Miami,2022-05-18
4762,Katherine,Brown,Male,1973-04-22,High Value,New York,2024-05-09
4763,Joshua,Davis,Female,1961-11-26,Low Value,Atlanta,2023-09-11
4764,Jason,Adams,Female,1976-10-28,Low Value,New York,2024-05-01
4765,Eric,Walker,Female,1981-04-04,Low Value,Atlanta,2023-05-11
4766,Nancy,Walker,Male,2001-12-09,Medium Value,Denver,2022-12-20
4767,Lisa,Torres,Male,1975-06-27,High Value,Boston,2022-07-28
4768,Paul,Clark,Female,1974-02-26,Medium Value,Seattle,2024-11-19
4769,Carolyn,Davis,Female,1962-04-04,Medium Value,Boston,2022-03-10
4770,Timothy,Smith,Male,2002-11-28,Medium Value,Boston,2023-08-31
4771,James,White,Female,1994-12-13,Medium Value,Los Angeles,2024-01-21
4772,Katherine,Thompson,Female,1990-09-22,High Value,Boston,2022-12-17
4773,Paul,Robinson,Male,1975-02-16,Low Value,Dallas,2024-02-20
4774,Gregory,Flores,Female,1987-06-06,High Value,Austin,2022-10-18
4775,Andrew,Stewart,Female,1962-03-09,Low Value,Chicago,2024-01-08
4776,Rebecca,Martinez,Male,1960-04-20,High Value,Chicago,2024-01-19
4777,Jacob,Campbell,Male,1993-03-07,High Value,Seattle,2024-10-04
4778,Mark,Nelson,Male,1976-06-13,Medium Value,Los Angeles,2025-04-23
4779,Brenda,King,Male,1966-10-19,Medium Value,Boston,2024-03-08
4780,George,Morales,Female,1998-04-27,Low Value,Los Angeles,2022-01-07
4781,Rebecca,Roberts,Male,1953-10-22,High Value,Seattle,2023-05-31
4782,Susan,Collins,Male,2004-06-01,Medium Value,Denver,2024-03-13
4783,Samuel,Gomez,Male,1973-09-13,Medium Value,San Francisco,2022-09-30
4784,Jennifer,Allen,Male,1968-01-02,Medium Value,Austin,2022-05-12
4785,Larry,Stewart,Female,2006-02-24,Medium Value,Los Angeles,2023-05-11
4786,Joshua,Jackson,Male,2006-01-27,Medium Value,Dallas,2022-08-11
4787,Stephen,Evans,Male,1996-02-09,Low Value,Chicago,2022-09-27
4788,Sarah,Jackson,Female,1969-12-20,High Value,Dallas,2023-05-07
4789,Carolyn,Davis,Male,1953-01-04,High Value,Los Angeles,2024-12-14
4790,Kimberly,Walker,Male,1974-01-21,Low Value,San Francisco,2025-03-07
4791,Sandra,Lee,Female,1991-06-13,Low Value,New York,2024-09-19
4792,Carolyn,Gutierrez,Female,1970-07-24,Low Value,Boston,2023-08-09
4793,Ryan,Campbell,Female,1966-07-03,High Value,Seattle,2023-01-23
4794,Ronald,Young,Male,1968-07-02,Medium Value,Dallas,2023-01-20
4795,Jason,Stewart,Female,2006-12-06,High Value,Austin,2023-02-10
4796,Carol,Cooper,Female,1989-08-23,Low Value,Boston,2023-02-05
4797,Matthew,Cook,Female,1962-02-09,High Value,Austin,2022-11-24
4798,Betty,Gutierrez,Male,1999-02-07,Low Value,Atlanta,2023-10-29
4799,Scott,Brown,Female,1977-03-16,High Value,Miami,2025-04-04
4800,Rachel,Gonzalez,Male,1970-05-03,Medium Value,Dallas,2022-11-25
4801,Deborah,Roberts,Female,1981-11-01,Low Value,Atlanta,2025-03-07
4802,Robert,Scott,Female,1979-03-23,Low Value,San Francisco,2023-02-07
4803,Melissa,Sanchez,Male,1974-09-27,Low Value,Minneapolis,2023-04-25
4804,Samantha,Hernandez,Female,1999-10-01,Medium Value,Denver,2022-03-08
4805,Brenda,Morris,Female,1976-10-12,Medium Value,Chicago,2023-01-15
4806,Mark,White,Male,2000-12-22,High Value,Los Angeles,2024-09-14
4807,Brenda,Parker,Male,1991-05-17,Medium Value,Seattle,2024-07-23
4808,Nancy,Gonzalez,Female,1970-09-08,Medium Value,Minneapolis,2024-02-19
4809,Pamela,Moore,Female,1995-03-15,High Value,Miami,2022-12-20
4810,Katherine,King,Female,1993-02-26,Low Value,New York,2022-05-08
4811,Edward,Thompson,Female,1994-05-03,Medium Value,Dallas,2024-04-15
4812,Samuel,King,Male,1956-12-11,Medium Value,San Francisco,2024-09-17
4813,Nancy,Torres,Female,2006-06-25,Low Value,Los Angeles,2022-11-16
4814,Sarah,Evans,Male,1993-02-10,Medium Value,Los Angeles,2022-05-01
4815,Amy,Martinez,Male,1975-03-27,Medium Value,Minneapolis,2022-09-03
4816,Jonathan,Young,Female,1994-01-20,Medium Value,Minneapolis,2022-06-09
4817,Christopher,Phillips,Female,1970-10-15,Medium Value,Seattle,2024-08-07
4818,Donna,Torres,Female,1963-09-14,Low Value,Miami,2023-04-22
4819,Ryan,Ortiz,Male,1958-12-02,High Value,Minneapolis,2022-03-17
4820,Shirley,Johnson,Female,1976-07-20,Medium Value,Miami,2022-09-21
4821,Michelle,Williams,Female,1954-05-09,High Value,San Francisco,2022-04-22
4822,Jeffrey,Perez,Male,1997-04-23,Low Value,New York,2023-08-24
4823,Andrew,Clark,Male,1954-12-14,High Value,Seattle,2023-06-27
4824,Jennifer,Scott,Female,1996-04-03,Low Value,Chicago,2024-01-29
4825,Eric,Rogers,Female,1982-09-11,Medium Value,Chicago,2022-02-01
4826,Samuel,Anderson,Female,1970-02-09,Medium Value,Atlanta,2022-05-28
4827,Jessica,Wright,Female,1999-03-15,High Value,Boston,2022-11-16
4828,Joseph,Wilson,Female,1974-02-04,Low Value,New York,2024-06-08
4829,Steven,Clark,Male,2001-06-20,Medium Value,Los Angeles,2022-03-15
4830,Carol,Johnson,Female,1993-05-23,Medium Value,Boston,2023-10-13
4831,Kathleen,Sanchez,Male,1984-02-06,High Value,Dallas,2022-10-25
4832,Carol,Thompson,Female,1972-01-18,Medium Value,Atlanta,2022-03-12
4833,Kenneth,Robinson,Male,2005-04-14,High Value,Chicago,2022-01-31
4834,Elizabeth,Gonzalez,Male,2002-12-27,Low Value,Seattle,2022-02-22
4835,Nancy,Edwards,Male,1998-02-26,High Value,San Francisco,2023-01-14
4836,Elizabeth,Nelson,Female,1998-10-28,Low Value,Seattle,2023-12-30
4837,Jennifer,Martin,Female,1978-07-09,High Value,Miami,2023-05-13
4838,Laura,Scott,Female,1988-02-03,Medium Value,Chicago,2022-12-17
4839,Charles,Wright,Female,1965-01-24,Medium Value,Austin,2024-10-16
4840,Ryan,Collins,Female,1985-02-01,High Value,Boston,2022-10-03
4841,Katherine,Rivera,Male,1958-12-23,Medium Value,Los Angeles,2022-07-18
4842,Linda,White,Male,1995-04-26,Medium Value,Austin,2024-03-04
4843,Karen,Adams,Female,1999-02-22,Medium Value,Dallas,2024-04-01
4844,Nicole,Diaz,Female,2002-02-03,Medium Value,Chicago,2022-01-04
4845,Gregory,Morris,Male,1978-08-07,High Value,Austin,2024-12-18
4846,Margaret,Hall,Male,1955-07-13,Medium Value,Minneapolis,2024-10-07
4847,Melissa,Williams,Female,1986-11-01,High Value,Miami,2022-04-10
4848,Jennifer,Turner,Male,1993-10-06,High Value,Denver,2025-04-24
4849,Deborah,Parker,Female,1971-05-26,Medium Value,New York,2023-08-13
4850,Margaret,Turner,Female,1957-07-02,High Value,Denver,2023-01-04
4851,Jeffrey,Phillips,Male,1958-10-04,Medium Value,Miami,2023-09-28
4852,Kathleen,Gutierrez,Female,1969-10-01,High Value,Los Angeles,2022-07-11
4853,Jessica,Morris,Male,1980-08-11,High Value,Denver,2022-03-25
4854,Samuel,Sanchez,Female,2000-02-11,Medium Value,Boston,2022-09-28
4855,Jonathan,Young,Male,2005-09-13,Low Value,Chicago,2025-04-09
4856,Brenda,Diaz,Female,1981-06-13,Low Value,Boston,2023-02-21
4857,Kenneth,Young,Male,1969-11-23,Medium Value,Boston,2025-05-10
4858,Nancy,Davis,Male,1982-09-02,High Value,Minneapolis,2024-10-05
4859,James,Young,Male,1993-03-26,Medium Value,Chicago,2023-05-06
4860,Mary,Brown,Female,1989-08-12,Low Value,Boston,2024-12-31
4861,Rebecca,Hernandez,Female,1989-01-16,Medium Value,Austin,2023-06-29
4862,Nicole,Torres,Male,2000-11-23,Low Value,Austin,2024-06-08
4863,Dorothy,Cruz,Male,1961-07-04,Medium Value,Chicago,2022-03-19
4864,Eric,Hill,Male,2003-07-12,Medium Value,Minneapolis,2022-10-19
4865,Stephanie,Cooper,Female,1985-07-09,Medium Value,San Francisco,2023-03-21
4866,Emily,Rivera,Female,1965-10-03,High Value,Atlanta,2023-04-23
4867,David,Hill,Female,1972-05-08,Low Value,Minneapolis,2023-04-05
4868,Timothy,Jones,Male,1992-01-17,Medium Value,Denver,2023-04-02
4869,Jeffrey,Gomez,Female,2001-04-04,Low Value,Atlanta,2023-06-07
4870,Christopher,Torres,Male,1990-03-21,Medium Value,Boston,2023-12-02
4871,Gregory,Hernandez,Female,1973-02-26,High Value,Dallas,2024-05-23
4872,Jennifer,Lopez,Female,1954-07-14,Medium Value,Denver,2025-06-27
4873,Thomas,Mitchell,Female,1979-06-18,Low Value,Dallas,2023-03-24
4874,Benjamin,Hill,Male,1999-05-21,High Value,Denver,2023-04-22
4875,Shirley,Sanchez,Male,2000-05-13,Low Value,Austin,2022-02-16
4876,Anna,Ortiz,Female,1978-01-05,Low Value,San Francisco,2023-11-09
4877,Elizabeth,Hall,Male,1995-04-01,High Value,Boston,2025-05-15
4878,Donna,Ortiz,Male,1997-08-17,Low Value,Austin,2022-06-05
4879,Donald,Scott,Male,2004-06-03,Low Value,Dallas,2022-11-02
4880,Brian,Wright,Female,2001-02-17,Medium Value,Los Angeles,2024-10-13
4881,Michelle,Jackson,Female,1975-01-15,Medium Value,Seattle,2022-09-30
4882,Alexander,Davis,Female,1994-12-26,Medium Value,Chicago,2024-05-26
4883,James,Jones,Female,2002-06-07,Medium Value,Minneapolis,2024-02-25
4884,Cynthia,Clark,Female,1966-07-03,Medium Value,Seattle,2023-06-03
4885,Barbara,Parker,Female,2000-04-05,Medium Value,San Francisco,2024-05-01
4886,Carolyn,King,Male,1994-04-14,Medium Value,Seattle,2022-06-03
4887,Rachel,Campbell,Female,2000-08-16,High Value,Los Angeles,2024-03-03
4888,Patricia,Hernandez,Female,1984-11-09,Medium Value,New York,2023-09-20
4889,Nicole,Martin,Male,1973-07-22,Low Value,Atlanta,2023-11-07
4890,Thomas,Edwards,Female,1986-04-21,Medium Value,Atlanta,2024-09-07
4891,Mark,Hill,Male,1983-02-10,High Value,Denver,2023-01-31
4892,Thomas,Morgan,Male,1994-03-14,Low Value,Denver,2024-06-02
4893,Debra,Carter,Male,1983-06-13,Medium Value,Dallas,2023-05-31
4894,Sandra,Flores,Male,1990-11-17,Medium Value,San Francisco,2024-07-08
4895,Rebecca,Hill,Male,1993-03-06,High Value,Miami,2025-03-30
4896,Kimberly,Murphy,Female,1978-06-17,Low Value,Minneapolis,2025-06-03
4897,William,Reyes,Male,1977-12-28,High Value,San Francisco,2024-07-02
4898,Charles,Gutierrez,Female,1981-02-28,Low Value,Denver,2024-11-26
4899,Mark,Brown,Female,1961-10-20,Low Value,Minneapolis,2023-05-07
4900,Emily,Davis,Male,1962-10-25,Low Value,Seattle,2025-01-01
4901,Angela,Ortiz,Female,1977-12-24,Low Value,Miami,2025-02-16
4902,Rebecca,Sanchez,Female,2006-05-22,Medium Value,Dallas,2023-09-22
4903,Brian,Edwards,Male,1988-08-07,Low Value,Boston,2025-01-04
4904,Rebecca,Lee,Male,1957-12-16,Medium Value,Los Angeles,2024-08-28
4905,Betty,Rodriguez,Female,1971-01-23,Low Value,Miami,2022-06-04
4906,Jason,Turner,Female,2002-12-04,High Value,Austin,2024-03-24
4907,Amy,Gomez,Female,1964-12-03,High Value,Atlanta,2023-10-02
4908,Thomas,Allen,Male,1984-07-21,Medium Value,Atlanta,2022-03-28
4909,Jeffrey,Lopez,Female,1993-05-17,Medium Value,Miami,2024-07-31
4910,Frank,Thompson,Female,1965-06-05,Medium Value,San Francisco,2022-02-23
4911,Mark,Cruz,Male,1968-05-11,High Value,Seattle,2023-08-09
4912,William,Hall,Male,1973-09-06,Low Value,Dallas,2025-02-15
4913,Jeffrey,Lopez,Male,2003-10-01,Low Value,Boston,2024-06-09
4914,Joseph,Clark,Male,1959-07-28,Medium Value,Seattle,2025-02-07
4915,Christopher,Hall,Female,1973-01-28,Low Value,Los Angeles,2023-05-17
4916,Barbara,Jones,Male,1959-03-11,Low Value,Seattle,2024-07-12
4917,Donna,Rivera,Male,1989-08-16,Medium Value,Chicago,2024-09-10
4918,Deborah,Sanchez,Male,1964-01-03,Low Value,Seattle,2023-03-20
4919,Ronald,Stewart,Male,1992-09-17,Low Value,Miami,2023-04-17
4920,Benjamin,Hill,Female,1995-05-24,Low Value,Seattle,2024-11-05
4921,Matthew,Taylor,Female,2003-07-28,Low Value,Boston,2025-03-02
4922,Emily,Moore,Male,1990-05-05,Low Value,San Francisco,2022-10-15
4923,Paul,Edwards,Male,1969-04-21,Medium Value,Miami,2024-06-01
4924,Linda,Clark,Male,1985-08-05,High Value,New York,2022-02-07
4925,Nicole,Garcia,Male,1959-06-01,Low Value,Miami,2024-01-23
4926,Jason,Hernandez,Female,1980-09-25,Low Value,Chicago,2024-03-06
4927,Michelle,Brown,Male,1953-06-22,Medium Value,Minneapolis,2024-05-10
4928,Jessica,Scott,Male,1966-04-14,Low Value,Chicago,2024-10-07
4929,Jessica,Hall,Male,1970-10-11,Low Value,San Francisco,2025-06-30
4930,Scott,Wilson,Female,1991-07-27,Low Value,San Francisco,2022-04-07
4931,Donna,Rodriguez,Female,1984-11-14,Low Value,Denver,2025-03-11
4932,Pamela,Hill,Female,1987-11-07,High Value,Austin,2025-03-13
4933,Sharon,Gutierrez,Male,1953-02-25,Medium Value,New York,2023-03-20
4934,Donna,Clark,Female,1991-05-12,Low Value,Miami,2023-02-05
4935,Anthony,Taylor,Female,1956-01-28,Medium Value,San Francisco,2022-08-27
4936,Melissa,Lewis,Male,1964-06-14,High Value,Minneapolis,2023-09-24
4937,Joshua,Murphy,Male,1955-05-14,Medium Value,Seattle,2023-11-08
4938,Rachel,Phillips,Male,1989-12-07,Low Value,Dallas,2022-03-06
4939,Alexander,Nguyen,Female,1959-02-21,Medium Value,San Francisco,2023-02-12
4940,Angela,Martinez,Male,1997-07-27,Medium Value,Austin,2022-02-24
4941,Karen,Martinez,Female,1985-06-22,Low Value,Atlanta,2024-02-15
4942,Frank,Harris,Female,1991-05-05,High Value,San Francisco,2024-11-20
4943,Carol,Cooper,Male,2006-11-11,Medium Value,Boston,2023-02-14
4944,Matthew,Morris,Male,1954-04-15,Medium Value,Boston,2022-06-19
4945,Larry,Flores,Female,1986-06-07,High Value,Minneapolis,2023-06-01
4946,Matthew,Allen,Male,1954-12-19,Low Value,Denver,2022-08-29
4947,Elizabeth,Gonzalez,Male,1968-12-28,Medium Value,Minneapolis,2024-10-09
4948,Angela,Rivera,Female,1972-12-22,Low Value,New York,2022-10-04
4949,Mary,Torres,Male,1996-06-06,Medium Value,Denver,2023-05-25
4950,George,Parker,Female,1958-05-09,Low Value,New York,2025-03-01
4951,Brandon,Harris,Male,1995-03-04,High Value,Denver,2023-06-08
4952,Joseph,Gonzalez,Male,1972-09-08,Medium Value,Dallas,2022-03-19
4953,Alexander,Evans,Male,2005-02-05,Medium Value,New York,2024-04-25
4954,Carolyn,Davis,Male,1953-02-03,Low Value,Dallas,2023-03-26
4955,Ryan,Carter,Female,1974-06-21,Low Value,Austin,2023-05-19
4956,Stephanie,Cook,Male,1972-02-10,Medium Value,Los Angeles,2024-03-16
4957,Gary,King,Male,1995-10-21,Medium Value,Chicago,2023-02-14
4958,Amanda,Mitchell,Male,1953-10-25,Low Value,Minneapolis,2022-11-28
4959,Ronald,Martin,Male,1974-08-16,High Value,Dallas,2024-10-24
4960,Michael,Mitchell,Male,1990-02-12,Medium Value,Minneapolis,2025-03-18
4961,Deborah,Baker,Male,1974-02-18,Medium Value,Seattle,2024-01-24
4962,Benjamin,Green,Male,1961-03-04,Medium Value,Boston,2025-02-03
4963,Samuel,Perez,Female,1989-09-02,High Value,Miami,2022-11-14
4964,Daniel,Roberts,Female,1973-02-21,Medium Value,Miami,2023-06-23
4965,Gary,Gutierrez,Female,2001-02-08,Medium Value,New York,2024-02-17
4966,Margaret,Davis,Male,1961-05-28,Medium Value,New York,2022-02-01
4967,Jason,Hill,Female,2006-05-06,Medium Value,New York,2024-08-10
4968,Deborah,Nelson,Male,1995-10-05,High Value,Minneapolis,2024-09-06
4969,Jason,Miller,Male,2000-05-19,Medium Value,Boston,2024-08-26
4970,Carolyn,White,Female,1975-07-22,Medium Value,San Francisco,2023-09-19
4971,Cynthia,Parker,Male,2003-05-20,Medium Value,San Francisco,2022-12-10
4972,Margaret,Evans,Male,1985-01-02,High Value,Boston,2022-08-06
4973,Michael,Rivera,Female,1993-03-05,High Value,Chicago,2022-10-22
4974,Mary,Torres,Female,1962-03-23,Low Value,Denver,2023-04-03
4975,Anthony,Hernandez,Male,2004-05-08,High Value,Los Angeles,2022-06-02
4976,Michelle,Flores,Female,1979-10-16,Medium Value,Chicago,2022-08-18
4977,William,Anderson,Female,1960-06-16,Low Value,Atlanta,2022-09-20
4978,Kathleen,Thomas,Male,1973-11-12,Medium Value,Atlanta,2023-01-08
4979,Daniel,Hill,Female,1974-09-18,Low Value,Minneapolis,2024-02-10
4980,William,Scott,Female,1982-11-18,Medium Value,Boston,2022-02-22
4981,Benjamin,Rodriguez,Female,1957-08-17,Low Value,Seattle,2023-07-26
4982,Kimberly,Rogers,Female,1991-05-06,Medium Value,Seattle,2023-04-19
4983,Stephanie,Diaz,Female,1956-05-10,Low Value,Atlanta,2024-07-28
4984,Edward,Rodriguez,Male,1986-03-24,Low Value,Boston,2023-03-28
4985,Nicole,Turner,Female,1981-09-24,Medium Value,Seattle,2022-09-14
4986,Samuel,Wilson,Male,1993-09-27,High Value,Atlanta,2024-04-30
4987,Margaret,Nelson,Male,1970-11-25,Medium Value,Miami,2024-06-16
4988,Ryan,Davis,Male,1983-08-21,Low Value,Chicago,2024-02-04
4989,Elizabeth,Morales,Male,1965-02-25,High Value,Seattle,2024-08-22
4990,Susan,White,Male,1989-11-18,Medium Value,Denver,2022-09-18
4991,Samuel,Lee,Female,1973-02-16,Medium Value,Boston,2024-12-25
4992,Michelle,Martin,Female,2001-12-09,Medium Value,Los Angeles,2022-11-13
4993,Patricia,White,Male,1961-01-09,High Value,New York,2023-08-23
4994,Christopher,Carter,Female,1974-03-23,Low Value,Chicago,2022-08-07
4995,Michael,Evans,Female,1981-04-15,Medium Value,Dallas,2022-04-23
4996,Pamela,Baker,Male,1977-12-27,Medium Value,San Francisco,2023-01-03
4997,Brian,Garcia,Female,1978-10-13,High Value,Miami,2023-11-19
4998,Debra,Hall,Female,1961-04-13,Medium Value,Seattle,2023-06-26
4999,Robert,Perez,Male,1955-09-19,Medium Value,Austin,2022-03-11
5000,Charles,Young,Female,1964-02-27,High Value,Denver,2024-08-12
